CVE-ID,MITRE Assign Date,Patch Date,Exploit Date,ZDI Published Date,CVE Description,ZDI Description,Severity Score,In ZDI,Zero Day Exploit,CWE ID,Num of CPE,Num of Refs,Refs,0,1,2,3,4,5,6,7,8,9,10,11,12,13,14,15,16,17,18,19,20,21,22,23,24,25,26,27,28,29,30,cvss_accessVector,cvss_accessComplexity,cvss_authentication,cvss_confidentialityImpact,cvss_integrityImpact,cvss_availabilityImpact,cvss_baseScore,cvss_severity,cvss_exploitabilityScore,cvss_impactScore,cvss_obtainAllPrivilege,cvss_obtainUserPrivilege,cvss_obtainOtherPrivilege,cvss_userInteractionRequired
cve-2015-0272,2014-11-18,2016-09-09 00:00:00,,,gnome networkmanag allow remot attack caus denial servic ipv6 traffic disrupt via craft mtu valu ipv6 router advertis RA messag differ vulner cve-2015-8215,,0.0,False,False,86,25,12,BID CONFIRM CONFIRM SUSE SUSE SUSE SUSE SUSE UBUNTU SUSE SUSE ,0.0,0.0,0.0,0.0,0.0,0.0,0.0,0.0,0.0,0.0,0.0,0.0,0.0,0.0,0.0,0.0,0.0,0.0,0.0,0.0,0.0,0.0,0.0,0.0,0.0,0.0,0.0,0.0,0.0,0.0,1.0,NETWORK,LOW,NONE,NONE,NONE,PARTIAL,5.0,MEDIUM,10.0,2.9,False,False,False,False
cve-2015-0285,2014-11-18,2018-11-29 00:00:00,,,the ssl3_client_hello function s3_clnt.c openssl 1.2 1.2a ensur prng seed proceed handshak make easier remot attack defeat cryptograph protect mechan snif network conduct brute-forc attack,,0.0,False,False,30,4,17,CONFIRM CONFIRM CONFIRM SECTRACK CONFIRM CONFIRM CONFIRM CONFIRM HP HP HP CONFIRM BID CONFIRM GENTOO CONFIRM ,0.0,0.0,0.0,0.0,0.0,0.0,0.0,0.0,0.0,0.0,0.0,0.0,0.0,1.0,0.0,0.0,0.0,0.0,0.0,0.0,0.0,0.0,0.0,0.0,0.0,0.0,0.0,0.0,0.0,0.0,0.0,NETWORK,MEDIUM,NONE,PARTIAL,NONE,NONE,4.3,MEDIUM,8.6,2.9,False,False,False,False
cve-2015-0345,2014-12-01,2015-04-15 00:00:00,,,cross-sit script xss vulner adob coldfus 10 updat 16 11 updat 5 allow remot attack inject arbitrari web script html via unspecifi vector,,0.0,False,False,75,2,2,,0.0,0.0,0.0,0.0,0.0,0.0,0.0,0.0,0.0,0.0,0.0,0.0,0.0,0.0,0.0,0.0,0.0,0.0,0.0,0.0,0.0,0.0,0.0,0.0,0.0,0.0,1.0,0.0,0.0,0.0,0.0,NETWORK,MEDIUM,NONE,NONE,PARTIAL,NONE,4.3,MEDIUM,8.6,2.9,False,False,False,True
cve-2015-0353,2014-12-01,2015-04-15 00:00:00,,,adob flash player 13.0.281 14.x 17.x 17.0.169 window OS X 11.2.202.457 linux allow attack execut arbitrari code caus denial servic memori corrupt via unspecifi vector differ vulner cve-2015-0347 cve-2015-0350 cve-2015-0352 cve-2015-0354 cve-2015-0355 cve-2015-0360 cve-2015-3038 cve-2015-3041 cve-2015-3042 cve-2015-3043,,0.0,False,False,86,31,9,SUSE REDHAT SUSE SUSE ,0.0,0.0,0.0,0.0,0.0,0.0,0.0,0.0,0.0,0.0,0.0,0.0,0.0,0.0,0.0,0.0,0.0,0.0,0.0,0.0,0.0,0.0,0.0,0.0,0.0,0.0,0.0,0.0,0.0,0.0,1.0,NETWORK,LOW,NONE,COMPLETE,COMPLETE,COMPLETE,10.0,HIGH,10.0,10.0,False,False,False,False
cve-2015-1319,2015-01-22,2015-09-21 00:00:00,,,the uniti set daemon 14.04.0+14.04.20150825-0ubuntu2 15.04.x 15.04.1+15.04.20150408-0ubuntu1.2 properli detect screen lock allow physic proxim attack mount remov media screen lock demonstr insert usb thumb drive,,0.0,False,False,16,2,2,CONFIRM ,0.0,0.0,0.0,0.0,0.0,1.0,0.0,0.0,0.0,0.0,0.0,0.0,0.0,0.0,0.0,0.0,0.0,0.0,0.0,0.0,0.0,0.0,0.0,0.0,0.0,0.0,0.0,0.0,0.0,0.0,0.0,LOCAL,LOW,NONE,NONE,PARTIAL,NONE,2.1,LOW,3.9,2.9,False,False,False,False
cve-2015-1436,2015-01-31,2015-02-17 00:00:00,,,cross-sit script xss vulner eas slider plugin 2.2.0.7 wordpress allow remot attack inject arbitrari web script html via edit paramet 1 easingslider_manage_custom 2 easingslider_edit_slid page wp-admin/admin.php,,0.0,False,False,75,1,6,XF BUGTRAQ ,0.0,0.0,0.0,0.0,0.0,0.0,0.0,0.0,0.0,0.0,0.0,0.0,0.0,0.0,0.0,0.0,0.0,0.0,0.0,0.0,0.0,0.0,0.0,0.0,0.0,0.0,1.0,0.0,0.0,0.0,0.0,NETWORK,MEDIUM,NONE,NONE,PARTIAL,NONE,4.3,MEDIUM,8.6,2.9,False,False,False,True
cve-2015-1500,2015-02-05,2015-02-17 00:00:00,,2015-02-10,multipl stack-bas buffer overflow tsunicodegrapheditorcontrol solarwind server applic monitor sam allow remot attack execut arbitrari code via unspecifi vector 1 graphmanager.load 2 factory.load,thi vulner allow remot attack execut arbitrari code vulner instal solarwind server applic monitor user interact requir exploit vulner target must visit malici page open malici file.th specif flaw exist within 'graphmanag object 's load method the issu lie failur valid size attacker-suppli input copi fixed-s buffer stack An attack leverag vulner execut code context current process,7.5,True,False,2,1,2,,1.0,0.0,0.0,0.0,0.0,0.0,0.0,0.0,0.0,0.0,0.0,0.0,0.0,0.0,0.0,0.0,0.0,0.0,0.0,0.0,0.0,0.0,0.0,0.0,0.0,0.0,0.0,0.0,0.0,0.0,0.0,NETWORK,MEDIUM,NONE,PARTIAL,PARTIAL,PARTIAL,6.8,MEDIUM,8.6,6.4,False,False,False,True
cve-2015-1838,2015-02-17,2017-04-19 00:00:00,,,modules/serverdensity_device.pi saltstack 2014.7.4 properli handl file /tmp,,0.0,False,False,11,2,4,CONFIRM FEDORA ,0.0,0.0,0.0,1.0,0.0,0.0,0.0,0.0,0.0,0.0,0.0,0.0,0.0,0.0,0.0,0.0,0.0,0.0,0.0,0.0,0.0,0.0,0.0,0.0,0.0,0.0,0.0,0.0,0.0,0.0,0.0,LOCAL,LOW,NONE,PARTIAL,PARTIAL,PARTIAL,4.6,MEDIUM,3.9,6.4,False,False,False,False
cve-2015-1839,2015-02-17,2017-04-19 00:00:00,,,modules/chef.pi saltstack 2014.7.4 properli handl file /tmp,,0.0,False,False,11,2,5,CONFIRM FEDORA ,0.0,0.0,0.0,1.0,0.0,0.0,0.0,0.0,0.0,0.0,0.0,0.0,0.0,0.0,0.0,0.0,0.0,0.0,0.0,0.0,0.0,0.0,0.0,0.0,0.0,0.0,0.0,0.0,0.0,0.0,0.0,LOCAL,LOW,NONE,PARTIAL,PARTIAL,PARTIAL,4.6,MEDIUM,3.9,6.4,False,False,False,False
cve-2015-1819,2015-02-17,2016-11-22 00:00:00,,,the xmlreader libxml allow remot attack caus denial servic memori consumpt via craft xml data relat xml entiti expans xee attack,,0.0,False,False,45,17,24,REDHAT UBUNTU REDHAT CONFIRM CONFIRM CONFIRM APPLE CONFIRM APPLE APPLE CONFIRM APPLE DEBIAN CONFIRM CONFIRM BID FEDORA FEDORA SUSE SUSE GENTOO GENTOO SECTRACK ,0.0,0.0,0.0,0.0,0.0,0.0,0.0,0.0,0.0,0.0,0.0,0.0,0.0,0.0,0.0,0.0,0.0,1.0,0.0,0.0,0.0,0.0,0.0,0.0,0.0,0.0,0.0,0.0,0.0,0.0,0.0,NETWORK,LOW,NONE,NONE,NONE,PARTIAL,5.0,MEDIUM,10.0,2.9,False,False,False,False
cve-2015-1779,2015-02-17,2020-09-09 00:00:00,,,the vnc websocket frame decod qemu allow remot attack caus denial servic memori cpu consumpt via larg 1 websocket payload 2 http header section,,0.0,False,False,46,30,17,DEBIAN MLIST SECTRACK FEDORA MLIST UBUNTU FEDORA BID REDHAT REDHAT MLIST CONFIRM GENTOO ,0.0,0.0,0.0,0.0,0.0,0.0,0.0,0.0,0.0,0.0,0.0,0.0,0.0,0.0,0.0,0.0,0.0,0.0,1.0,0.0,0.0,0.0,0.0,0.0,0.0,0.0,0.0,0.0,0.0,0.0,0.0,NETWORK,LOW,NONE,NONE,NONE,COMPLETE,7.8,HIGH,10.0,6.9,False,False,False,FALSE
cve-2015-1844,2015-02-17,2015-08-17 00:00:00,,,foreman 1.7.5 allow remot authent user bypass organ locat restrict connect rest api,,0.0,False,False,23,1,6,CONFIRM ,0.0,0.0,0.0,0.0,0.0,0.0,0.0,0.0,0.0,1.0,0.0,0.0,0.0,0.0,0.0,0.0,0.0,0.0,0.0,0.0,0.0,0.0,0.0,0.0,0.0,0.0,0.0,0.0,0.0,0.0,0.0,NETWORK,LOW,SINGLE,PARTIAL,NONE,NONE,4.0,MEDIUM,8.0,2.9,False,False,False,False
cve-2015-1793,2015-02-17,2016-04-11 00:00:00,,,the x509_verify_cert function crypto/x509/x509_vfy.c openssl 1.1n 1.1o 1.2b 1.2c properli process x.509 basic constraint cA valu identif altern certif chain allow remot attack spoof certif author role trigger unintend certif verif via valid leaf certif,,0.0,False,False,21,10,31,CONFIRM CONFIRM ,0.0,0.0,0.0,0.0,0.0,0.0,0.0,0.0,1.0,0.0,0.0,0.0,0.0,0.0,0.0,0.0,0.0,0.0,0.0,0.0,0.0,0.0,0.0,0.0,0.0,0.0,0.0,0.0,0.0,0.0,0.0,NETWORK,LOW,NONE,PARTIAL,PARTIAL,NONE,6.4,MEDIUM,10.0,4.9,False,False,False,False
cve-2015-1787,2015-02-17,2018-11-29 00:00:00,,,the ssl3_get_client_key_exchang function s3_srvr.c openssl 1.2 1.2a client authent ephemer diffie-hellman ciphersuit enabl allow remot attack caus denial servic daemon crash via clientkeyexchang messag length zero,,0.0,False,False,16,4,16,CONFIRM CONFIRM CONFIRM SECTRACK CONFIRM CONFIRM CONFIRM CONFIRM HP HP HP CONFIRM BID GENTOO CONFIRM ,0.0,0.0,0.0,0.0,0.0,1.0,0.0,0.0,0.0,0.0,0.0,0.0,0.0,0.0,0.0,0.0,0.0,0.0,0.0,0.0,0.0,0.0,0.0,0.0,0.0,0.0,0.0,0.0,0.0,0.0,0.0,NETWORK,HIGH,NONE,NONE,NONE,PARTIAL,2.6,LOW,4.9,2.9,False,False,False,False
cve-2015-1874,2015-02-17,2015-03-10 00:00:00,,,cross-sit request forgeri csrf vulner contact form DB aka cfdb contact-form-7-to-database-extens plugin 2.8.32 wordpress allow remot attack hijack authent administr request delet plugin record via request cf7dbpluginsubmiss page wp-admin/admin.php,,0.0,False,False,38,1,5,BID ,0.0,0.0,0.0,0.0,0.0,0.0,0.0,0.0,0.0,0.0,0.0,0.0,0.0,0.0,1.0,0.0,0.0,0.0,0.0,0.0,0.0,0.0,0.0,0.0,0.0,0.0,0.0,0.0,0.0,0.0,0.0,NETWORK,MEDIUM,NONE,PARTIAL,PARTIAL,PARTIAL,6.8,MEDIUM,8.6,6.4,False,False,False,True
cve-2015-2334,2015-03-18,2015-03-18 00:00:00,,,cross-sit request forgeri csrf vulner admin control panel acp login mybb aka mybulletinboard 1.8.4 allow remot attack hijack authent unspecifi victim via unknown vector,,0.0,False,False,38,1,3,,0.0,0.0,0.0,0.0,0.0,0.0,0.0,0.0,0.0,0.0,0.0,0.0,0.0,0.0,1.0,0.0,0.0,0.0,0.0,0.0,0.0,0.0,0.0,0.0,0.0,0.0,0.0,0.0,0.0,0.0,0.0,NETWORK,MEDIUM,NONE,PARTIAL,PARTIAL,PARTIAL,6.8,MEDIUM,8.6,6.4,False,False,False,True
cve-2015-2352,2015-03-19,2015-03-20 00:00:00,,,the cach handler mybb aka mybulletinboard 1.8.4 properli check encod input var_export function allow attack unspecifi impact via unknown vector,,0.0,False,False,86,1,3,,0.0,0.0,0.0,0.0,0.0,0.0,0.0,0.0,0.0,0.0,0.0,0.0,0.0,0.0,0.0,0.0,0.0,0.0,0.0,0.0,0.0,0.0,0.0,0.0,0.0,0.0,0.0,0.0,0.0,0.0,1.0,NETWORK,LOW,NONE,PARTIAL,PARTIAL,PARTIAL,7.5,HIGH,10.0,6.4,False,False,False,False
cve-2015-2418,2015-03-19,2015-07-21 00:00:00,,,race condit microsoft malici softwar remov tool msrt 5.26 allow local user gain privileg via craft dll aka `` msrt race condit vulner '',,0.0,False,False,41,1,3,,0.0,0.0,0.0,0.0,0.0,0.0,0.0,0.0,0.0,0.0,0.0,0.0,0.0,0.0,0.0,1.0,0.0,0.0,0.0,0.0,0.0,0.0,0.0,0.0,0.0,0.0,0.0,0.0,0.0,0.0,0.0,LOCAL,MEDIUM,NONE,COMPLETE,COMPLETE,COMPLETE,6.9,MEDIUM,3.4,10.0,False,False,False,True
cve-2015-2534,2015-03-19,2019-05-14 00:00:00,,,hyper-v microsoft window 8.1 window server 2012 R2 window 10 improperli process acl set allow local user bypass intend network-traff restrict via craft applic aka `` hyper-v secur featur bypass vulner '',,0.0,False,False,26,3,2,SECTRACK ,0.0,0.0,0.0,0.0,0.0,0.0,0.0,0.0,0.0,0.0,0.0,1.0,0.0,0.0,0.0,0.0,0.0,0.0,0.0,0.0,0.0,0.0,0.0,0.0,0.0,0.0,0.0,0.0,0.0,0.0,0.0,LOCAL,MEDIUM,NONE,NONE,PARTIAL,NONE,1.9,LOW,3.4,2.9,False,False,False,False
cve-2015-2420,2015-03-19,2018-11-20 00:00:00,,,cross-sit script xss vulner microsoft system center 2012 oper manag gold rollup 8 sp1 rollup 10 R2 rollup 7 allow remot attack inject arbitrari web script html via craft url aka `` system center oper manag web consol xss vulner '',,0.0,False,False,75,22,2,SECTRACK ,0.0,0.0,0.0,0.0,0.0,0.0,0.0,0.0,0.0,0.0,0.0,0.0,0.0,0.0,0.0,0.0,0.0,0.0,0.0,0.0,0.0,0.0,0.0,0.0,0.0,0.0,1.0,0.0,0.0,0.0,0.0,NETWORK,MEDIUM,NONE,NONE,PARTIAL,NONE,4.3,MEDIUM,8.6,2.9,False,False,False,True
cve-2015-2552,2015-03-19,2019-05-15 00:00:00,,,the kernel microsoft window 8 window 8.1 window server 2012 gold R2 window RT gold 8.1 window 10 allow physic proxim attack bypass trust boot protect mechan consequ interfer integr code bitlock devic encrypt devic health attest via craft boot configur data bcd set aka `` trust boot secur featur bypass vulner '',,0.0,False,False,21,12,4,SECTRACK BUGTRAQ ,0.0,0.0,0.0,0.0,0.0,0.0,0.0,0.0,1.0,0.0,0.0,0.0,0.0,0.0,0.0,0.0,0.0,0.0,0.0,0.0,0.0,0.0,0.0,0.0,0.0,0.0,0.0,0.0,0.0,0.0,0.0,LOCAL,LOW,NONE,COMPLETE,COMPLETE,COMPLETE,7.2,HIGH,3.9,10.0,False,False,False,False
cve-2015-2529,2015-03-19,2019-05-14 00:00:00,,,the kernel microsoft window 8.1 window server 2012 R2 window RT 8.1 window 10 allow local user bypass aslr protect mechan via craft applic aka `` kernel aslr bypass vulner '',,0.0,False,False,21,4,3,BID SECTRACK ,0.0,0.0,0.0,0.0,0.0,0.0,0.0,0.0,1.0,0.0,0.0,0.0,0.0,0.0,0.0,0.0,0.0,0.0,0.0,0.0,0.0,0.0,0.0,0.0,0.0,0.0,0.0,0.0,0.0,0.0,0.0,LOCAL,LOW,NONE,PARTIAL,NONE,NONE,2.1,LOW,3.9,2.9,False,False,False,False
cve-2015-2423,2015-03-19,2019-05-15 00:00:00,,,microsoft window vista sp2 window server 2008 sp2 R2 sp1 window 7 sp1 window 8 window 8.1 window server 2012 gold R2 window RT gold 8.1 window 10 excel 2007 sp3 powerpoint 2007 sp3 visio 2007 sp3 word 2007 sp3 offic 2010 sp2 excel 2010 sp2 powerpoint 2010 sp2 visio 2010 sp2 word 2010 sp2 excel 2013 sp1 powerpoint 2013 sp1 visio 2013 sp1 word 2013 sp1 excel 2013 RT sp1 powerpoint 2013 RT sp1 visio 2013 RT sp1 word 2013 RT sp1 internet explor 7 11 allow remot attack gain privileg obtain sensit inform via craft command-lin paramet offic applic notepad demonstr transit low integr medium integr aka `` unsaf command line paramet pass vulner '',,0.0,False,False,17,36,6,SECTRACK SECTRACK SECTRACK ,0.0,0.0,0.0,0.0,0.0,0.0,1.0,0.0,0.0,0.0,0.0,0.0,0.0,0.0,0.0,0.0,0.0,0.0,0.0,0.0,0.0,0.0,0.0,0.0,0.0,0.0,0.0,0.0,0.0,0.0,0.0,NETWORK,MEDIUM,NONE,PARTIAL,NONE,NONE,4.3,MEDIUM,8.6,2.9,False,False,False,False
cve-2015-2435,2015-03-19,2019-05-15 00:00:00,,2015-08-11,microsoft window vista sp2 window server 2008 sp2 R2 sp1 window 7 sp1 window 8 window 8.1 window server 2012 gold R2 window RT gold 8.1 window 10 offic 2007 sp3 2010 sp2 live meet 2007 consol lync 2010 lync 2010 attende lync 2013 sp1 lync basic 2013 sp1 silverlight 5.1.40728 allow remot attack execut arbitrari code via craft truetyp font aka `` truetyp font pars vulner '',thi vulner allow remot attack execut arbitrari code vulner instal microsoft window user interact requir exploit vulner target must visit malici page open malici file.th specif flaw exist within process truetyp font A glyph craft caus buffer overflow win32k vcopycleartypebit window kernel allow read write access kernel memori thi leverag attack run arbitrari code context system,10.0,True,False,16,37,4,BID MISC SECTRACK ,0.0,0.0,0.0,0.0,0.0,1.0,0.0,0.0,0.0,0.0,0.0,0.0,0.0,0.0,0.0,0.0,0.0,0.0,0.0,0.0,0.0,0.0,0.0,0.0,0.0,0.0,0.0,0.0,0.0,0.0,0.0,NETWORK,MEDIUM,NONE,COMPLETE,COMPLETE,COMPLETE,9.3,HIGH,8.6,10.0,False,False,False,True
cve-2015-2428,2015-03-19,2019-05-15 00:00:00,,,object manag microsoft window vista sp2 window server 2008 sp2 R2 sp1 window 7 sp1 window 8 window 8.1 window server 2012 gold R2 window RT gold 8.1 properli constrain imperson level interact object symbol link origin sandbox process allow local user gain privileg via craft applic aka `` window object manag elev privileg vulner '',,0.0,False,False,23,11,2,SECTRACK ,0.0,0.0,0.0,0.0,0.0,0.0,0.0,0.0,0.0,1.0,0.0,0.0,0.0,0.0,0.0,0.0,0.0,0.0,0.0,0.0,0.0,0.0,0.0,0.0,0.0,0.0,0.0,0.0,0.0,0.0,0.0,LOCAL,LOW,NONE,NONE,PARTIAL,NONE,2.1,LOW,3.9,2.9,False,False,False,False
cve-2015-2472,2015-03-19,2019-05-15 00:00:00,,,remot desktop session host rdsh remot desktop protocol rdp 8.1 microsoft window vista sp2 window server 2008 sp2 R2 sp1 window 7 sp1 window 8 window 8.1 window server 2012 gold R2 window RT gold 8.1 properli verifi certif allow man-in-the-middl attack spoof client via craft certif valid issuer serial number field aka `` remot desktop session host spoof vulner '',,0.0,False,False,16,12,2,SECTRACK ,0.0,0.0,0.0,0.0,0.0,1.0,0.0,0.0,0.0,0.0,0.0,0.0,0.0,0.0,0.0,0.0,0.0,0.0,0.0,0.0,0.0,0.0,0.0,0.0,0.0,0.0,0.0,0.0,0.0,0.0,0.0,NETWORK,MEDIUM,NONE,NONE,PARTIAL,NONE,4.3,MEDIUM,8.6,2.9,False,False,False,False
cve-2015-2476,2015-03-19,2019-05-17 00:00:00,,,the webdav client microsoft window vista sp2 window server 2008 sp2 R2 sp1 window 7 sp1 window 8 window 8.1 window server 2012 gold R2 window RT gold 8.1 support ssl 2.0 make easier remot attack defeat cryptograph protect mechan snif network conduct decrypt attack aka `` webdav client inform disclosur vulner '',,0.0,False,False,30,10,2,SECTRACK ,0.0,0.0,0.0,0.0,0.0,0.0,0.0,0.0,0.0,0.0,0.0,0.0,0.0,1.0,0.0,0.0,0.0,0.0,0.0,0.0,0.0,0.0,0.0,0.0,0.0,0.0,0.0,0.0,0.0,0.0,0.0,NETWORK,HIGH,NONE,PARTIAL,NONE,NONE,2.6,LOW,4.9,2.9,False,False,False,False
cve-2015-2360,2015-03-19,2019-05-14 00:00:00,,,win32k.si kernel-mod driver microsoft window server 2003 sp2 R2 sp2 window vista sp2 window server 2008 sp2 R2 sp1 window 7 sp1 window 8 window 8.1 window server 2012 gold R2 window RT gold 8.1 allow local user gain privileg caus denial servic memori corrupt via craft applic aka `` win32k elev privileg vulner '',,0.0,False,False,2,13,3,BID SECTRACK ,1.0,0.0,0.0,0.0,0.0,0.0,0.0,0.0,0.0,0.0,0.0,0.0,0.0,0.0,0.0,0.0,0.0,0.0,0.0,0.0,0.0,0.0,0.0,0.0,0.0,0.0,0.0,0.0,0.0,0.0,0.0,LOCAL,LOW,NONE,COMPLETE,COMPLETE,COMPLETE,7.2,HIGH,3.9,10.0,False,False,False,False
cve-2015-2519,2015-03-19,2019-05-14 00:00:00,,,integ overflow window journal microsoft window vista sp2 window server 2008 sp2 R2 sp1 window 7 sp1 window 8 window 8.1 window server 2012 gold R2 window RT gold 8.1 window 10 allow remot attack execut arbitrari code via craft .jnt file aka `` window journal integ overflow rce vulner '',,0.0,False,False,12,11,2,SECTRACK ,0.0,0.0,0.0,0.0,1.0,0.0,0.0,0.0,0.0,0.0,0.0,0.0,0.0,0.0,0.0,0.0,0.0,0.0,0.0,0.0,0.0,0.0,0.0,0.0,0.0,0.0,0.0,0.0,0.0,0.0,0.0,NETWORK,MEDIUM,NONE,COMPLETE,COMPLETE,COMPLETE,9.3,HIGH,8.6,10.0,False,False,False,True
cve-2015-2430,2015-03-19,2019-05-15 00:00:00,,2015-08-11,microsoft window vista sp2 window server 2008 sp2 R2 sp1 window 7 sp1 window 8 window 8.1 window server 2012 gold R2 window RT gold 8.1 allow attack bypass applic sandbox protect mechan perform unspecifi filesystem action via craft applic aka `` window filesystem elev privileg vulner '',thi vulner allow attack escal privileg vulner instal microsoft internet explor user interact requir exploit vulner target must visit malici page open malici file.th specif flaw exist within handl junction point favorit folder link folder An attack run code context low-right internet explor process set junction point favorit folder IE broker process chang access control right target folder normal unmodifi low-right process An attack leverag vulner execut code context medium integr process,6.9,True,False,23,11,4,BID MISC SECTRACK ,0.0,0.0,0.0,0.0,0.0,0.0,0.0,0.0,0.0,1.0,0.0,0.0,0.0,0.0,0.0,0.0,0.0,0.0,0.0,0.0,0.0,0.0,0.0,0.0,0.0,0.0,0.0,0.0,0.0,0.0,0.0,NETWORK,MEDIUM,NONE,COMPLETE,COMPLETE,COMPLETE,9.3,HIGH,8.6,10.0,False,False,False,True
cve-2015-2516,2015-03-19,2019-05-14 00:00:00,,,window journal microsoft window vista sp2 window server 2008 sp2 R2 sp1 window 7 sp1 window 8 window 8.1 window server 2012 gold R2 window RT gold 8.1 window 10 allow remot attack caus denial servic data loss via craft .jnt file aka `` window journal do vulner '',,0.0,False,False,16,11,2,SECTRACK ,0.0,0.0,0.0,0.0,0.0,1.0,0.0,0.0,0.0,0.0,0.0,0.0,0.0,0.0,0.0,0.0,0.0,0.0,0.0,0.0,0.0,0.0,0.0,0.0,0.0,0.0,0.0,0.0,0.0,0.0,0.0,NETWORK,MEDIUM,NONE,NONE,NONE,PARTIAL,4.3,MEDIUM,8.6,2.9,False,False,False,True
cve-2015-2506,2015-03-19,2019-05-14 00:00:00,,,atmfd.dll adob type manag librari microsoft window vista sp2 window server 2008 sp2 R2 sp1 window 7 sp1 window 8 window 8.1 window server 2012 gold R2 window RT gold 8.1 window 10 allow remot attack caus denial servic system crash via craft opentyp font aka `` opentyp font pars vulner '',,0.0,False,False,16,12,3,BID SECTRACK ,0.0,0.0,0.0,0.0,0.0,1.0,0.0,0.0,0.0,0.0,0.0,0.0,0.0,0.0,0.0,0.0,0.0,0.0,0.0,0.0,0.0,0.0,0.0,0.0,0.0,0.0,0.0,0.0,0.0,0.0,0.0,NETWORK,MEDIUM,NONE,COMPLETE,COMPLETE,COMPLETE,9.3,HIGH,8.6,10.0,False,False,False,True
cve-2015-2433,2015-03-19,2019-05-15 00:00:00,,,the kernel microsoft window vista sp2 window server 2008 sp2 R2 sp1 window 7 sp1 window 8 window 8.1 window server 2012 gold R2 window RT gold 8.1 window 10 allow local user bypass aslr protect mechan via craft applic aka `` kernel aslr bypass vulner '',,0.0,False,False,17,12,4,BID SECTRACK ,0.0,0.0,0.0,0.0,0.0,0.0,1.0,0.0,0.0,0.0,0.0,0.0,0.0,0.0,0.0,0.0,0.0,0.0,0.0,0.0,0.0,0.0,0.0,0.0,0.0,0.0,0.0,0.0,0.0,0.0,0.0,LOCAL,LOW,NONE,PARTIAL,NONE,NONE,2.1,LOW,3.9,2.9,False,False,False,False
cve-2015-2546,2015-03-19,2019-05-14 00:00:00,,,the kernel-mod driver microsoft window vista sp2 window server 2008 sp2 R2 sp1 window 7 sp1 window 8 window 8.1 window server 2012 gold R2 window RT gold 8.1 window 10 allow local user gain privileg via craft applic aka `` win32k memori corrupt elev privileg vulner '' differ vulner cve-2015-2511 cve-2015-2517 cve-2015-2518,,0.0,False,False,2,12,3,BID SECTRACK ,1.0,0.0,0.0,0.0,0.0,0.0,0.0,0.0,0.0,0.0,0.0,0.0,0.0,0.0,0.0,0.0,0.0,0.0,0.0,0.0,0.0,0.0,0.0,0.0,0.0,0.0,0.0,0.0,0.0,0.0,0.0,LOCAL,MEDIUM,NONE,COMPLETE,COMPLETE,COMPLETE,6.9,MEDIUM,3.4,10.0,False,False,False,True
cve-2015-2530,2015-03-19,2019-05-14 00:00:00,,,window journal microsoft window vista sp2 window server 2008 sp2 R2 sp1 window 7 sp1 window 8 window 8.1 window server 2012 gold R2 window RT gold 8.1 window 10 allow remot attack execut arbitrari code via craft .jnt file aka `` window journal rce vulner '' differ vulner cve-2015-2513 cve-2015-2514,,0.0,False,False,16,11,2,SECTRACK ,0.0,0.0,0.0,0.0,0.0,1.0,0.0,0.0,0.0,0.0,0.0,0.0,0.0,0.0,0.0,0.0,0.0,0.0,0.0,0.0,0.0,0.0,0.0,0.0,0.0,0.0,0.0,0.0,0.0,0.0,0.0,NETWORK,MEDIUM,NONE,COMPLETE,COMPLETE,COMPLETE,9.3,HIGH,8.6,10.0,False,False,False,True
cve-2015-2429,2015-03-19,2019-05-15 00:00:00,,2015-10-07,microsoft window vista sp2 window server 2008 sp2 R2 sp1 window 7 sp1 window 8 window 8.1 window server 2012 gold R2 window RT gold 8.1 allow attack bypass applic sandbox protect mechan perform unspecifi registri action via craft applic aka `` window registri elev privileg vulner '',thi vulner allow attack execut arbitrari code vulner instal microsoft internet explor user interact requir exploit vulner target must visit malici page open malici file.th specif flaw exist within cieregistryhelp :setsinglevalu api when api use whitelist registri entri attack modifi privileg registri valu via registri link An attack leverag vulner execut code context user medium integr,4.4,True,False,23,11,5,MISC MISC MISC SECTRACK ,0.0,0.0,0.0,0.0,0.0,0.0,0.0,0.0,0.0,1.0,0.0,0.0,0.0,0.0,0.0,0.0,0.0,0.0,0.0,0.0,0.0,0.0,0.0,0.0,0.0,0.0,0.0,0.0,0.0,0.0,0.0,NETWORK,MEDIUM,NONE,COMPLETE,COMPLETE,COMPLETE,9.3,HIGH,8.6,10.0,False,False,False,True
cve-2015-2514,2015-03-19,2019-05-15 00:00:00,,,window journal microsoft window vista sp2 window server 2008 sp2 R2 sp1 window 7 sp1 window 8 window 8.1 window server 2012 gold R2 window RT gold 8.1 window 10 allow remot attack execut arbitrari code via craft .jnt file aka `` window journal rce vulner '' differ vulner cve-2015-2513 cve-2015-2530,,0.0,False,False,16,11,2,SECTRACK ,0.0,0.0,0.0,0.0,0.0,1.0,0.0,0.0,0.0,0.0,0.0,0.0,0.0,0.0,0.0,0.0,0.0,0.0,0.0,0.0,0.0,0.0,0.0,0.0,0.0,0.0,0.0,0.0,0.0,0.0,0.0,NETWORK,MEDIUM,NONE,COMPLETE,COMPLETE,COMPLETE,9.3,HIGH,8.6,10.0,False,False,False,True
cve-2015-2513,2015-03-19,2019-05-15 00:00:00,,,window journal microsoft window vista sp2 window server 2008 sp2 R2 sp1 window 7 sp1 window 8 window 8.1 window server 2012 gold R2 window RT gold 8.1 window 10 allow remot attack execut arbitrari code via craft .jnt file aka `` window journal rce vulner '' differ vulner cve-2015-2514 cve-2015-2530,,0.0,False,False,16,11,2,SECTRACK ,0.0,0.0,0.0,0.0,0.0,1.0,0.0,0.0,0.0,0.0,0.0,0.0,0.0,0.0,0.0,0.0,0.0,0.0,0.0,0.0,0.0,0.0,0.0,0.0,0.0,0.0,0.0,0.0,0.0,0.0,0.0,NETWORK,MEDIUM,NONE,COMPLETE,COMPLETE,COMPLETE,9.3,HIGH,8.6,10.0,False,False,False,True
cve-2015-2806,2015-03-30,2016-08-25 00:00:00,,,stack-bas buffer overflow asn1_der_decod libtasn1 4.4 allow remot attack unspecifi impact via unknown vector,,0.0,False,False,2,9,17,MLIST UBUNTU MLIST DEBIAN SECTRACK FEDORA FEDORA FEDORA FEDORA FEDORA FEDORA ,1.0,0.0,0.0,0.0,0.0,0.0,0.0,0.0,0.0,0.0,0.0,0.0,0.0,0.0,0.0,0.0,0.0,0.0,0.0,0.0,0.0,0.0,0.0,0.0,0.0,0.0,0.0,0.0,0.0,0.0,0.0,NETWORK,LOW,NONE,COMPLETE,COMPLETE,COMPLETE,10.0,HIGH,10.0,10.0,False,False,False,False
cve-2015-2823,2015-04-01,2015-04-09 00:00:00,,,siemen simat hmi basic panel 2nd gener wincc tia portal 13 sp1 upd2 simat hmi comfort panel wincc tia portal 13 sp1 upd2 simat wincc runtim advanc wincc tia portal 13 sp1 upd2 simat wincc runtim profession wincc tia portal 13 sp1 upd2 simat hmi basic panel 1st gener wincc tia portal simat hmi mobil panel 277 wincc tia portal simat hmi multi panel wincc tia portal simat wincc 7.x 7.3 upd4 allow remot attack complet authent leverag knowledg password hash without knowledg associ password,,0.0,False,False,28,11,3,,0.0,0.0,0.0,0.0,0.0,0.0,0.0,0.0,0.0,0.0,0.0,0.0,1.0,0.0,0.0,0.0,0.0,0.0,0.0,0.0,0.0,0.0,0.0,0.0,0.0,0.0,0.0,0.0,0.0,0.0,0.0,NETWORK,MEDIUM,NONE,PARTIAL,PARTIAL,PARTIAL,6.8,MEDIUM,8.6,6.4,False,False,False,False
cve-2015-3072,2015-04-09,2015-05-14 00:00:00,,2015-05-12,adob reader acrobat 10.x 10.1.14 11.x 11.0.11 window OS X allow attack bypass intend restrict javascript api execut via unspecifi vector differ vulner cve-2015-3060 cve-2015-3061 cve-2015-3062 cve-2015-3063 cve-2015-3064 cve-2015-3065 cve-2015-3066 cve-2015-3067 cve-2015-3068 cve-2015-3069 cve-2015-3071 cve-2015-3073 cve-2015-3074,thi vulner allow remot attack bypass api restrict vulner instal adob reader user interact requir exploit vulner target must visit malici page open malici file.th specif flaw exist within adbcannotenumer By creat special craft pdf specif javascript instruct possibl bypass javascript api restrict A remot attack could exploit vulner execut arbitrari code,6.8,True,False,26,54,4,MISC SECTRACK BID ,0.0,0.0,0.0,0.0,0.0,0.0,0.0,0.0,0.0,0.0,0.0,1.0,0.0,0.0,0.0,0.0,0.0,0.0,0.0,0.0,0.0,0.0,0.0,0.0,0.0,0.0,0.0,0.0,0.0,0.0,0.0,NETWORK,LOW,NONE,COMPLETE,COMPLETE,COMPLETE,10.0,HIGH,10.0,10.0,False,False,False,False
cve-2015-3060,2015-04-09,2015-05-14 00:00:00,,2015-05-12,adob reader acrobat 10.x 10.1.14 11.x 11.0.11 window OS X allow attack bypass intend restrict javascript api execut via unspecifi vector differ vulner cve-2015-3061 cve-2015-3062 cve-2015-3063 cve-2015-3064 cve-2015-3065 cve-2015-3066 cve-2015-3067 cve-2015-3068 cve-2015-3069 cve-2015-3071 cve-2015-3072 cve-2015-3073 cve-2015-3074,thi vulner allow remot attack bypass api restrict vulner instal adob reader user interact requir exploit vulner target must visit malici page open malici file.th specif flaw exist within indexofnextessenti method By creat special craft pdf specif javascript instruct possibl bypass javascript api restrict A remot attack could exploit vulner execut arbitrari code,6.8,True,False,26,54,4,MISC SECTRACK BID ,0.0,0.0,0.0,0.0,0.0,0.0,0.0,0.0,0.0,0.0,0.0,1.0,0.0,0.0,0.0,0.0,0.0,0.0,0.0,0.0,0.0,0.0,0.0,0.0,0.0,0.0,0.0,0.0,0.0,0.0,0.0,NETWORK,LOW,NONE,COMPLETE,COMPLETE,COMPLETE,10.0,HIGH,10.0,10.0,False,False,False,False
cve-2015-3446,2015-04-28,2015-05-04 00:00:00,,2015-04-29,the framework daemon alienvault unifi secur manag 4.15 allow remot attack execut arbitrari python code via craft plugin configur file .cfg,thi vulner allow remot attack execut arbitrari code vulner instal alienvault unifi secur manag authent requir exploit vulnerability.th specif flaw exist within alienvault framework daemon permit remot unauthent chang .cfg file A special craft plugin configur file specifi custom function contain arbitrari python code An attack exploit condit achiev code execut context root user,9.3,True,False,84,1,3,,0.0,0.0,0.0,0.0,0.0,0.0,0.0,0.0,0.0,0.0,0.0,0.0,0.0,0.0,0.0,0.0,0.0,0.0,0.0,0.0,0.0,0.0,0.0,0.0,0.0,0.0,0.0,0.0,1.0,0.0,0.0,NETWORK,MEDIUM,NONE,COMPLETE,COMPLETE,COMPLETE,9.3,HIGH,8.6,10.0,False,False,False,False
cve-2015-4016,2015-05-18,2015-05-21 00:00:00,,2015-05-19,the client detect protocol valv steam allow remot attack caus denial servic process crash via craft respons broadcast packet,thi vulner allow remot attack execut denial servic attack vulner instal valv steam authent requir exploit vulner the specif flaw exist within steam client detect protocol By respond broadcast packet craft respons attack caus steam process crash,5.0,True,False,16,1,3,MISC BID ,0.0,0.0,0.0,0.0,0.0,1.0,0.0,0.0,0.0,0.0,0.0,0.0,0.0,0.0,0.0,0.0,0.0,0.0,0.0,0.0,0.0,0.0,0.0,0.0,0.0,0.0,0.0,0.0,0.0,0.0,0.0,NETWORK,LOW,NONE,NONE,NONE,PARTIAL,5.0,MEDIUM,10.0,2.9,False,False,False,False
cve-2015-4065,2015-05-22,2015-05-28 00:00:00,,,cross-sit script xss vulner shared/shortcodes/inbound-shortcodes.php land page plugin 1.8.5 wordpress allow remot authent user inject arbitrari web script html via post paramet wp-admin/post-new.php,,0.0,False,False,75,1,4,,0.0,0.0,0.0,0.0,0.0,0.0,0.0,0.0,0.0,0.0,0.0,0.0,0.0,0.0,0.0,0.0,0.0,0.0,0.0,0.0,0.0,0.0,0.0,0.0,0.0,0.0,1.0,0.0,0.0,0.0,0.0,NETWORK,MEDIUM,SINGLE,NONE,PARTIAL,NONE,3.5,LOW,6.8,2.9,False,False,False,False
cve-2015-4063,2015-05-22,2015-05-28 00:00:00,,,cross-sit script xss vulner includes/nsp_search.php newstatpress plugin 0.9.9 wordpress allow remot authent user inject arbitrari web script html via where1 paramet nsp_search page wp-admin/admin.php,,0.0,False,False,75,1,4,,0.0,0.0,0.0,0.0,0.0,0.0,0.0,0.0,0.0,0.0,0.0,0.0,0.0,0.0,0.0,0.0,0.0,0.0,0.0,0.0,0.0,0.0,0.0,0.0,0.0,0.0,1.0,0.0,0.0,0.0,0.0,NETWORK,MEDIUM,SINGLE,NONE,PARTIAL,NONE,3.5,LOW,6.8,2.9,False,False,False,True
cve-2015-4021,2015-05-18,2015-06-10 00:00:00,,,the phar_parse_tarfil function ext/phar/tar.c php 5.4.41 5.5.x 5.5.25 5.6.x 5.6.9 verifi first charact filenam differ \0 charact allow remot attack caus denial servic integ underflow memori corrupt via craft entri tar archiv,,0.0,False,False,10,61,18,,0.0,0.0,1.0,0.0,0.0,0.0,0.0,0.0,0.0,0.0,0.0,0.0,0.0,0.0,0.0,0.0,0.0,0.0,0.0,0.0,0.0,0.0,0.0,0.0,0.0,0.0,0.0,0.0,0.0,0.0,0.0,NETWORK,LOW,NONE,NONE,NONE,PARTIAL,5.0,MEDIUM,10.0,2.9,False,False,False,False
cve-2015-4108,2015-05-28,2015-06-11 00:00:00,,,multipl cross-sit request forgeri csrf vulner wing ftp server 4.4.7 allow remot attack hijack authent administr request 1 execut arbitrari code via craft request admin_lua_script.html 2 add domain administr via craft request admin_addadmin.html,,0.0,False,False,38,1,6,,0.0,0.0,0.0,0.0,0.0,0.0,0.0,0.0,0.0,0.0,0.0,0.0,0.0,0.0,1.0,0.0,0.0,0.0,0.0,0.0,0.0,0.0,0.0,0.0,0.0,0.0,0.0,0.0,0.0,0.0,0.0,NETWORK,MEDIUM,NONE,PARTIAL,PARTIAL,PARTIAL,6.8,MEDIUM,8.6,6.4,False,False,False,True
cve-2015-4781,2015-06-24,2015-07-16 00:00:00,,,unspecifi vulner data store compon oracl berkeley DB 11.2.5.1.29 11.2.5.2.42 11.2.5.3.28 12.1.6.0.35 allow local user affect confidenti integr avail via unknown vector differ vulner cve-2015-2583 cve-2015-2624 cve-2015-2626 cve-2015-2640 cve-2015-2654 cve-2015-2656 cve-2015-4754 cve-2015-4764 cve-2015-4775 cve-2015-4776 cve-2015-4777 cve-2015-4778 cve-2015-4780 cve-2015-4782 cve-2015-4783 cve-2015-4784 cve-2015-4785 cve-2015-4786 cve-2015-4787 cve-2015-4789 cve-2015-4790,,0.0,False,False,86,4,1,,0.0,0.0,0.0,0.0,0.0,0.0,0.0,0.0,0.0,0.0,0.0,0.0,0.0,0.0,0.0,0.0,0.0,0.0,0.0,0.0,0.0,0.0,0.0,0.0,0.0,0.0,0.0,0.0,0.0,0.0,1.0,LOCAL,MEDIUM,NONE,COMPLETE,COMPLETE,COMPLETE,6.9,MEDIUM,3.4,10.0,False,False,False,False
cve-2015-5477,2015-07-10,2015-07-29 00:00:00,2015-08-01 00:00:00,,name isc bind 9.x 9.9.7-p2 9.10.x 9.10.2-p3 allow remot attack caus denial servic requir assert failur daemon exit via tkey queri,,0.0,False,False,11,2,42,,0.0,0.0,0.0,1.0,0.0,0.0,0.0,0.0,0.0,0.0,0.0,0.0,0.0,0.0,0.0,0.0,0.0,0.0,0.0,0.0,0.0,0.0,0.0,0.0,0.0,0.0,0.0,0.0,0.0,0.0,0.0,NETWORK,LOW,NONE,NONE,NONE,COMPLETE,7.8,HIGH,10.0,6.9,False,False,False,False
cve-2015-6247,2015-08-14,2015-08-25 00:00:00,,,the dissect_openflow_tablemod_v5 function epan/dissectors/packet-openflow_v5.c openflow dissector wireshark 1.12.x 1.12.7 valid certain offset valu allow remot attack caus denial servic infinit loop via craft packet,,0.0,False,False,16,8,9,CONFIRM CONFIRM ,0.0,0.0,0.0,0.0,0.0,1.0,0.0,0.0,0.0,0.0,0.0,0.0,0.0,0.0,0.0,0.0,0.0,0.0,0.0,0.0,0.0,0.0,0.0,0.0,0.0,0.0,0.0,0.0,0.0,0.0,0.0,NETWORK,MEDIUM,NONE,NONE,NONE,PARTIAL,4.3,MEDIUM,8.6,2.9,False,False,False,True
cve-2015-6246,2015-08-14,2016-10-18 00:00:00,,,the dissect_wa_payload function epan/dissectors/packet-waveagent.c waveag dissector wireshark 1.12.x 1.12.7 mishandl larg tag valu allow remot attack caus denial servic applic crash via craft packet,,0.0,False,False,16,9,11,CONFIRM CONFIRM CONFIRM ,0.0,0.0,0.0,0.0,0.0,1.0,0.0,0.0,0.0,0.0,0.0,0.0,0.0,0.0,0.0,0.0,0.0,0.0,0.0,0.0,0.0,0.0,0.0,0.0,0.0,0.0,0.0,0.0,0.0,0.0,0.0,NETWORK,MEDIUM,NONE,NONE,NONE,PARTIAL,4.3,MEDIUM,8.6,2.9,False,False,False,True
cve-2015-6238,2015-08-14,2015-09-23 00:00:00,,,multipl cross-sit script xss vulner googl analyt plugin 6.4.9.6 wordpress allow remot attack inject arbitrari web script html via 1 ga_adsens 2 ga_admin_disable_dimentionindex 3 ga_downloads_prefix 4 ga_download 5 ga_outbound_prefix paramet google-analyt page wp-admin/admin.php,,0.0,False,False,75,1,3,,0.0,0.0,0.0,0.0,0.0,0.0,0.0,0.0,0.0,0.0,0.0,0.0,0.0,0.0,0.0,0.0,0.0,0.0,0.0,0.0,0.0,0.0,0.0,0.0,0.0,0.0,1.0,0.0,0.0,0.0,0.0,NETWORK,MEDIUM,NONE,NONE,PARTIAL,NONE,4.3,MEDIUM,8.6,2.9,False,False,False,True
cve-2015-6248,2015-08-14,2016-10-18 00:00:00,,,the ptvcursor_add function ptvcursor implement epan/proto.c wireshark 1.12.x 1.12.7 check whether expect amount data avail allow remot attack caus denial servic applic crash via craft packet,,0.0,False,False,16,9,12,CONFIRM CONFIRM CONFIRM ,0.0,0.0,0.0,0.0,0.0,1.0,0.0,0.0,0.0,0.0,0.0,0.0,0.0,0.0,0.0,0.0,0.0,0.0,0.0,0.0,0.0,0.0,0.0,0.0,0.0,0.0,0.0,0.0,0.0,0.0,0.0,NETWORK,MEDIUM,NONE,NONE,NONE,PARTIAL,4.3,MEDIUM,8.6,2.9,False,False,False,True
cve-2015-6152,2015-08-14,2020-06-17 00:00:00,,,microsoft internet explor 10 allow remot attack execut arbitrari code caus denial servic memori corrupt via craft web site aka `` internet explor memori corrupt vulner '' differ vulner cve-2015-6162,,0.0,False,False,2,6,3,SECTRACK ,1.0,0.0,0.0,0.0,0.0,0.0,0.0,0.0,0.0,0.0,0.0,0.0,0.0,0.0,0.0,0.0,0.0,0.0,0.0,0.0,0.0,0.0,0.0,0.0,0.0,0.0,0.0,0.0,0.0,0.0,0.0,NETWORK,MEDIUM,NONE,COMPLETE,COMPLETE,COMPLETE,9.3,HIGH,8.6,10.0,False,False,False,True
cve-2015-6034,2015-08-14,2015-10-29 00:00:00,,,epson network util 4.10 use weak permiss everyon full control eebsvc.ex allow local user gain privileg via trojan hors file,,0.0,False,False,23,1,2,CERT-VN ,0.0,0.0,0.0,0.0,0.0,0.0,0.0,0.0,0.0,1.0,0.0,0.0,0.0,0.0,0.0,0.0,0.0,0.0,0.0,0.0,0.0,0.0,0.0,0.0,0.0,0.0,0.0,0.0,0.0,0.0,0.0,LOCAL,MEDIUM,NONE,COMPLETE,COMPLETE,COMPLETE,6.9,MEDIUM,3.4,10.0,False,False,False,False
cve-2015-6131,2015-08-14,2019-05-15 00:00:00,,,window media center microsoft window vista sp2 window 7 sp1 window 8 window 8.1 allow remot attack execut arbitrari code via craft .mcl file aka `` media center librari pars rce vulner '',,0.0,False,False,16,4,3,SECTRACK ,0.0,0.0,0.0,0.0,0.0,1.0,0.0,0.0,0.0,0.0,0.0,0.0,0.0,0.0,0.0,0.0,0.0,0.0,0.0,0.0,0.0,0.0,0.0,0.0,0.0,0.0,0.0,0.0,0.0,0.0,0.0,NETWORK,MEDIUM,NONE,COMPLETE,COMPLETE,COMPLETE,9.3,HIGH,8.6,10.0,False,False,False,True
cve-2015-6111,2015-08-14,2019-05-15 00:00:00,,,ipsec microsoft window 8 window 8.1 window server 2012 gold R2 window RT gold 8.1 window 10 gold 1511 mishandl encrypt negoti allow remot authent user caus denial servic system hang via craft IP traffic aka `` window ipsec denial servic vulner '',,0.0,False,False,45,7,2,SECTRACK ,0.0,0.0,0.0,0.0,0.0,0.0,0.0,0.0,0.0,0.0,0.0,0.0,0.0,0.0,0.0,0.0,0.0,1.0,0.0,0.0,0.0,0.0,0.0,0.0,0.0,0.0,0.0,0.0,0.0,0.0,0.0,NETWORK,LOW,SINGLE,NONE,NONE,COMPLETE,6.8,MEDIUM,8.0,6.9,False,False,False,False
cve-2015-6108,2015-08-14,2019-05-15 00:00:00,,,the window font librari microsoft window vista sp2 window server 2008 sp2 R2 sp1 window 7 sp1 window 8 window 8.1 window server 2012 gold R2 window RT gold 8.1 offic 2007 sp3 offic 2010 sp2 word viewer .net framework 3.0 sp2 3.5 3.5.1 4 4.5 4.5.1 4.5.2 4.6 skype busi 2016 lync 2010 lync 2013 sp1 live meet 2007 consol silverlight 5 allow remot attack execut arbitrari code via craft embed font aka `` graphic memori corrupt vulner '',,0.0,False,False,2,36,7,SECTRACK SECTRACK SECTRACK SECTRACK SECTRACK SECTRACK ,1.0,0.0,0.0,0.0,0.0,0.0,0.0,0.0,0.0,0.0,0.0,0.0,0.0,0.0,0.0,0.0,0.0,0.0,0.0,0.0,0.0,0.0,0.0,0.0,0.0,0.0,0.0,0.0,0.0,0.0,0.0,NETWORK,MEDIUM,NONE,COMPLETE,COMPLETE,COMPLETE,9.3,HIGH,8.6,10.0,False,False,False,True
cve-2015-6808,2015-09-04,2015-09-04 00:00:00,,,cross-sit script xss vulner spotlight modul 7.x-1.x 7.x-1.5 drupal allow remot authent user certain permiss inject arbitrari web script html via node titl,,0.0,False,False,75,6,2,,0.0,0.0,0.0,0.0,0.0,0.0,0.0,0.0,0.0,0.0,0.0,0.0,0.0,0.0,0.0,0.0,0.0,0.0,0.0,0.0,0.0,0.0,0.0,0.0,0.0,0.0,1.0,0.0,0.0,0.0,0.0,NETWORK,MEDIUM,SINGLE,NONE,PARTIAL,NONE,3.5,LOW,6.8,2.9,False,False,False,True
cve-2015-7319,2015-09-22,2015-09-30 00:00:00,,,sql inject vulner cpabc_appointments_admin_int_calendar_list.inc.php appoint book calendar plugin 1.1.8 wordpress allow remot attack execut arbitrari sql command via unspecifi vector relat updat usernam,,0.0,False,False,79,1,4,MISC ,0.0,0.0,0.0,0.0,0.0,0.0,0.0,0.0,0.0,0.0,0.0,0.0,0.0,0.0,0.0,0.0,0.0,0.0,0.0,0.0,0.0,0.0,0.0,0.0,0.0,0.0,0.0,1.0,0.0,0.0,0.0,NETWORK,LOW,NONE,PARTIAL,PARTIAL,PARTIAL,7.5,HIGH,10.0,6.4,False,False,False,False
cve-2015-7470,2015-09-29,2016-01-21 00:00:00,,,report builder ibm jazz report servic jr 5.x 5.0.2-rational-clm-ifix011 6.0 6.0-rational-clm-ifix005 allow man-in-the-middl attack obtain sensit inform via unspecifi vector demonstr login inform,,0.0,False,False,17,4,1,,0.0,0.0,0.0,0.0,0.0,0.0,1.0,0.0,0.0,0.0,0.0,0.0,0.0,0.0,0.0,0.0,0.0,0.0,0.0,0.0,0.0,0.0,0.0,0.0,0.0,0.0,0.0,0.0,0.0,0.0,0.0,NETWORK,LOW,NONE,PARTIAL,NONE,NONE,5.0,MEDIUM,10.0,2.9,False,False,False,FALSE
cve-2015-7469,2015-09-29,2016-01-21 00:00:00,,,report builder ibm jazz report servic jr 5.x 5.0.2-rational-clm-ifix011 6.0 6.0-rational-clm-ifix005 allow remot authent user bypass intend read-onli restrict leverag jazzguest role,,0.0,False,False,23,4,1,,0.0,0.0,0.0,0.0,0.0,0.0,0.0,0.0,0.0,1.0,0.0,0.0,0.0,0.0,0.0,0.0,0.0,0.0,0.0,0.0,0.0,0.0,0.0,0.0,0.0,0.0,0.0,0.0,0.0,0.0,0.0,NETWORK,LOW,SINGLE,NONE,PARTIAL,NONE,4.0,MEDIUM,8.0,2.9,False,False,False,FALSE
cve-2015-8307,2015-11-20,2016-04-11 00:00:00,,,the graphic driver huawei P8 smartphon softwar gra-tl00 gra-tl00c01b230 gra-cl00 gra-cl00c92b230 gra-cl10 gra-cl10c92b230 gra-ul00 gra-ul00c00b230 gra-ul10 gra-ul10c00b230 mate S smartphon softwar crr-tl00 crr-tl00c01b160sp01 crr-ul00 crr-ul00c00b160 crr-cl00 crr-cl00c92b161 allow attack caus denial servic system crash gain privileg via craft applic graphic permiss aka `` interfac access control vulner '' differ vulner cve-2015-8680,,0.0,False,False,26,10,1,,0.0,0.0,0.0,0.0,0.0,0.0,0.0,0.0,0.0,0.0,0.0,1.0,0.0,0.0,0.0,0.0,0.0,0.0,0.0,0.0,0.0,0.0,0.0,0.0,0.0,0.0,0.0,0.0,0.0,0.0,0.0,NETWORK,MEDIUM,NONE,COMPLETE,COMPLETE,COMPLETE,9.3,HIGH,8.6,10.0,False,False,False,True
cve-2015-8473,2015-12-04,2016-04-20 00:00:00,,,the issu api redmin 2.6.8 3.0.x 3.0.6 3.1.x 3.1.2 allow remot authent user obtain sensit inform changeset messag leverag permiss read issu relat changeset project,,0.0,False,False,17,10,7,,0.0,0.0,0.0,0.0,0.0,0.0,1.0,0.0,0.0,0.0,0.0,0.0,0.0,0.0,0.0,0.0,0.0,0.0,0.0,0.0,0.0,0.0,0.0,0.0,0.0,0.0,0.0,0.0,0.0,0.0,0.0,NETWORK,LOW,SINGLE,PARTIAL,NONE,NONE,4.0,MEDIUM,8.0,2.9,False,False,False,FALSE
cve-2015-8466,2015-12-04,2016-01-21 00:00:00,,,swift3 1.9 allow remot attack conduct replay attack via author request lack date header,,0.0,False,False,16,2,5,,0.0,0.0,0.0,0.0,0.0,1.0,0.0,0.0,0.0,0.0,0.0,0.0,0.0,0.0,0.0,0.0,0.0,0.0,0.0,0.0,0.0,0.0,0.0,0.0,0.0,0.0,0.0,0.0,0.0,0.0,0.0,NETWORK,MEDIUM,NONE,PARTIAL,PARTIAL,NONE,5.8,MEDIUM,8.6,4.9,False,False,False,FALSE
cve-2015-8474,2015-12-04,2016-04-20 00:00:00,,,open redirect vulner valid_back_url function app/controllers/application_controller.rb redmin 2.6.7 3.0.x 3.0.5 3.1.x 3.1.1 allow remot attack redirect user arbitrari web site conduct phish attack via craft back_url paramet demonstr `` attacker.com '' differ vulner cve-2014-1985,,0.0,False,False,85,10,5,,0.0,0.0,0.0,0.0,0.0,0.0,0.0,0.0,0.0,0.0,0.0,0.0,0.0,0.0,0.0,0.0,0.0,0.0,0.0,0.0,0.0,0.0,0.0,0.0,0.0,0.0,0.0,0.0,0.0,1.0,0.0,NETWORK,MEDIUM,NONE,PARTIAL,PARTIAL,NONE,5.8,MEDIUM,8.6,4.9,False,False,False,True
cve-2016-0635,2015-12-09,2016-07-25 00:00:00,,,unspecifi vulner enterpris manag op center compon oracl enterpris manag grid control 12.1.4 12.2.2 12.3.2 oracl health scienc inform manag compon oracl health scienc applic 1.2.8.3 2.0.2.3 3.0.1 oracl healthcar master person index compon oracl health scienc applic 2.0.12 3.0 4.0.1 oracl documak compon oracl insur applic 12.5 oracl insur calcul engin compon oracl insur applic 9.7.1 10.1.2 10.2.2 oracl insur polici administr j2ee oracl insur rule palett compon oracl insur applic 9.6.1 9.7.1 10.0.1 10.1.2 10.2.0 10.2.2 oracl retail integr bu compon oracl retail applic 15.0 oracl retail order broker compon oracl retail applic 5.1 5.2 15.0 primavera contract manag compon oracl primavera product suit 14.2 primavera P6 enterpris project portfolio manag compon oracl primavera product suit 8.2 8.3 8.4 15.1 15.2 16.1 oracl financi servic analyt applic infrastructur compon oracl financi servic applic 8.0 8.0.1 8.0.2 8.0.3 oracl commerc guid search oracl commerc experi manag compon oracl commerc 3.1.1 3.1.2 11.0 11.1 11.2 oracl agil plm compon oracl suppli chain product suit 9.3.4 9.3.5 oracl commun brm elast charg engin 11.2.0.0 11.3.0.0 oracl enterpris repositori enterpris repositori 12.1.3.0 oracl financi servic behavior detect platform 8.0.1 8.0.2 oracl hyperion essbas 12.2.1.1 oracl tuxedo system applic monitor tsam 11.1.1.2.0 11.1.1.2.1 11.1.1.2.1 12.1.1.1 12.1.3.0 12.2.2.0 oracl commun webrtc session control compon oracl commun applic subcompon secur spring 7.0 7.1 7.2 oracl endeca inform discoveri integr 3.2 converg commerc compon oracl retail applic 16.0.1 oracl ident manag 11.1.2.3.0 oracl enterpris manag mysql databas 12.1.4 oracl retail invoic match 12.0 13.0 13.1 13.2 14.0 14.1 oracl commun perform intellig center pic softwar prior 10.2.1 oracl knowledg compon oracl siebel crm subcompon answerflow spring framework version 8.5.1 8.5.1.7 8.6.0 allow remot authent user affect confidenti integr avail via unknown vector,,0.0,False,False,86,36,17,BID ,0.0,0.0,0.0,0.0,0.0,0.0,0.0,0.0,0.0,0.0,0.0,0.0,0.0,0.0,0.0,0.0,0.0,0.0,0.0,0.0,0.0,0.0,0.0,0.0,0.0,0.0,0.0,0.0,0.0,0.0,1.0,NETWORK,LOW,SINGLE,COMPLETE,COMPLETE,COMPLETE,9.0,HIGH,8.0,10.0,False,False,False,False
cve-2016-0757,2015-12-16,2016-04-18 00:00:00,,,openstack imag servic glanc 2015.1.3 kilo 11.0.x 11.0.2 liberti show_multiple_loc enabl allow remot authent user chang imag statu upload new imag data remov last locat imag,,0.0,False,False,26,3,3,,0.0,0.0,0.0,0.0,0.0,0.0,0.0,0.0,0.0,0.0,0.0,1.0,0.0,0.0,0.0,0.0,0.0,0.0,0.0,0.0,0.0,0.0,0.0,0.0,0.0,0.0,0.0,0.0,0.0,0.0,0.0,NETWORK,LOW,SINGLE,NONE,PARTIAL,NONE,4.0,MEDIUM,8.0,2.9,False,False,False,FALSE
cve-2016-1080,2015-12-22,2016-05-12 00:00:00,,2016-05-10,adob reader acrobat 11.0.16 acrobat acrobat reader DC classic 15.006.30172 acrobat acrobat reader DC continu 15.016.20039 window OS X allow attack execut arbitrari code caus denial servic memori corrupt via unspecifi vector differ vulner cve-2016-1037 cve-2016-1063 cve-2016-1064 cve-2016-1071 cve-2016-1072 cve-2016-1073 cve-2016-1074 cve-2016-1076 cve-2016-1077 cve-2016-1078 cve-2016-1081 cve-2016-1082 cve-2016-1083 cve-2016-1084 cve-2016-1085 cve-2016-1086 cve-2016-1088 cve-2016-1093 cve-2016-1095 cve-2016-1116 cve-2016-1118 cve-2016-1119 cve-2016-1120 cve-2016-1123 cve-2016-1124 cve-2016-1125 cve-2016-1126 cve-2016-1127 cve-2016-1128 cve-2016-1129 cve-2016-1130 cve-2016-4088 cve-2016-4089 cve-2016-4090 cve-2016-4093 cve-2016-4094 cve-2016-4096 cve-2016-4097 cve-2016-4098 cve-2016-4099 cve-2016-4100 cve-2016-4101 cve-2016-4103 cve-2016-4104 cve-2016-4105,thi vulner allow attack leak sensit inform vulner instal adob acrobat pro DC user interact requir exploit vulner target must visit malici page open malici file.th specif flaw exist within imageconvers plugin A special craft tiff imag specif tagtyp valu forc adob acrobat pro DC read memori past end alloc object An attack use inform conjunct vulner execut code context process,4.3,True,False,2,8,3,,1.0,0.0,0.0,0.0,0.0,0.0,0.0,0.0,0.0,0.0,0.0,0.0,0.0,0.0,0.0,0.0,0.0,0.0,0.0,0.0,0.0,0.0,0.0,0.0,0.0,0.0,0.0,0.0,0.0,0.0,0.0,NETWORK,LOW,NONE,COMPLETE,COMPLETE,COMPLETE,10.0,HIGH,10.0,10.0,False,False,False,False
cve-2016-1130,2015-12-22,2016-05-12 00:00:00,,,adob reader acrobat 11.0.16 acrobat acrobat reader DC classic 15.006.30172 acrobat acrobat reader DC continu 15.016.20039 window OS X allow attack execut arbitrari code caus denial servic memori corrupt via unspecifi vector differ vulner cve-2016-1037 cve-2016-1063 cve-2016-1064 cve-2016-1071 cve-2016-1072 cve-2016-1073 cve-2016-1074 cve-2016-1076 cve-2016-1077 cve-2016-1078 cve-2016-1080 cve-2016-1081 cve-2016-1082 cve-2016-1083 cve-2016-1084 cve-2016-1085 cve-2016-1086 cve-2016-1088 cve-2016-1093 cve-2016-1095 cve-2016-1116 cve-2016-1118 cve-2016-1119 cve-2016-1120 cve-2016-1123 cve-2016-1124 cve-2016-1125 cve-2016-1126 cve-2016-1127 cve-2016-1128 cve-2016-1129 cve-2016-4088 cve-2016-4089 cve-2016-4090 cve-2016-4093 cve-2016-4094 cve-2016-4096 cve-2016-4097 cve-2016-4098 cve-2016-4099 cve-2016-4100 cve-2016-4101 cve-2016-4103 cve-2016-4104 cve-2016-4105,,0.0,False,False,2,8,2,,1.0,0.0,0.0,0.0,0.0,0.0,0.0,0.0,0.0,0.0,0.0,0.0,0.0,0.0,0.0,0.0,0.0,0.0,0.0,0.0,0.0,0.0,0.0,0.0,0.0,0.0,0.0,0.0,0.0,0.0,0.0,NETWORK,LOW,NONE,COMPLETE,COMPLETE,COMPLETE,10.0,HIGH,10.0,10.0,False,False,False,False
cve-2016-1120,2015-12-22,2016-05-12 00:00:00,,,adob reader acrobat 11.0.16 acrobat acrobat reader DC classic 15.006.30172 acrobat acrobat reader DC continu 15.016.20039 window OS X allow attack execut arbitrari code caus denial servic memori corrupt via unspecifi vector differ vulner cve-2016-1037 cve-2016-1063 cve-2016-1064 cve-2016-1071 cve-2016-1072 cve-2016-1073 cve-2016-1074 cve-2016-1076 cve-2016-1077 cve-2016-1078 cve-2016-1080 cve-2016-1081 cve-2016-1082 cve-2016-1083 cve-2016-1084 cve-2016-1085 cve-2016-1086 cve-2016-1088 cve-2016-1093 cve-2016-1095 cve-2016-1116 cve-2016-1118 cve-2016-1119 cve-2016-1123 cve-2016-1124 cve-2016-1125 cve-2016-1126 cve-2016-1127 cve-2016-1128 cve-2016-1129 cve-2016-1130 cve-2016-4088 cve-2016-4089 cve-2016-4090 cve-2016-4093 cve-2016-4094 cve-2016-4096 cve-2016-4097 cve-2016-4098 cve-2016-4099 cve-2016-4100 cve-2016-4101 cve-2016-4103 cve-2016-4104 cve-2016-4105,,0.0,False,False,2,8,2,,1.0,0.0,0.0,0.0,0.0,0.0,0.0,0.0,0.0,0.0,0.0,0.0,0.0,0.0,0.0,0.0,0.0,0.0,0.0,0.0,0.0,0.0,0.0,0.0,0.0,0.0,0.0,0.0,0.0,0.0,0.0,NETWORK,LOW,NONE,COMPLETE,COMPLETE,COMPLETE,10.0,HIGH,10.0,10.0,False,False,False,False
cve-2016-1064,2015-12-22,2016-05-12 00:00:00,,,adob reader acrobat 11.0.16 acrobat acrobat reader DC classic 15.006.30172 acrobat acrobat reader DC continu 15.016.20039 window OS X allow attack execut arbitrari code caus denial servic memori corrupt via unspecifi vector differ vulner cve-2016-1037 cve-2016-1063 cve-2016-1071 cve-2016-1072 cve-2016-1073 cve-2016-1074 cve-2016-1076 cve-2016-1077 cve-2016-1078 cve-2016-1080 cve-2016-1081 cve-2016-1082 cve-2016-1083 cve-2016-1084 cve-2016-1085 cve-2016-1086 cve-2016-1088 cve-2016-1093 cve-2016-1095 cve-2016-1116 cve-2016-1118 cve-2016-1119 cve-2016-1120 cve-2016-1123 cve-2016-1124 cve-2016-1125 cve-2016-1126 cve-2016-1127 cve-2016-1128 cve-2016-1129 cve-2016-1130 cve-2016-4088 cve-2016-4089 cve-2016-4090 cve-2016-4093 cve-2016-4094 cve-2016-4096 cve-2016-4097 cve-2016-4098 cve-2016-4099 cve-2016-4100 cve-2016-4101 cve-2016-4103 cve-2016-4104 cve-2016-4105,,0.0,False,False,2,8,2,,1.0,0.0,0.0,0.0,0.0,0.0,0.0,0.0,0.0,0.0,0.0,0.0,0.0,0.0,0.0,0.0,0.0,0.0,0.0,0.0,0.0,0.0,0.0,0.0,0.0,0.0,0.0,0.0,0.0,0.0,0.0,NETWORK,LOW,NONE,COMPLETE,COMPLETE,COMPLETE,10.0,HIGH,10.0,10.0,False,False,False,False
cve-2016-1116,2015-12-22,2016-05-12 00:00:00,,,adob reader acrobat 11.0.16 acrobat acrobat reader DC classic 15.006.30172 acrobat acrobat reader DC continu 15.016.20039 window OS X allow attack execut arbitrari code caus denial servic memori corrupt via unspecifi vector differ vulner cve-2016-1037 cve-2016-1063 cve-2016-1064 cve-2016-1071 cve-2016-1072 cve-2016-1073 cve-2016-1074 cve-2016-1076 cve-2016-1077 cve-2016-1078 cve-2016-1080 cve-2016-1081 cve-2016-1082 cve-2016-1083 cve-2016-1084 cve-2016-1085 cve-2016-1086 cve-2016-1088 cve-2016-1093 cve-2016-1095 cve-2016-1118 cve-2016-1119 cve-2016-1120 cve-2016-1123 cve-2016-1124 cve-2016-1125 cve-2016-1126 cve-2016-1127 cve-2016-1128 cve-2016-1129 cve-2016-1130 cve-2016-4088 cve-2016-4089 cve-2016-4090 cve-2016-4093 cve-2016-4094 cve-2016-4096 cve-2016-4097 cve-2016-4098 cve-2016-4099 cve-2016-4100 cve-2016-4101 cve-2016-4103 cve-2016-4104 cve-2016-4105,,0.0,False,False,2,8,2,,1.0,0.0,0.0,0.0,0.0,0.0,0.0,0.0,0.0,0.0,0.0,0.0,0.0,0.0,0.0,0.0,0.0,0.0,0.0,0.0,0.0,0.0,0.0,0.0,0.0,0.0,0.0,0.0,0.0,0.0,0.0,NETWORK,LOW,NONE,COMPLETE,COMPLETE,COMPLETE,10.0,HIGH,10.0,10.0,False,False,False,False
cve-2016-1112,2015-12-22,2016-05-13 00:00:00,,,adob reader acrobat 11.0.16 acrobat acrobat reader DC classic 15.006.30172 acrobat acrobat reader DC continu 15.016.20039 window OS X allow attack obtain sensit inform via unspecifi vector,,0.0,False,False,17,8,3,,0.0,0.0,0.0,0.0,0.0,0.0,1.0,0.0,0.0,0.0,0.0,0.0,0.0,0.0,0.0,0.0,0.0,0.0,0.0,0.0,0.0,0.0,0.0,0.0,0.0,0.0,0.0,0.0,0.0,0.0,0.0,NETWORK,LOW,NONE,COMPLETE,COMPLETE,COMPLETE,10.0,HIGH,10.0,10.0,False,False,False,False
cve-2016-1008,2015-12-22,2016-03-14 00:00:00,,2016-03-08,untrust search path vulner adob reader acrobat 11.0.15 acrobat acrobat reader DC classic 15.006.30121 acrobat acrobat reader DC continu 15.010.20060 window OS X allow local user gain privileg via trojan hors dll unspecifi directori,thi vulner allow remot attack execut arbitrari code vulner instal adob acrobat pro DC user interact requir exploit vulner target must open malici file.th specif flaw exist within handl dll search path In specif situat attack forc acrobat pro DC load arbitrari dll specif locat An attack leverag vulner execut code context current process,7.5,True,False,16,8,4,,0.0,0.0,0.0,0.0,0.0,1.0,0.0,0.0,0.0,0.0,0.0,0.0,0.0,0.0,0.0,0.0,0.0,0.0,0.0,0.0,0.0,0.0,0.0,0.0,0.0,0.0,0.0,0.0,0.0,0.0,0.0,LOCAL,LOW,NONE,COMPLETE,COMPLETE,COMPLETE,7.2,HIGH,3.9,10.0,False,False,False,FALSE
cve-2016-1043,2015-12-22,2016-05-13 00:00:00,,2016-05-10,integ overflow adob reader acrobat 11.0.16 acrobat acrobat reader DC classic 15.006.30172 acrobat acrobat reader DC continu 15.016.20039 window OS X allow attack execut arbitrari code via unspecifi vector,thi vulner allow remot attack execut arbitrari code vulner instal adob reader DC user interact requir exploit vulner target must visit malici page open malici file.th specif flaw exist within handl xfa formcalc A special craft replac call trigger integ overflow condit An attack leverag vulner execut code context current process,6.8,True,False,2,8,4,,1.0,0.0,0.0,0.0,0.0,0.0,0.0,0.0,0.0,0.0,0.0,0.0,0.0,0.0,0.0,0.0,0.0,0.0,0.0,0.0,0.0,0.0,0.0,0.0,0.0,0.0,0.0,0.0,0.0,0.0,0.0,NETWORK,LOW,NONE,COMPLETE,COMPLETE,COMPLETE,10.0,HIGH,10.0,10.0,False,False,False,False
cve-2016-1125,2015-12-22,2016-05-12 00:00:00,,,adob reader acrobat 11.0.16 acrobat acrobat reader DC classic 15.006.30172 acrobat acrobat reader DC continu 15.016.20039 window OS X allow attack execut arbitrari code caus denial servic memori corrupt via unspecifi vector differ vulner cve-2016-1037 cve-2016-1063 cve-2016-1064 cve-2016-1071 cve-2016-1072 cve-2016-1073 cve-2016-1074 cve-2016-1076 cve-2016-1077 cve-2016-1078 cve-2016-1080 cve-2016-1081 cve-2016-1082 cve-2016-1083 cve-2016-1084 cve-2016-1085 cve-2016-1086 cve-2016-1088 cve-2016-1093 cve-2016-1095 cve-2016-1116 cve-2016-1118 cve-2016-1119 cve-2016-1120 cve-2016-1123 cve-2016-1124 cve-2016-1126 cve-2016-1127 cve-2016-1128 cve-2016-1129 cve-2016-1130 cve-2016-4088 cve-2016-4089 cve-2016-4090 cve-2016-4093 cve-2016-4094 cve-2016-4096 cve-2016-4097 cve-2016-4098 cve-2016-4099 cve-2016-4100 cve-2016-4101 cve-2016-4103 cve-2016-4104 cve-2016-4105,,0.0,False,False,2,8,2,,1.0,0.0,0.0,0.0,0.0,0.0,0.0,0.0,0.0,0.0,0.0,0.0,0.0,0.0,0.0,0.0,0.0,0.0,0.0,0.0,0.0,0.0,0.0,0.0,0.0,0.0,0.0,0.0,0.0,0.0,0.0,NETWORK,LOW,NONE,COMPLETE,COMPLETE,COMPLETE,10.0,HIGH,10.0,10.0,False,False,False,False
cve-2016-1095,2015-12-22,2016-05-12 00:00:00,,2016-05-10,adob reader acrobat 11.0.16 acrobat acrobat reader DC classic 15.006.30172 acrobat acrobat reader DC continu 15.016.20039 window OS X allow attack execut arbitrari code caus denial servic memori corrupt via unspecifi vector differ vulner cve-2016-1037 cve-2016-1063 cve-2016-1064 cve-2016-1071 cve-2016-1072 cve-2016-1073 cve-2016-1074 cve-2016-1076 cve-2016-1077 cve-2016-1078 cve-2016-1080 cve-2016-1081 cve-2016-1082 cve-2016-1083 cve-2016-1084 cve-2016-1085 cve-2016-1086 cve-2016-1088 cve-2016-1093 cve-2016-1116 cve-2016-1118 cve-2016-1119 cve-2016-1120 cve-2016-1123 cve-2016-1124 cve-2016-1125 cve-2016-1126 cve-2016-1127 cve-2016-1128 cve-2016-1129 cve-2016-1130 cve-2016-4088 cve-2016-4089 cve-2016-4090 cve-2016-4093 cve-2016-4094 cve-2016-4096 cve-2016-4097 cve-2016-4098 cve-2016-4099 cve-2016-4100 cve-2016-4101 cve-2016-4103 cve-2016-4104 cve-2016-4105,thi vulner allow attack leak sensit inform vulner instal adob reader DC user interact requir exploit vulner target must visit malici page open malici file.th specif flaw exist within handl jpeg2000 file the issu lie failur valid valu vsep last compon An attack leverag vulner disclos content adjac memori,4.3,True,False,2,8,3,,1.0,0.0,0.0,0.0,0.0,0.0,0.0,0.0,0.0,0.0,0.0,0.0,0.0,0.0,0.0,0.0,0.0,0.0,0.0,0.0,0.0,0.0,0.0,0.0,0.0,0.0,0.0,0.0,0.0,0.0,0.0,NETWORK,LOW,NONE,COMPLETE,COMPLETE,COMPLETE,10.0,HIGH,10.0,10.0,False,False,False,False
cve-2016-1037,2015-12-22,2016-05-12 00:00:00,,,adob reader acrobat 11.0.16 acrobat acrobat reader DC classic 15.006.30172 acrobat acrobat reader DC continu 15.016.20039 window OS X allow attack execut arbitrari code caus denial servic memori corrupt via unspecifi vector differ vulner cve-2016-1063 cve-2016-1064 cve-2016-1071 cve-2016-1072 cve-2016-1073 cve-2016-1074 cve-2016-1076 cve-2016-1077 cve-2016-1078 cve-2016-1080 cve-2016-1081 cve-2016-1082 cve-2016-1083 cve-2016-1084 cve-2016-1085 cve-2016-1086 cve-2016-1088 cve-2016-1093 cve-2016-1095 cve-2016-1116 cve-2016-1118 cve-2016-1119 cve-2016-1120 cve-2016-1123 cve-2016-1124 cve-2016-1125 cve-2016-1126 cve-2016-1127 cve-2016-1128 cve-2016-1129 cve-2016-1130 cve-2016-4088 cve-2016-4089 cve-2016-4090 cve-2016-4093 cve-2016-4094 cve-2016-4096 cve-2016-4097 cve-2016-4098 cve-2016-4099 cve-2016-4100 cve-2016-4101 cve-2016-4103 cve-2016-4104 cve-2016-4105,,0.0,False,False,2,8,2,,1.0,0.0,0.0,0.0,0.0,0.0,0.0,0.0,0.0,0.0,0.0,0.0,0.0,0.0,0.0,0.0,0.0,0.0,0.0,0.0,0.0,0.0,0.0,0.0,0.0,0.0,0.0,0.0,0.0,0.0,0.0,NETWORK,LOW,NONE,COMPLETE,COMPLETE,COMPLETE,10.0,HIGH,10.0,10.0,False,False,False,False
cve-2016-10006,2016-12-19,2016-12-27 00:00:00,,,In owasp antisami 1.5.5 submit special craft input tag support style activ content could bypass librari protect suppli execut code the impact xss,,0.0,False,False,75,1,3,BID SECTRACK ,0.0,0.0,0.0,0.0,0.0,0.0,0.0,0.0,0.0,0.0,0.0,0.0,0.0,0.0,0.0,0.0,0.0,0.0,0.0,0.0,0.0,0.0,0.0,0.0,0.0,0.0,1.0,0.0,0.0,0.0,0.0,NETWORK,MEDIUM,NONE,NONE,PARTIAL,NONE,4.3,MEDIUM,8.6,2.9,False,False,False,True
cve-2016-10013,2016-12-19,2017-01-27 00:00:00,,,xen 4.8.x allow local 64-bit x86 hvm guest OS user gain privileg leverag mishandl syscal singlestep emul,,0.0,False,False,23,1,4,SECTRACK BID ,0.0,0.0,0.0,0.0,0.0,0.0,0.0,0.0,0.0,1.0,0.0,0.0,0.0,0.0,0.0,0.0,0.0,0.0,0.0,0.0,0.0,0.0,0.0,0.0,0.0,0.0,0.0,0.0,0.0,0.0,0.0,LOCAL,LOW,NONE,PARTIAL,PARTIAL,PARTIAL,4.6,MEDIUM,3.9,6.4,False,False,False,False
cve-2016-10027,2016-12-22,2017-01-18 00:00:00,,,race condit xmpp librari smack 4.1.9 securitymode.requir tl set set allow man-in-the-middl attack bypass tl protect trigger use cleartext client authent strip `` starttl '' featur server respons,,0.0,False,False,41,2,7,FEDORA CONFIRM CONFIRM BID ,0.0,0.0,0.0,0.0,0.0,0.0,0.0,0.0,0.0,0.0,0.0,0.0,0.0,0.0,0.0,1.0,0.0,0.0,0.0,0.0,0.0,0.0,0.0,0.0,0.0,0.0,0.0,0.0,0.0,0.0,0.0,NETWORK,MEDIUM,NONE,PARTIAL,NONE,NONE,4.3,MEDIUM,8.6,2.9,False,False,False,False
cve-2016-10173,2017-01-29,2017-02-27 00:00:00,,,directori travers vulner minitar 0.6 archive-tar-minitar 0.5.2 gem rubi allow remot attack write arbitrari file via .. dot dot tar archiv entri,,0.0,False,False,19,2,8,BID ,0.0,0.0,0.0,0.0,0.0,0.0,0.0,1.0,0.0,0.0,0.0,0.0,0.0,0.0,0.0,0.0,0.0,0.0,0.0,0.0,0.0,0.0,0.0,0.0,0.0,0.0,0.0,0.0,0.0,0.0,0.0,NETWORK,LOW,NONE,NONE,PARTIAL,NONE,5.0,MEDIUM,10.0,2.9,False,False,False,False
cve-2016-10176,2017-01-29,2017-02-24 00:00:00,,,the netgear wnr2000v5 router allow administr perform sensit action invok apply.cgi url web server devic thi special url handl embed web server uhttpd process accordingli the web server also contain anoth url apply_noauth.cgi allow unauthent user perform sensit action devic thi function exploit chang router set answer password-recoveri question achiev remot code execut,,0.0,False,False,16,2,5,BID ,0.0,0.0,0.0,0.0,0.0,1.0,0.0,0.0,0.0,0.0,0.0,0.0,0.0,0.0,0.0,0.0,0.0,0.0,0.0,0.0,0.0,0.0,0.0,0.0,0.0,0.0,0.0,0.0,0.0,0.0,0.0,NETWORK,LOW,NONE,PARTIAL,PARTIAL,PARTIAL,7.5,HIGH,10.0,6.4,False,False,False,False
cve-2016-0957,2015-12-22,2016-02-22 00:00:00,,,dispatch 4.1.5 adob experi manag 5.6.1 6.0 6.1 properli implement url filter allow remot attack bypass dispatch rule via unspecifi vector,,0.0,False,False,86,7,1,,0.0,0.0,0.0,0.0,0.0,0.0,0.0,0.0,0.0,0.0,0.0,0.0,0.0,0.0,0.0,0.0,0.0,0.0,0.0,0.0,0.0,0.0,0.0,0.0,0.0,0.0,0.0,0.0,0.0,0.0,1.0,NETWORK,LOW,NONE,COMPLETE,NONE,NONE,7.8,HIGH,10.0,6.9,False,False,False,FALSE
cve-2016-1572,2016-01-12,2016-01-25 00:00:00,,,mount.ecryptfs_private.c ecryptfs-util valid mount destin filesystem type allow local user gain privileg mount nonstandard filesystem demonstr /proc/ pid,,0.0,False,False,23,8,11,CONFIRM CONFIRM ,0.0,0.0,0.0,0.0,0.0,0.0,0.0,0.0,0.0,1.0,0.0,0.0,0.0,0.0,0.0,0.0,0.0,0.0,0.0,0.0,0.0,0.0,0.0,0.0,0.0,0.0,0.0,0.0,0.0,0.0,0.0,LOCAL,LOW,NONE,PARTIAL,PARTIAL,PARTIAL,4.6,MEDIUM,3.9,6.4,False,False,False,False
cve-2015-8770,2016-01-13,2016-02-23 00:00:00,,,directori travers vulner set_skin function program/include/rcmail_output_html.php roundcub 1.8 1.1.x 1.1.4 allow remot authent user certain permiss read arbitrari file possibl execut arbitrari code via .. dot dot _skin paramet index.php,,0.0,False,False,19,5,12,,0.0,0.0,0.0,0.0,0.0,0.0,0.0,1.0,0.0,0.0,0.0,0.0,0.0,0.0,0.0,0.0,0.0,0.0,0.0,0.0,0.0,0.0,0.0,0.0,0.0,0.0,0.0,0.0,0.0,0.0,0.0,NETWORK,MEDIUM,SINGLE,PARTIAL,PARTIAL,PARTIAL,6.0,MEDIUM,6.8,6.4,False,False,False,FALSE
cve-2016-1894,2016-01-13,2017-02-16 00:00:00,,,netapp oncommand workflow autom 3.1p2 allow remot attack bypass authent via unspecifi vector,,0.0,False,False,26,1,2,,0.0,0.0,0.0,0.0,0.0,0.0,0.0,0.0,0.0,0.0,0.0,1.0,0.0,0.0,0.0,0.0,0.0,0.0,0.0,0.0,0.0,0.0,0.0,0.0,0.0,0.0,0.0,0.0,0.0,0.0,0.0,NETWORK,MEDIUM,NONE,COMPLETE,COMPLETE,COMPLETE,9.3,HIGH,8.6,10.0,False,False,False,False
cve-2016-1882,2016-01-13,2016-03-01 00:00:00,,,freebsd 9.3 p33 10.1 p26 10.2 p9 allow remot attack caus denial servic kernel crash via vector relat creat tcp connect tcp_md5sig tcp_noopt socket option,,0.0,False,False,11,3,2,,0.0,0.0,0.0,1.0,0.0,0.0,0.0,0.0,0.0,0.0,0.0,0.0,0.0,0.0,0.0,0.0,0.0,0.0,0.0,0.0,0.0,0.0,0.0,0.0,0.0,0.0,0.0,0.0,0.0,0.0,0.0,NETWORK,LOW,NONE,NONE,NONE,COMPLETE,7.8,HIGH,10.0,6.9,False,False,False,FALSE
cve-2015-8816,2016-02-23,2016-05-03 00:00:00,,,the hub_activ function drivers/usb/core/hub.c linux kernel 4.3.5 properli maintain hub-interfac data structur allow physic proxim attack caus denial servic invalid memori access system crash possibl unspecifi impact unplug usb hub devic,,0.0,False,False,85,13,27,CONFIRM CONFIRM CONFIRM SUSE SUSE SUSE SUSE ,0.0,0.0,0.0,0.0,0.0,0.0,0.0,0.0,0.0,0.0,0.0,0.0,0.0,0.0,0.0,0.0,0.0,0.0,0.0,0.0,0.0,0.0,0.0,0.0,0.0,0.0,0.0,0.0,0.0,1.0,0.0,LOCAL,LOW,NONE,COMPLETE,COMPLETE,COMPLETE,7.2,HIGH,3.9,10.0,False,False,False,False
cve-2016-2518,2016-02-20,2021-06-09 00:00:00,,,the match_assoc function ntp version 4.2.8p9 4.3.x 4.3.92 allow remot attack caus out-of-bound refer via addpeer request larg hmode valu,,0.0,False,False,4,125,33,CERT-VN CONFIRM CONFIRM BID CONFIRM GENTOO SECTRACK DEBIAN CONFIRM FREEBSD REDHAT CONFIRM CONFIRM ,0.0,1.0,0.0,0.0,0.0,0.0,0.0,0.0,0.0,0.0,0.0,0.0,0.0,0.0,0.0,0.0,0.0,0.0,0.0,0.0,0.0,0.0,0.0,0.0,0.0,0.0,0.0,0.0,0.0,0.0,0.0,NETWORK,LOW,NONE,NONE,NONE,PARTIAL,5.0,MEDIUM,10.0,2.9,False,False,False,False
cve-2016-3106,2016-03-10,2017-04-20 00:00:00,,,pulp 2.8.3 creat temporari directori CA key gener insecur manner,,0.0,False,False,41,1,4,,0.0,0.0,0.0,0.0,0.0,0.0,0.0,0.0,0.0,0.0,0.0,0.0,0.0,0.0,0.0,1.0,0.0,0.0,0.0,0.0,0.0,0.0,0.0,0.0,0.0,0.0,0.0,0.0,0.0,0.0,0.0,NETWORK,LOW,NONE,PARTIAL,NONE,NONE,5.0,MEDIUM,10.0,2.9,False,False,False,False
cve-2016-3132,2016-03-13,2016-08-09 00:00:00,,,doubl free vulner spldoublylinkedlist :offsetset function ext/spl/spl_dllist.c php 7.x 7.0.6 allow remot attack execut arbitrari code via craft index,,0.0,False,False,48,6,5,CONFIRM ,0.0,0.0,0.0,0.0,0.0,0.0,0.0,0.0,0.0,0.0,0.0,0.0,0.0,0.0,0.0,0.0,0.0,0.0,0.0,1.0,0.0,0.0,0.0,0.0,0.0,0.0,0.0,0.0,0.0,0.0,0.0,NETWORK,LOW,NONE,PARTIAL,PARTIAL,PARTIAL,7.5,HIGH,10.0,6.4,False,False,False,False
cve-2016-3177,2016-03-15,2017-01-24 00:00:00,,,multipl use-after-fre double-fre vulner gifcolor.c giflib 5.1.2 unspecifi impact attack vector,,0.0,False,False,48,1,2,MLIST ,0.0,0.0,0.0,0.0,0.0,0.0,0.0,0.0,0.0,0.0,0.0,0.0,0.0,0.0,0.0,0.0,0.0,0.0,0.0,1.0,0.0,0.0,0.0,0.0,0.0,0.0,0.0,0.0,0.0,0.0,0.0,NETWORK,LOW,NONE,PARTIAL,PARTIAL,PARTIAL,7.5,HIGH,10.0,6.4,False,False,False,False
cve-2016-3162,2016-03-15,2016-04-22 00:00:00,,,the file modul drupal 7.x 7.43 8.x 8.0.4 allow remot authent user bypass access restrict read delet substitut link file upload unprocess form leverag permiss creat content comment upload file,,0.0,False,False,26,63,4,,0.0,0.0,0.0,0.0,0.0,0.0,0.0,0.0,0.0,0.0,0.0,1.0,0.0,0.0,0.0,0.0,0.0,0.0,0.0,0.0,0.0,0.0,0.0,0.0,0.0,0.0,0.0,0.0,0.0,0.0,0.0,NETWORK,LOW,SINGLE,PARTIAL,PARTIAL,PARTIAL,6.5,MEDIUM,8.0,6.4,False,False,False,FALSE
cve-2016-3699,2016-03-30,2016-10-07 00:00:00,,,the linux kernel use red hat enterpris linux 7.2 red hat enterpris mrg 2 boot uefi secur boot enabl allow local user bypass intend secur boot restrict execut untrust code append acpi tabl initrd,,0.0,False,False,23,3,6,MLIST ,0.0,0.0,0.0,0.0,0.0,0.0,0.0,0.0,0.0,1.0,0.0,0.0,0.0,0.0,0.0,0.0,0.0,0.0,0.0,0.0,0.0,0.0,0.0,0.0,0.0,0.0,0.0,0.0,0.0,0.0,0.0,LOCAL,MEDIUM,NONE,COMPLETE,COMPLETE,COMPLETE,6.9,MEDIUM,3.4,10.0,False,False,False,False
cve-2016-3710,2016-03-30,2020-05-14 00:00:00,,,the vga modul qemu improperli perform bound check bank access video memori allow local guest OS administr execut arbitrari code host chang access mode set bank regist aka `` dark portal '' issu,,0.0,False,False,2,47,22,MLIST CONFIRM SECTRACK DEBIAN CONFIRM UBUNTU REDHAT REDHAT REDHAT REDHAT REDHAT REDHAT REDHAT REDHAT REDHAT CONFIRM CONFIRM CONFIRM BID CONFIRM REDHAT ,1.0,0.0,0.0,0.0,0.0,0.0,0.0,0.0,0.0,0.0,0.0,0.0,0.0,0.0,0.0,0.0,0.0,0.0,0.0,0.0,0.0,0.0,0.0,0.0,0.0,0.0,0.0,0.0,0.0,0.0,0.0,LOCAL,LOW,NONE,COMPLETE,COMPLETE,COMPLETE,7.2,HIGH,3.9,10.0,False,False,False,False
cve-2016-4007,2016-04-13,2016-04-18 00:00:00,,,multipl unspecifi vulner obs-service-extract_fil packag 0.3-5.1 opensus leap 42.1 0.3-3.1 opensus 13.2 allow attack execut arbitrari command via servic definit relat execut unzip `` illeg option '',,0.0,False,False,86,2,5,SUSE ,0.0,0.0,0.0,0.0,0.0,0.0,0.0,0.0,0.0,0.0,0.0,0.0,0.0,0.0,0.0,0.0,0.0,0.0,0.0,0.0,0.0,0.0,0.0,0.0,0.0,0.0,0.0,0.0,0.0,0.0,1.0,NETWORK,LOW,NONE,COMPLETE,COMPLETE,COMPLETE,10.0,HIGH,10.0,10.0,False,False,False,FALSE
cve-2016-4233,2016-04-27,2016-07-14 00:00:00,,,adob flash player 18.0.366 19.x 22.x 22.0.209 window OS X 11.2.202.632 linux allow attack execut arbitrari code caus denial servic memori corrupt via unspecifi vector differ vulner cve-2016-4172 cve-2016-4175 cve-2016-4179 cve-2016-4180 cve-2016-4181 cve-2016-4182 cve-2016-4183 cve-2016-4184 cve-2016-4185 cve-2016-4186 cve-2016-4187 cve-2016-4188 cve-2016-4189 cve-2016-4190 cve-2016-4217 cve-2016-4218 cve-2016-4219 cve-2016-4220 cve-2016-4221 cve-2016-4234 cve-2016-4235 cve-2016-4236 cve-2016-4237 cve-2016-4238 cve-2016-4239 cve-2016-4240 cve-2016-4241 cve-2016-4242 cve-2016-4243 cve-2016-4244 cve-2016-4245 cve-2016-4246,,0.0,False,False,2,18,7,,1.0,0.0,0.0,0.0,0.0,0.0,0.0,0.0,0.0,0.0,0.0,0.0,0.0,0.0,0.0,0.0,0.0,0.0,0.0,0.0,0.0,0.0,0.0,0.0,0.0,0.0,0.0,0.0,0.0,0.0,0.0,NETWORK,LOW,NONE,COMPLETE,COMPLETE,COMPLETE,10.0,HIGH,10.0,10.0,False,False,False,False
cve-2016-4236,2016-04-27,2016-07-14 00:00:00,,,adob flash player 18.0.366 19.x 22.x 22.0.209 window OS X 11.2.202.632 linux allow attack execut arbitrari code caus denial servic memori corrupt via unspecifi vector differ vulner cve-2016-4172 cve-2016-4175 cve-2016-4179 cve-2016-4180 cve-2016-4181 cve-2016-4182 cve-2016-4183 cve-2016-4184 cve-2016-4185 cve-2016-4186 cve-2016-4187 cve-2016-4188 cve-2016-4189 cve-2016-4190 cve-2016-4217 cve-2016-4218 cve-2016-4219 cve-2016-4220 cve-2016-4221 cve-2016-4233 cve-2016-4234 cve-2016-4235 cve-2016-4237 cve-2016-4238 cve-2016-4239 cve-2016-4240 cve-2016-4241 cve-2016-4242 cve-2016-4243 cve-2016-4244 cve-2016-4245 cve-2016-4246,,0.0,False,False,2,18,7,,1.0,0.0,0.0,0.0,0.0,0.0,0.0,0.0,0.0,0.0,0.0,0.0,0.0,0.0,0.0,0.0,0.0,0.0,0.0,0.0,0.0,0.0,0.0,0.0,0.0,0.0,0.0,0.0,0.0,0.0,0.0,NETWORK,LOW,NONE,COMPLETE,COMPLETE,COMPLETE,10.0,HIGH,10.0,10.0,False,False,False,False
cve-2016-4246,2016-04-27,2016-07-14 00:00:00,,,adob flash player 18.0.366 19.x 22.x 22.0.209 window OS X 11.2.202.632 linux allow attack execut arbitrari code caus denial servic memori corrupt via unspecifi vector differ vulner cve-2016-4172 cve-2016-4175 cve-2016-4179 cve-2016-4180 cve-2016-4181 cve-2016-4182 cve-2016-4183 cve-2016-4184 cve-2016-4185 cve-2016-4186 cve-2016-4187 cve-2016-4188 cve-2016-4189 cve-2016-4190 cve-2016-4217 cve-2016-4218 cve-2016-4219 cve-2016-4220 cve-2016-4221 cve-2016-4233 cve-2016-4234 cve-2016-4235 cve-2016-4236 cve-2016-4237 cve-2016-4238 cve-2016-4239 cve-2016-4240 cve-2016-4241 cve-2016-4242 cve-2016-4243 cve-2016-4244 cve-2016-4245,,0.0,False,False,2,18,7,,1.0,0.0,0.0,0.0,0.0,0.0,0.0,0.0,0.0,0.0,0.0,0.0,0.0,0.0,0.0,0.0,0.0,0.0,0.0,0.0,0.0,0.0,0.0,0.0,0.0,0.0,0.0,0.0,0.0,0.0,0.0,NETWORK,LOW,NONE,COMPLETE,COMPLETE,COMPLETE,10.0,HIGH,10.0,10.0,False,False,False,False
cve-2016-4189,2016-04-27,2016-07-13 00:00:00,,,adob flash player 18.0.366 19.x 22.x 22.0.209 window OS X 11.2.202.632 linux allow attack execut arbitrari code caus denial servic memori corrupt via unspecifi vector differ vulner cve-2016-4172 cve-2016-4175 cve-2016-4179 cve-2016-4180 cve-2016-4181 cve-2016-4182 cve-2016-4183 cve-2016-4184 cve-2016-4185 cve-2016-4186 cve-2016-4187 cve-2016-4188 cve-2016-4190 cve-2016-4217 cve-2016-4218 cve-2016-4219 cve-2016-4220 cve-2016-4221 cve-2016-4233 cve-2016-4234 cve-2016-4235 cve-2016-4236 cve-2016-4237 cve-2016-4238 cve-2016-4239 cve-2016-4240 cve-2016-4241 cve-2016-4242 cve-2016-4243 cve-2016-4244 cve-2016-4245 cve-2016-4246,,0.0,False,False,2,18,6,,1.0,0.0,0.0,0.0,0.0,0.0,0.0,0.0,0.0,0.0,0.0,0.0,0.0,0.0,0.0,0.0,0.0,0.0,0.0,0.0,0.0,0.0,0.0,0.0,0.0,0.0,0.0,0.0,0.0,0.0,0.0,NETWORK,LOW,NONE,COMPLETE,COMPLETE,COMPLETE,10.0,HIGH,10.0,10.0,False,False,False,False
cve-2016-4341,2016-04-27,2017-02-24 00:00:00,,,netapp cluster data ontap 8.3.2p7 allow remot attack obtain smb share inform via unspecifi vector,,0.0,False,False,17,1,1,,0.0,0.0,0.0,0.0,0.0,0.0,1.0,0.0,0.0,0.0,0.0,0.0,0.0,0.0,0.0,0.0,0.0,0.0,0.0,0.0,0.0,0.0,0.0,0.0,0.0,0.0,0.0,0.0,0.0,0.0,0.0,NETWORK,LOW,NONE,PARTIAL,NONE,NONE,5.0,MEDIUM,10.0,2.9,False,False,False,False
cve-2016-4096,2016-04-27,2016-05-12 00:00:00,,,adob reader acrobat 11.0.16 acrobat acrobat reader DC classic 15.006.30172 acrobat acrobat reader DC continu 15.016.20039 window OS X allow attack execut arbitrari code caus denial servic memori corrupt via unspecifi vector differ vulner cve-2016-1037 cve-2016-1063 cve-2016-1064 cve-2016-1071 cve-2016-1072 cve-2016-1073 cve-2016-1074 cve-2016-1076 cve-2016-1077 cve-2016-1078 cve-2016-1080 cve-2016-1081 cve-2016-1082 cve-2016-1083 cve-2016-1084 cve-2016-1085 cve-2016-1086 cve-2016-1088 cve-2016-1093 cve-2016-1095 cve-2016-1116 cve-2016-1118 cve-2016-1119 cve-2016-1120 cve-2016-1123 cve-2016-1124 cve-2016-1125 cve-2016-1126 cve-2016-1127 cve-2016-1128 cve-2016-1129 cve-2016-1130 cve-2016-4088 cve-2016-4089 cve-2016-4090 cve-2016-4093 cve-2016-4094 cve-2016-4097 cve-2016-4098 cve-2016-4099 cve-2016-4100 cve-2016-4101 cve-2016-4103 cve-2016-4104 cve-2016-4105,,0.0,False,False,2,8,2,SECTRACK ,1.0,0.0,0.0,0.0,0.0,0.0,0.0,0.0,0.0,0.0,0.0,0.0,0.0,0.0,0.0,0.0,0.0,0.0,0.0,0.0,0.0,0.0,0.0,0.0,0.0,0.0,0.0,0.0,0.0,0.0,0.0,NETWORK,LOW,NONE,COMPLETE,COMPLETE,COMPLETE,10.0,HIGH,10.0,10.0,False,False,False,False
cve-2016-4119,2016-04-27,2016-08-29 00:00:00,,,adob reader acrobat 11.0.16 acrobat acrobat reader DC classic 15.006.30172 acrobat acrobat reader DC continu 15.016.20039 window OS X allow attack execut arbitrari code caus denial servic memori corrupt via unspecifi vector differ vulner cve-2016-1037 cve-2016-1063 cve-2016-1064 cve-2016-1071 cve-2016-1072 cve-2016-1073 cve-2016-1074 cve-2016-1076 cve-2016-1077 cve-2016-1078 cve-2016-1080 cve-2016-1081 cve-2016-1082 cve-2016-1083 cve-2016-1084 cve-2016-1085 cve-2016-1086 cve-2016-1088 cve-2016-1093 cve-2016-1095 cve-2016-1116 cve-2016-1118 cve-2016-1119 cve-2016-1120 cve-2016-1123 cve-2016-1124 cve-2016-1125 cve-2016-1126 cve-2016-1127 cve-2016-1128 cve-2016-1129 cve-2016-1130 cve-2016-4088 cve-2016-4089 cve-2016-4090 cve-2016-4093 cve-2016-4094 cve-2016-4096 cve-2016-4097 cve-2016-4098 cve-2016-4099 cve-2016-4100 cve-2016-4101 cve-2016-4103 cve-2016-4104 cve-2016-4105,,0.0,False,False,2,8,2,,1.0,0.0,0.0,0.0,0.0,0.0,0.0,0.0,0.0,0.0,0.0,0.0,0.0,0.0,0.0,0.0,0.0,0.0,0.0,0.0,0.0,0.0,0.0,0.0,0.0,0.0,0.0,0.0,0.0,0.0,0.0,NETWORK,LOW,NONE,COMPLETE,COMPLETE,COMPLETE,10.0,HIGH,10.0,10.0,False,False,False,False
cve-2016-4216,2016-04-27,2016-07-14 00:00:00,,,xmpcore adob xmp toolkit java 5.1.3 allow remot attack read arbitrari file via xml data contain extern entiti declar conjunct entiti refer relat xml extern entiti xxe issu,,0.0,False,False,85,1,2,,0.0,0.0,0.0,0.0,0.0,0.0,0.0,0.0,0.0,0.0,0.0,0.0,0.0,0.0,0.0,0.0,0.0,0.0,0.0,0.0,0.0,0.0,0.0,0.0,0.0,0.0,0.0,0.0,0.0,1.0,0.0,NETWORK,LOW,NONE,PARTIAL,NONE,NONE,5.0,MEDIUM,10.0,2.9,False,False,False,False
cve-2016-4323,2016-04-27,2017-01-10 00:00:00,,,A directori travers exist handl mxit protocol pidgin special craft mxit data sent server could potenti result overwrit file A malici server someon access network traffic provid invalid filenam splash imag trigger vulner,,0.0,False,False,19,5,6,UBUNTU DEBIAN ,0.0,0.0,0.0,0.0,0.0,0.0,0.0,1.0,0.0,0.0,0.0,0.0,0.0,0.0,0.0,0.0,0.0,0.0,0.0,0.0,0.0,0.0,0.0,0.0,0.0,0.0,0.0,0.0,0.0,0.0,0.0,NETWORK,MEDIUM,NONE,NONE,PARTIAL,PARTIAL,5.8,MEDIUM,8.6,4.9,False,False,False,False
cve-2016-4253,2016-04-27,2016-08-11 00:00:00,,,the backup function adob experi manag 5.6.1 6.0 6.1 6.2 allow attack obtain sensit inform via unspecifi vector,,0.0,False,False,17,4,3,,0.0,0.0,0.0,0.0,0.0,0.0,1.0,0.0,0.0,0.0,0.0,0.0,0.0,0.0,0.0,0.0,0.0,0.0,0.0,0.0,0.0,0.0,0.0,0.0,0.0,0.0,0.0,0.0,0.0,0.0,0.0,NETWORK,LOW,NONE,PARTIAL,NONE,NONE,5.0,MEDIUM,10.0,2.9,False,False,False,False
cve-2016-4169,2016-04-27,2016-08-11 00:00:00,,,adob experi manag 6.0 6.1 6.2 allow attack obtain sensit audit log event inform via unspecifi vector,,0.0,False,False,17,3,3,,0.0,0.0,0.0,0.0,0.0,0.0,1.0,0.0,0.0,0.0,0.0,0.0,0.0,0.0,0.0,0.0,0.0,0.0,0.0,0.0,0.0,0.0,0.0,0.0,0.0,0.0,0.0,0.0,0.0,0.0,0.0,NETWORK,LOW,NONE,PARTIAL,NONE,NONE,5.0,MEDIUM,10.0,2.9,False,False,False,False
cve-2016-4340,2016-04-27,2017-01-25 00:00:00,,,the imperson featur gitlab 8.7.0 8.6.0 8.6.7 8.5.0 8.5.11 8.4.0 8.4.9 8.3.0 8.3.8 8.2.0 8.2.4 allow remot authent user `` log '' user via unspecifi vector,,0.0,False,False,23,45,4,,0.0,0.0,0.0,0.0,0.0,0.0,0.0,0.0,0.0,1.0,0.0,0.0,0.0,0.0,0.0,0.0,0.0,0.0,0.0,0.0,0.0,0.0,0.0,0.0,0.0,0.0,0.0,0.0,0.0,0.0,0.0,NETWORK,LOW,SINGLE,PARTIAL,PARTIAL,PARTIAL,6.5,MEDIUM,8.0,6.4,False,False,False,False
cve-2016-4247,2016-04-27,2016-07-14 00:00:00,,,race condit adob flash player 18.0.366 19.x 22.x 22.0.209 window OS X 11.2.202.632 linux allow attack obtain sensit inform via unspecifi vector,,0.0,False,False,41,18,8,,0.0,0.0,0.0,0.0,0.0,0.0,0.0,0.0,0.0,0.0,0.0,0.0,0.0,0.0,0.0,1.0,0.0,0.0,0.0,0.0,0.0,0.0,0.0,0.0,0.0,0.0,0.0,0.0,0.0,0.0,0.0,NETWORK,MEDIUM,NONE,PARTIAL,NONE,NONE,4.3,MEDIUM,8.6,2.9,False,False,False,False
cve-2016-4178,2016-04-27,2016-07-14 00:00:00,,,adob flash player 18.0.366 19.x 22.x 22.0.209 window OS X 11.2.202.632 linux allow attack bypass intend access restrict obtain sensit inform via unspecifi vector,,0.0,False,False,17,18,7,,0.0,0.0,0.0,0.0,0.0,0.0,1.0,0.0,0.0,0.0,0.0,0.0,0.0,0.0,0.0,0.0,0.0,0.0,0.0,0.0,0.0,0.0,0.0,0.0,0.0,0.0,0.0,0.0,0.0,0.0,0.0,NETWORK,LOW,NONE,PARTIAL,NONE,NONE,5.0,MEDIUM,10.0,2.9,False,False,False,False
cve-2016-4210,2016-04-27,2016-07-14 00:00:00,,,integ overflow adob reader acrobat 11.0.17 acrobat acrobat reader DC classic 15.006.30198 acrobat acrobat reader DC continu 15.017.20050 window OS X allow attack execut arbitrari code via unspecifi vector,,0.0,False,False,2,8,3,,1.0,0.0,0.0,0.0,0.0,0.0,0.0,0.0,0.0,0.0,0.0,0.0,0.0,0.0,0.0,0.0,0.0,0.0,0.0,0.0,0.0,0.0,0.0,0.0,0.0,0.0,0.0,0.0,0.0,0.0,0.0,NETWORK,LOW,NONE,COMPLETE,COMPLETE,COMPLETE,10.0,HIGH,10.0,10.0,False,False,False,False
cve-2016-4097,2016-04-27,2016-05-12 00:00:00,,,adob reader acrobat 11.0.16 acrobat acrobat reader DC classic 15.006.30172 acrobat acrobat reader DC continu 15.016.20039 window OS X allow attack execut arbitrari code caus denial servic memori corrupt via unspecifi vector differ vulner cve-2016-1037 cve-2016-1063 cve-2016-1064 cve-2016-1071 cve-2016-1072 cve-2016-1073 cve-2016-1074 cve-2016-1076 cve-2016-1077 cve-2016-1078 cve-2016-1080 cve-2016-1081 cve-2016-1082 cve-2016-1083 cve-2016-1084 cve-2016-1085 cve-2016-1086 cve-2016-1088 cve-2016-1093 cve-2016-1095 cve-2016-1116 cve-2016-1118 cve-2016-1119 cve-2016-1120 cve-2016-1123 cve-2016-1124 cve-2016-1125 cve-2016-1126 cve-2016-1127 cve-2016-1128 cve-2016-1129 cve-2016-1130 cve-2016-4088 cve-2016-4089 cve-2016-4090 cve-2016-4093 cve-2016-4094 cve-2016-4096 cve-2016-4098 cve-2016-4099 cve-2016-4100 cve-2016-4101 cve-2016-4103 cve-2016-4104 cve-2016-4105,,0.0,False,False,2,8,2,SECTRACK ,1.0,0.0,0.0,0.0,0.0,0.0,0.0,0.0,0.0,0.0,0.0,0.0,0.0,0.0,0.0,0.0,0.0,0.0,0.0,0.0,0.0,0.0,0.0,0.0,0.0,0.0,0.0,0.0,0.0,0.0,0.0,NETWORK,LOW,NONE,COMPLETE,COMPLETE,COMPLETE,10.0,HIGH,10.0,10.0,False,False,False,False
cve-2016-4172,2016-04-27,2016-07-14 00:00:00,,,adob flash player 18.0.366 19.x 22.x 22.0.209 window OS X 11.2.202.632 linux allow attack execut arbitrari code caus denial servic memori corrupt via unspecifi vector differ vulner cve-2016-4175 cve-2016-4179 cve-2016-4180 cve-2016-4181 cve-2016-4182 cve-2016-4183 cve-2016-4184 cve-2016-4185 cve-2016-4186 cve-2016-4187 cve-2016-4188 cve-2016-4189 cve-2016-4190 cve-2016-4217 cve-2016-4218 cve-2016-4219 cve-2016-4220 cve-2016-4221 cve-2016-4233 cve-2016-4234 cve-2016-4235 cve-2016-4236 cve-2016-4237 cve-2016-4238 cve-2016-4239 cve-2016-4240 cve-2016-4241 cve-2016-4242 cve-2016-4243 cve-2016-4244 cve-2016-4245 cve-2016-4246,,0.0,False,False,2,18,6,,1.0,0.0,0.0,0.0,0.0,0.0,0.0,0.0,0.0,0.0,0.0,0.0,0.0,0.0,0.0,0.0,0.0,0.0,0.0,0.0,0.0,0.0,0.0,0.0,0.0,0.0,0.0,0.0,0.0,0.0,0.0,NETWORK,LOW,NONE,COMPLETE,COMPLETE,COMPLETE,10.0,HIGH,10.0,10.0,False,False,False,False
cve-2016-4238,2016-04-27,2016-07-14 00:00:00,,,adob flash player 18.0.366 19.x 22.x 22.0.209 window OS X 11.2.202.632 linux allow attack execut arbitrari code caus denial servic memori corrupt via unspecifi vector differ vulner cve-2016-4172 cve-2016-4175 cve-2016-4179 cve-2016-4180 cve-2016-4181 cve-2016-4182 cve-2016-4183 cve-2016-4184 cve-2016-4185 cve-2016-4186 cve-2016-4187 cve-2016-4188 cve-2016-4189 cve-2016-4190 cve-2016-4217 cve-2016-4218 cve-2016-4219 cve-2016-4220 cve-2016-4221 cve-2016-4233 cve-2016-4234 cve-2016-4235 cve-2016-4236 cve-2016-4237 cve-2016-4239 cve-2016-4240 cve-2016-4241 cve-2016-4242 cve-2016-4243 cve-2016-4244 cve-2016-4245 cve-2016-4246,,0.0,False,False,2,18,7,,1.0,0.0,0.0,0.0,0.0,0.0,0.0,0.0,0.0,0.0,0.0,0.0,0.0,0.0,0.0,0.0,0.0,0.0,0.0,0.0,0.0,0.0,0.0,0.0,0.0,0.0,0.0,0.0,0.0,0.0,0.0,NETWORK,LOW,NONE,COMPLETE,COMPLETE,COMPLETE,10.0,HIGH,10.0,10.0,False,False,False,False
cve-2016-5025,2016-05-24,2016-11-10 00:00:00,,,for nvidia quadro nv geforc product improp sanit paramet nvapi support layer caus denial servic vulner blue screen crash within nvidia window graphic driver,,0.0,False,False,16,43,3,BID CONFIRM ,0.0,0.0,0.0,0.0,0.0,1.0,0.0,0.0,0.0,0.0,0.0,0.0,0.0,0.0,0.0,0.0,0.0,0.0,0.0,0.0,0.0,0.0,0.0,0.0,0.0,0.0,0.0,0.0,0.0,0.0,0.0,LOCAL,LOW,NONE,PARTIAL,PARTIAL,COMPLETE,6.1,MEDIUM,3.9,8.5,False,False,False,False
cve-2016-4972,2016-05-24,2016-09-28 00:00:00,,,openstack murano 1.3 liberti 2.x 2.0.1 mitaka murano-dashboard 1.3 liberti 2.x 2.0.1 mitaka python-muranocli 0.7.3 liberti 0.8.x 0.8.5 mitaka improperli use loader inherit yaml.load pars muranopl UI file allow remot attack creat arbitrari python object execut arbitrari code via craft extend yaml tag UI definit packag,,0.0,False,False,16,4,3,,0.0,0.0,0.0,0.0,0.0,1.0,0.0,0.0,0.0,0.0,0.0,0.0,0.0,0.0,0.0,0.0,0.0,0.0,0.0,0.0,0.0,0.0,0.0,0.0,0.0,0.0,0.0,0.0,0.0,0.0,0.0,NETWORK,LOW,NONE,PARTIAL,PARTIAL,PARTIAL,7.5,HIGH,10.0,6.4,False,False,False,False
cve-2016-5175,2016-05-31,2016-09-27 00:00:00,,,multipl unspecifi vulner googl chrome 53.0.2785.113 allow attack caus denial servic possibl impact via unknown vector,,0.0,False,False,86,1,9,CONFIRM ,0.0,0.0,0.0,0.0,0.0,0.0,0.0,0.0,0.0,0.0,0.0,0.0,0.0,0.0,0.0,0.0,0.0,0.0,0.0,0.0,0.0,0.0,0.0,0.0,0.0,0.0,0.0,0.0,0.0,0.0,1.0,NETWORK,MEDIUM,NONE,PARTIAL,PARTIAL,PARTIAL,6.8,MEDIUM,8.6,6.4,False,False,False,True
cve-2016-5349,2016-06-09,2017-04-12 00:00:00,,,the high level oper system hlo provid suffici memori address inform ensur secur applic insid qualcomm secur execut environ qsee write legitim memori rang relat qsee secur applic 's hlo client when secur applic insid qualcomm secur execut environ qsee receiv memori address high level oper system hlo linux android address previous verifi belong hlo memori space rather qsee memori space verifi hlo user space rather kernel space thi lack verif could lead privileg escal within hlo,,0.0,False,False,17,1,5,CONFIRM CONFIRM BID ,0.0,0.0,0.0,0.0,0.0,0.0,1.0,0.0,0.0,0.0,0.0,0.0,0.0,0.0,0.0,0.0,0.0,0.0,0.0,0.0,0.0,0.0,0.0,0.0,0.0,0.0,0.0,0.0,0.0,0.0,0.0,NETWORK,MEDIUM,NONE,PARTIAL,NONE,NONE,4.3,MEDIUM,8.6,2.9,False,False,False,True
cve-2016-6080,2016-06-29,2017-02-07 00:00:00,,,the webadmin context webspher messag broker allow directori list could disclos sensit inform attack,,0.0,False,False,17,1,2,BID ,0.0,0.0,0.0,0.0,0.0,0.0,1.0,0.0,0.0,0.0,0.0,0.0,0.0,0.0,0.0,0.0,0.0,0.0,0.0,0.0,0.0,0.0,0.0,0.0,0.0,0.0,0.0,0.0,0.0,0.0,0.0,NETWORK,LOW,NONE,PARTIAL,NONE,NONE,5.0,MEDIUM,10.0,2.9,False,False,False,False
cve-2016-6185,2016-07-08,2020-09-10 00:00:00,,,the xsloader :load method xsloader perl properli locat .so file call string eval might allow local user execut arbitrari code via trojan hors librari current work directori,,0.0,False,False,86,12,14,FEDORA CONFIRM FEDORA MLIST MLIST DEBIAN SECTRACK FEDORA CONFIRM BID GENTOO UBUNTU UBUNTU ,0.0,0.0,0.0,0.0,0.0,0.0,0.0,0.0,0.0,0.0,0.0,0.0,0.0,0.0,0.0,0.0,0.0,0.0,0.0,0.0,0.0,0.0,0.0,0.0,0.0,0.0,0.0,0.0,0.0,0.0,1.0,LOCAL,LOW,NONE,PARTIAL,PARTIAL,PARTIAL,4.6,MEDIUM,3.9,6.4,False,False,False,False
cve-2016-1000139,2016-07-20,2016-10-12 00:00:00,,,reflect xss wordpress plugin infusionsoft v1.5.11,,0.0,False,False,75,1,3,BID ,0.0,0.0,0.0,0.0,0.0,0.0,0.0,0.0,0.0,0.0,0.0,0.0,0.0,0.0,0.0,0.0,0.0,0.0,0.0,0.0,0.0,0.0,0.0,0.0,0.0,0.0,1.0,0.0,0.0,0.0,0.0,NETWORK,MEDIUM,NONE,NONE,PARTIAL,NONE,4.3,MEDIUM,8.6,2.9,False,False,False,False
cve-2016-6497,2016-08-01,2020-05-28 00:00:00,,,main/java/org/apache/directory/groovyldap/ldap.java groovi ldap api apach allow attack conduct ldap entri poison attack leverag set returnobjflag true search method,,0.0,False,False,21,1,5,MISC MLIST CONFIRM BID ,0.0,0.0,0.0,0.0,0.0,0.0,0.0,0.0,1.0,0.0,0.0,0.0,0.0,0.0,0.0,0.0,0.0,0.0,0.0,0.0,0.0,0.0,0.0,0.0,0.0,0.0,0.0,0.0,0.0,0.0,0.0,NETWORK,LOW,NONE,NONE,PARTIAL,NONE,5.0,MEDIUM,10.0,2.9,False,False,False,False
cve-2016-6516,2016-08-01,2016-08-10 00:00:00,,,race condit ioctl_file_dedupe_rang function fs/ioctl.c linux kernel 4.7 allow local user caus denial servic heap-bas buffer overflow possibl gain privileg chang certain count valu aka `` doubl fetch '' vulner,,0.0,False,False,2,1,5,CONFIRM ,1.0,0.0,0.0,0.0,0.0,0.0,0.0,0.0,0.0,0.0,0.0,0.0,0.0,0.0,0.0,0.0,0.0,0.0,0.0,0.0,0.0,0.0,0.0,0.0,0.0,0.0,0.0,0.0,0.0,0.0,0.0,LOCAL,MEDIUM,NONE,PARTIAL,PARTIAL,PARTIAL,4.4,MEDIUM,3.4,6.4,False,False,False,False
cve-2016-6515,2016-08-01,2016-08-10 00:00:00,,,the auth_password function auth-passwd.c sshd openssh 7.3 limit password length password authent allow remot attack caus denial servic crypt cpu consumpt via long string,,0.0,False,False,16,2,14,MLIST FEDORA ,0.0,0.0,0.0,0.0,0.0,1.0,0.0,0.0,0.0,0.0,0.0,0.0,0.0,0.0,0.0,0.0,0.0,0.0,0.0,0.0,0.0,0.0,0.0,0.0,0.0,0.0,0.0,0.0,0.0,0.0,0.0,NETWORK,LOW,NONE,NONE,NONE,COMPLETE,7.8,HIGH,10.0,6.9,False,False,False,False
cve-2016-6509,2016-08-01,2016-08-10 00:00:00,,,epan/dissectors/packet-ldss.c ldss dissector wireshark 1.12.x 1.12.13 2.x 2.0.5 mishandl convers allow remot attack caus denial servic applic crash via craft packet,,0.0,False,False,16,18,6,CONFIRM ,0.0,0.0,0.0,0.0,0.0,1.0,0.0,0.0,0.0,0.0,0.0,0.0,0.0,0.0,0.0,0.0,0.0,0.0,0.0,0.0,0.0,0.0,0.0,0.0,0.0,0.0,0.0,0.0,0.0,0.0,0.0,NETWORK,MEDIUM,NONE,NONE,NONE,PARTIAL,4.3,MEDIUM,8.6,2.9,False,False,False,False
cve-2016-6875,2016-08-18,2017-02-22 00:00:00,,,infinit recurs wddx facebook hhvm 3.15.0 allow attack unspecifi impact via unknown vector,,0.0,False,False,85,1,3,,0.0,0.0,0.0,0.0,0.0,0.0,0.0,0.0,0.0,0.0,0.0,0.0,0.0,0.0,0.0,0.0,0.0,0.0,0.0,0.0,0.0,0.0,0.0,0.0,0.0,0.0,0.0,0.0,0.0,1.0,0.0,NETWORK,LOW,NONE,PARTIAL,PARTIAL,PARTIAL,7.5,HIGH,10.0,6.4,False,False,False,False
cve-2016-7852,2016-09-09,2016-10-24 00:00:00,,,adob reader acrobat 11.0.18 acrobat acrobat reader DC classic 15.006.30243 acrobat acrobat reader DC continu 15.020.20039 window OS X allow attack execut arbitrari code caus denial servic memori corrupt via unspecifi vector differ vulner cve-2016-6940 cve-2016-6941 cve-2016-6942 cve-2016-6943 cve-2016-6947 cve-2016-6948 cve-2016-6950 cve-2016-6951 cve-2016-6954 cve-2016-6955 cve-2016-6956 cve-2016-6959 cve-2016-6960 cve-2016-6966 cve-2016-6970 cve-2016-6972 cve-2016-6973 cve-2016-6974 cve-2016-6975 cve-2016-6976 cve-2016-6977 cve-2016-6978 cve-2016-6995 cve-2016-6996 cve-2016-6997 cve-2016-6998 cve-2016-7000 cve-2016-7001 cve-2016-7002 cve-2016-7003 cve-2016-7004 cve-2016-7005 cve-2016-7006 cve-2016-7007 cve-2016-7008 cve-2016-7009 cve-2016-7010 cve-2016-7011 cve-2016-7012 cve-2016-7013 cve-2016-7014 cve-2016-7015 cve-2016-7016 cve-2016-7017 cve-2016-7018 cve-2016-7019 cve-2016-7853 cve-2016-7854,,0.0,False,False,2,8,2,,1.0,0.0,0.0,0.0,0.0,0.0,0.0,0.0,0.0,0.0,0.0,0.0,0.0,0.0,0.0,0.0,0.0,0.0,0.0,0.0,0.0,0.0,0.0,0.0,0.0,0.0,0.0,0.0,0.0,0.0,0.0,NETWORK,LOW,NONE,COMPLETE,COMPLETE,COMPLETE,10.0,HIGH,10.0,10.0,False,False,False,False
cve-2016-7854,2016-09-09,2016-10-24 00:00:00,,2016-11-01,adob reader acrobat 11.0.18 acrobat acrobat reader DC classic 15.006.30243 acrobat acrobat reader DC continu 15.020.20039 window OS X allow attack execut arbitrari code caus denial servic memori corrupt via unspecifi vector differ vulner cve-2016-6940 cve-2016-6941 cve-2016-6942 cve-2016-6943 cve-2016-6947 cve-2016-6948 cve-2016-6950 cve-2016-6951 cve-2016-6954 cve-2016-6955 cve-2016-6956 cve-2016-6959 cve-2016-6960 cve-2016-6966 cve-2016-6970 cve-2016-6972 cve-2016-6973 cve-2016-6974 cve-2016-6975 cve-2016-6976 cve-2016-6977 cve-2016-6978 cve-2016-6995 cve-2016-6996 cve-2016-6997 cve-2016-6998 cve-2016-7000 cve-2016-7001 cve-2016-7002 cve-2016-7003 cve-2016-7004 cve-2016-7005 cve-2016-7006 cve-2016-7007 cve-2016-7008 cve-2016-7009 cve-2016-7010 cve-2016-7011 cve-2016-7012 cve-2016-7013 cve-2016-7014 cve-2016-7015 cve-2016-7016 cve-2016-7017 cve-2016-7018 cve-2016-7019 cve-2016-7852 cve-2016-7853,thi vulner allow remot attack disclos sensit inform vulner instal adob reader DC user interact requir exploit vulner target must visit malici page open malici file.th specif flaw exist within handl jpeg2000 imag the process properli valid user-suppli data result read past end alloc object An attack leverag conjunct vulner execut code context current process,4.3,True,False,2,8,2,,1.0,0.0,0.0,0.0,0.0,0.0,0.0,0.0,0.0,0.0,0.0,0.0,0.0,0.0,0.0,0.0,0.0,0.0,0.0,0.0,0.0,0.0,0.0,0.0,0.0,0.0,0.0,0.0,0.0,0.0,0.0,NETWORK,LOW,NONE,COMPLETE,COMPLETE,COMPLETE,10.0,HIGH,10.0,10.0,False,False,False,False
cve-2016-7853,2016-09-09,2016-10-24 00:00:00,,,adob reader acrobat 11.0.18 acrobat acrobat reader DC classic 15.006.30243 acrobat acrobat reader DC continu 15.020.20039 window OS X allow attack execut arbitrari code caus denial servic memori corrupt via unspecifi vector differ vulner cve-2016-6940 cve-2016-6941 cve-2016-6942 cve-2016-6943 cve-2016-6947 cve-2016-6948 cve-2016-6950 cve-2016-6951 cve-2016-6954 cve-2016-6955 cve-2016-6956 cve-2016-6959 cve-2016-6960 cve-2016-6966 cve-2016-6970 cve-2016-6972 cve-2016-6973 cve-2016-6974 cve-2016-6975 cve-2016-6976 cve-2016-6977 cve-2016-6978 cve-2016-6995 cve-2016-6996 cve-2016-6997 cve-2016-6998 cve-2016-7000 cve-2016-7001 cve-2016-7002 cve-2016-7003 cve-2016-7004 cve-2016-7005 cve-2016-7006 cve-2016-7007 cve-2016-7008 cve-2016-7009 cve-2016-7010 cve-2016-7011 cve-2016-7012 cve-2016-7013 cve-2016-7014 cve-2016-7015 cve-2016-7016 cve-2016-7017 cve-2016-7018 cve-2016-7019 cve-2016-7852 cve-2016-7854,,0.0,False,False,2,8,2,,1.0,0.0,0.0,0.0,0.0,0.0,0.0,0.0,0.0,0.0,0.0,0.0,0.0,0.0,0.0,0.0,0.0,0.0,0.0,0.0,0.0,0.0,0.0,0.0,0.0,0.0,0.0,0.0,0.0,0.0,0.0,NETWORK,LOW,NONE,COMPLETE,COMPLETE,COMPLETE,10.0,HIGH,10.0,10.0,False,False,False,False
cve-2016-7399,2016-09-09,2017-01-05 00:00:00,,,scripts/license.pl verita netbackup applianc 2.6.0.x 2.6.0.4 2.6.1.x 2.6.1.2 2.7.x 2.7.3 3.0.x allow remot attack execut arbitrari command via shell metacharact hostnam paramet appliancews/getlicens,,0.0,False,False,69,13,5,CONFIRM BID MISC ,0.0,0.0,0.0,0.0,0.0,0.0,0.0,0.0,0.0,0.0,0.0,0.0,0.0,0.0,0.0,0.0,0.0,0.0,0.0,0.0,0.0,0.0,0.0,0.0,1.0,0.0,0.0,0.0,0.0,0.0,0.0,NETWORK,LOW,NONE,COMPLETE,COMPLETE,COMPLETE,10.0,HIGH,10.0,10.0,False,False,False,False
cve-2016-7954,2016-09-09,2016-12-23 00:00:00,,,bundler 1.x might allow remot attack inject arbitrari rubi code applic leverag gem name collis secondari sourc note might overlap cve-2013-0334,,0.0,False,False,84,183,8,BID MLIST MLIST MLIST ,0.0,0.0,0.0,0.0,0.0,0.0,0.0,0.0,0.0,0.0,0.0,0.0,0.0,0.0,0.0,0.0,0.0,0.0,0.0,0.0,0.0,0.0,0.0,0.0,0.0,0.0,0.0,0.0,1.0,0.0,0.0,NETWORK,LOW,NONE,PARTIAL,PARTIAL,PARTIAL,7.5,HIGH,10.0,6.4,False,False,False,False
cve-2016-7885,2016-09-09,2016-12-15 00:00:00,,,adob experi manag version 6.2 earlier vulner could use cross-sit request forgeri attack,,0.0,False,False,38,1,3,,0.0,0.0,0.0,0.0,0.0,0.0,0.0,0.0,0.0,0.0,0.0,0.0,0.0,0.0,1.0,0.0,0.0,0.0,0.0,0.0,0.0,0.0,0.0,0.0,0.0,0.0,0.0,0.0,0.0,0.0,0.0,NETWORK,MEDIUM,NONE,PARTIAL,PARTIAL,PARTIAL,6.8,MEDIUM,8.6,6.4,False,False,False,True
cve-2016-7946,2016-09-09,2016-12-14 00:00:00,,,x.org libxi 1.7.7 allow remot X server caus denial servic infinit loop via vector involv length field,,0.0,False,False,26,3,9,SECTRACK FEDORA FEDORA MLIST MLIST MLIST BID ,0.0,0.0,0.0,0.0,0.0,0.0,0.0,0.0,0.0,0.0,0.0,1.0,0.0,0.0,0.0,0.0,0.0,0.0,0.0,0.0,0.0,0.0,0.0,0.0,0.0,0.0,0.0,0.0,0.0,0.0,0.0,NETWORK,LOW,NONE,NONE,NONE,PARTIAL,5.0,MEDIUM,10.0,2.9,False,False,False,False
cve-2016-7383,2016-09-09,2016-11-09 00:00:00,,,for nvidia quadro nv geforc product nvidia window gpu display driver r340 342.00 r375 375.63 contain vulner memori map api kernel mode layer nvlddmkm.si handler lead denial servic potenti escal privileg,,0.0,False,False,23,3,3,BID CONFIRM ,0.0,0.0,0.0,0.0,0.0,0.0,0.0,0.0,0.0,1.0,0.0,0.0,0.0,0.0,0.0,0.0,0.0,0.0,0.0,0.0,0.0,0.0,0.0,0.0,0.0,0.0,0.0,0.0,0.0,0.0,0.0,LOCAL,LOW,NONE,PARTIAL,PARTIAL,COMPLETE,6.1,MEDIUM,3.9,8.5,False,False,False,False
cve-2016-7777,2016-09-09,2016-10-07 00:00:00,,,xen 4.7.x earlier properli honor cr0.t cr0.em allow local x86 hvm guest OS user read modifi fpu mmx xmm regist state inform belong arbitrari task guest modifi instruct hypervisor prepar emul,,0.0,False,False,41,1,5,BID SECTRACK ,0.0,0.0,0.0,0.0,0.0,0.0,0.0,0.0,0.0,0.0,0.0,0.0,0.0,0.0,0.0,1.0,0.0,0.0,0.0,0.0,0.0,0.0,0.0,0.0,0.0,0.0,0.0,0.0,0.0,0.0,0.0,LOCAL,MEDIUM,NONE,PARTIAL,PARTIAL,NONE,3.3,LOW,3.4,4.9,False,False,False,False
cve-2016-7498,2016-09-09,2016-09-28 00:00:00,,,openstack comput nova 13.0 properli delet instanc comput node allow remot authent user caus denial servic disk consumpt delet instanc resiz state note vulner exist cve-2015-3280 regress,,0.0,False,False,45,1,4,BID MLIST MLIST ,0.0,0.0,0.0,0.0,0.0,0.0,0.0,0.0,0.0,0.0,0.0,0.0,0.0,0.0,0.0,0.0,0.0,1.0,0.0,0.0,0.0,0.0,0.0,0.0,0.0,0.0,0.0,0.0,0.0,0.0,0.0,NETWORK,LOW,SINGLE,NONE,NONE,COMPLETE,6.8,MEDIUM,8.0,6.9,False,False,False,False
cve-2016-8747,2016-10-18,2017-03-14 00:00:00,,,An inform disclosur issu discov apach tomcat 8.5.7 8.5.9 9.0.m11 9.0.m15 reverse-proxi configur http11inputbuffer.java allow remot attack read data intend associ differ request,,0.0,False,False,17,6,12,CONFIRM CONFIRM ,0.0,0.0,0.0,0.0,0.0,0.0,1.0,0.0,0.0,0.0,0.0,0.0,0.0,0.0,0.0,0.0,0.0,0.0,0.0,0.0,0.0,0.0,0.0,0.0,0.0,0.0,0.0,0.0,0.0,0.0,0.0,NETWORK,LOW,NONE,PARTIAL,NONE,NONE,5.0,MEDIUM,10.0,2.9,False,False,False,False
cve-2016-8735,2016-10-18,2017-04-12 00:00:00,,,remot code execut possibl apach tomcat 6.0.48 7.x 7.0.73 8.x 8.0.39 8.5.x 8.5.7 9.x 9.0.m12 jmxremotelifecyclelisten use attack reach jmx port the issu exist listen n't updat consist cve-2016-3427 oracl patch affect credenti type,,0.0,False,False,26,178,36,CONFIRM CONFIRM CONFIRM CONFIRM CONFIRM BID ,0.0,0.0,0.0,0.0,0.0,0.0,0.0,0.0,0.0,0.0,0.0,1.0,0.0,0.0,0.0,0.0,0.0,0.0,0.0,0.0,0.0,0.0,0.0,0.0,0.0,0.0,0.0,0.0,0.0,0.0,0.0,NETWORK,LOW,NONE,PARTIAL,PARTIAL,PARTIAL,7.5,HIGH,10.0,6.4,False,False,False,False
cve-2016-8740,2016-10-18,2016-12-06 00:00:00,,,the mod_http2 modul apach http server 2.4.17 2.4.23 protocol configur includ h2 h2c restrict request-head length allow remot attack caus denial servic memori consumpt via craft continu frame http/2 request,,0.0,False,False,16,7,28,BID SECTRACK ,0.0,0.0,0.0,0.0,0.0,1.0,0.0,0.0,0.0,0.0,0.0,0.0,0.0,0.0,0.0,0.0,0.0,0.0,0.0,0.0,0.0,0.0,0.0,0.0,0.0,0.0,0.0,0.0,0.0,0.0,0.0,NETWORK,LOW,NONE,NONE,NONE,PARTIAL,5.0,MEDIUM,10.0,2.9,False,False,False,False
cve-2016-8824,2016-10-18,2016-12-19 00:00:00,,,all version nvidia window gpu display driver contain vulner kernel mode layer nvlddmkm.si handler dxgddiescap improp access control allow regular user write part registri intend privileg user lead escal privileg,,0.0,False,False,26,2,2,BID ,0.0,0.0,0.0,0.0,0.0,0.0,0.0,0.0,0.0,0.0,0.0,1.0,0.0,0.0,0.0,0.0,0.0,0.0,0.0,0.0,0.0,0.0,0.0,0.0,0.0,0.0,0.0,0.0,0.0,0.0,0.0,LOCAL,LOW,NONE,COMPLETE,COMPLETE,COMPLETE,7.2,HIGH,3.9,10.0,False,False,False,False
cve-2016-8821,2016-10-18,2016-12-19 00:00:00,,,all version nvidia window gpu display driver contain vulner kernel mode layer handler dxgddiescap improp access control may allow user access arbitrari physic memori lead escal privileg,,0.0,False,False,26,2,2,BID ,0.0,0.0,0.0,0.0,0.0,0.0,0.0,0.0,0.0,0.0,0.0,1.0,0.0,0.0,0.0,0.0,0.0,0.0,0.0,0.0,0.0,0.0,0.0,0.0,0.0,0.0,0.0,0.0,0.0,0.0,0.0,LOCAL,LOW,NONE,COMPLETE,COMPLETE,COMPLETE,7.2,HIGH,3.9,10.0,False,False,False,False
cve-2016-8826,2016-10-18,2016-12-20 00:00:00,,,all version nvidia gpu display driver contain vulner kernel mode layer nvlddmkm.si window nvidia.ko linux user caus gpu interrupt storm lead denial servic,,0.0,False,False,45,3,2,BID ,0.0,0.0,0.0,0.0,0.0,0.0,0.0,0.0,0.0,0.0,0.0,0.0,0.0,0.0,0.0,0.0,0.0,1.0,0.0,0.0,0.0,0.0,0.0,0.0,0.0,0.0,0.0,0.0,0.0,0.0,0.0,LOCAL,LOW,NONE,NONE,NONE,COMPLETE,4.9,MEDIUM,3.9,6.9,False,False,False,False
cve-2016-8820,2016-10-18,2016-12-20 00:00:00,,,all version nvidia window gpu display driver contain vulner kernel mode layer nvlddmkm.si handler dxgddiescap check function return valu miss potenti allow uniniti valu use sourc strcpi call lead denial servic inform disclosur,,0.0,False,False,17,2,2,,0.0,0.0,0.0,0.0,0.0,0.0,1.0,0.0,0.0,0.0,0.0,0.0,0.0,0.0,0.0,0.0,0.0,0.0,0.0,0.0,0.0,0.0,0.0,0.0,0.0,0.0,0.0,0.0,0.0,0.0,0.0,LOCAL,LOW,NONE,PARTIAL,NONE,COMPLETE,5.6,MEDIUM,3.9,7.8,False,False,False,False
cve-2016-8822,2016-10-18,2016-12-20 00:00:00,,,all version nvidia window gpu display driver contain vulner kernel mode layer nvlddmkm.si handler dxgddiescap ID 0x600000e 0x600000f 0x6000010 valu pass user driver use without valid index intern array lead denial servic potenti escal privileg,,0.0,False,False,16,2,2,BID ,0.0,0.0,0.0,0.0,0.0,1.0,0.0,0.0,0.0,0.0,0.0,0.0,0.0,0.0,0.0,0.0,0.0,0.0,0.0,0.0,0.0,0.0,0.0,0.0,0.0,0.0,0.0,0.0,0.0,0.0,0.0,LOCAL,LOW,NONE,COMPLETE,COMPLETE,COMPLETE,7.2,HIGH,3.9,10.0,False,False,False,False
cve-2016-8866,2016-10-21,2017-03-02 00:00:00,,,the acquiremagickmemori function magickcore/memory.c imagemagick 7.0.3.3 7.0.3.8 allow remot attack unspecifi impact via craft imag trigger memori alloc failur note vulner exist incomplet fix cve-2016-8862,,0.0,False,False,2,5,8,MLIST MLIST SUSE SUSE SUSE ,1.0,0.0,0.0,0.0,0.0,0.0,0.0,0.0,0.0,0.0,0.0,0.0,0.0,0.0,0.0,0.0,0.0,0.0,0.0,0.0,0.0,0.0,0.0,0.0,0.0,0.0,0.0,0.0,0.0,0.0,0.0,NETWORK,MEDIUM,NONE,PARTIAL,PARTIAL,PARTIAL,6.8,MEDIUM,8.6,6.4,False,False,False,True
cve-2016-9559,2016-11-22,2017-03-01 00:00:00,,,coders/tiff.c imagemagick 7.0.3.7 allow remot attack caus denial servic null pointer derefer crash via craft imag,,0.0,False,False,53,3,7,MLIST BID DEBIAN ,0.0,0.0,0.0,0.0,0.0,0.0,0.0,0.0,0.0,0.0,0.0,0.0,0.0,0.0,0.0,0.0,0.0,0.0,0.0,0.0,0.0,0.0,1.0,0.0,0.0,0.0,0.0,0.0,0.0,0.0,0.0,NETWORK,MEDIUM,NONE,NONE,NONE,PARTIAL,4.3,MEDIUM,8.6,2.9,False,False,False,True
