URL,Broken Link,Exploit,Issue Tracking,Mailing List,Mitigation,Not Applicable,Patch,Permissions Required,Press/Media Coverage,Product,Release Notes,Technical Description,Third Party Advisory,Tool Signature,URL Repurposed,US Government Resource,VDB Entry,Vendor Advisory
01.org,0,0,0,0,0,0,0,0,0,0,0,0,0,0,0,0,0,1
0dd.zone,0,1,0,0,0,0,0,0,0,0,0,0,7,0,0,0,0,0
0patch.blogspot.com,0,3,1,0,0,0,3,0,0,0,0,0,6,0,0,0,0,0
0patch.blogspot.si,0,0,0,0,0,0,0,0,0,0,0,0,0,0,0,0,0,0
0xacab.org,0,0,1,0,0,0,2,0,0,0,0,0,0,0,0,0,0,0
0xd0ff9.wordpress.com,0,1,0,0,0,0,0,0,0,0,0,0,1,0,0,0,0,0
0xdeadface.wordpress.com,0,0,0,0,0,0,0,0,0,0,0,0,1,0,0,0,0,0
52.117.224.77,0,1,0,0,0,0,0,0,0,0,0,0,1,0,0,0,0,0
95cnsec.com,2,0,0,0,0,0,0,0,0,0,0,0,0,0,0,0,0,0
98587329.github.io,0,1,0,0,0,0,0,0,0,0,0,0,1,0,0,0,0,0
9to5mac.com,0,0,0,0,0,0,0,0,0,0,0,0,0,0,0,0,0,0
a13xp0p0v.github.io,0,0,0,0,0,0,0,0,0,0,0,0,0,0,0,0,0,0
about.gitlab.com,0,0,2,0,2,0,4,0,0,0,2,0,0,0,0,0,0,18
access.redhat.com,5,0,14,1,2,6,36,1,0,0,0,0,2218,0,0,0,5,89
activemq.apache.org,0,0,0,0,0,0,0,0,0,0,0,0,0,0,0,0,0,2
adrianhayter.com,0,1,0,0,0,0,0,0,0,0,0,0,0,0,0,0,0,0
advisories.mageia.org,0,0,0,0,0,0,0,0,0,0,0,0,5,0,0,0,0,0
advisory.checkmarx.net,0,0,0,0,0,0,0,0,0,0,0,0,0,0,0,0,0,0
aix.software.ibm.com,0,0,0,0,3,0,3,0,0,0,0,0,3,0,0,0,0,3
akerva.com,0,1,0,0,0,0,1,0,0,0,0,0,1,0,0,0,0,0
akka.io,0,0,0,0,0,0,0,0,0,0,0,0,0,0,0,0,0,1
alephsecurity.com,0,0,0,0,0,0,0,0,0,0,0,0,0,0,0,0,0,0
alpinelinux.org,0,0,0,0,0,0,0,0,0,0,0,0,0,0,0,0,0,1
android.googlesource.com,2,1,146,2,0,0,192,0,0,0,0,0,42,0,0,0,0,48
anongit.mindrot.org,0,0,0,0,0,0,2,0,0,0,0,0,1,0,0,0,0,0
anonscm.debian.org,0,0,3,0,0,0,9,0,0,0,0,0,4,0,0,0,0,3
ansawaf.blogspot.com,0,1,0,0,0,0,0,0,0,0,0,0,1,0,0,0,0,0
antichat.com,0,1,0,0,0,0,0,0,0,0,0,0,1,0,0,0,0,0
antirez.com,0,2,0,0,0,0,0,0,0,0,0,0,2,0,0,0,0,0
apps.intermec.com,0,0,0,0,0,0,0,0,0,0,1,0,0,0,0,0,0,0
archiva.apache.org,0,0,0,0,0,0,1,0,0,0,0,0,0,0,0,0,0,1
arstechnica.com,0,0,1,0,0,0,0,0,2,0,0,0,3,0,0,0,0,0
arxiv.org,0,2,0,0,0,0,0,0,0,0,0,3,3,0,0,0,0,0
asdedc.bid,0,1,0,0,0,0,1,0,0,0,0,0,1,0,0,0,0,0
auth0.com,1,0,0,0,0,0,1,0,0,0,0,0,0,0,0,0,0,2
avm.de,0,0,0,0,0,0,1,0,0,0,0,0,0,0,0,0,0,0
aws.amazon.com,0,0,0,0,0,0,0,0,0,0,0,0,3,0,0,0,0,0
b2evolution.net,0,0,0,0,0,0,3,0,0,0,1,0,0,0,0,0,0,3
bacula-web.org,0,0,0,0,0,0,0,0,0,0,1,0,0,0,0,0,0,1
badlock.org,0,0,0,0,0,0,0,0,0,0,0,0,1,0,0,0,0,0
badpackets.net,0,0,0,0,0,0,0,0,0,0,0,0,1,0,0,0,0,0
bakery.cakephp.org,0,0,0,0,0,0,1,0,0,0,0,0,0,0,0,0,0,2
baraktawily.blogspot.co.il,0,2,0,0,0,0,0,0,0,0,0,0,2,0,0,0,0,0
basercms.net,0,0,0,0,0,0,16,0,0,0,0,0,0,0,0,0,0,16
bazaar.launchpad.net,0,0,2,0,0,0,3,0,0,0,1,0,3,0,0,0,0,1
beaker-project.org,0,0,0,0,0,0,0,0,0,0,2,0,0,0,0,0,0,2
bestpractical.com,0,0,0,0,0,0,2,0,0,0,0,0,0,0,0,0,0,2
bird.network.c,0,0,0,0,0,0,0,0,0,0,0,0,1,0,0,0,0,0
bitbucket.org,0,5,2,0,1,0,15,0,0,0,4,0,23,0,0,0,0,0
bitcoincore.org,0,0,0,0,0,0,0,0,0,0,0,0,0,0,0,0,0,1
bitcointalk.org,0,0,0,0,1,0,0,0,0,0,0,0,1,0,0,0,0,0
bk1.ntp.org,0,0,2,0,0,0,2,0,0,0,0,0,2,0,0,0,0,2
blade.tencent.com,0,0,0,0,0,0,0,0,0,0,0,0,1,0,0,0,0,0
blog.0patch.com,0,4,0,0,0,0,3,0,0,0,0,3,5,0,0,0,0,0
blog.51cto.com,0,1,0,0,0,0,0,0,0,0,0,0,1,0,0,0,0,0
blog.amossys.fr,0,5,0,0,0,0,0,0,0,0,0,5,5,0,0,0,0,0
blog.appsecco.com,0,0,0,0,0,0,0,0,0,0,0,0,1,0,0,0,0,0
blog.bentkowski.info,0,1,0,0,0,0,0,0,0,0,0,0,1,0,0,0,0,0
blog.bestpractical.com,0,0,0,0,0,0,2,0,0,0,0,0,0,0,0,0,0,2
blog.bitpay.com,0,0,0,0,0,0,0,0,0,0,0,0,1,0,0,0,0,0
blog.bjornweb.nl,0,1,0,0,0,0,0,0,0,0,0,1,1,0,0,0,0,0
blog.blindspotsecurity.com,0,1,0,0,0,0,0,0,0,0,0,0,1,0,0,0,0,0
blog.cal1.cn,0,2,0,0,0,0,0,0,0,0,0,0,2,0,0,0,0,0
blog.checkpoint.com,0,4,0,0,0,0,0,0,0,0,0,1,2,0,0,0,1,0
blog.clamav.net,0,0,0,0,0,0,4,0,0,0,4,0,0,0,0,0,0,8
blog.cloudflare.com,0,0,0,0,0,0,0,0,0,0,0,0,2,0,0,0,0,0
blog.cr.yp.to,0,0,0,0,0,0,0,0,0,0,0,0,0,0,0,0,0,0
blog.croogo.org,0,0,0,0,0,0,1,0,0,0,0,0,0,0,0,0,0,1
blog.cryptographyengineering.com,0,0,0,0,0,0,0,0,1,0,0,1,1,0,0,0,0,0
blog.curesec.com,0,7,0,0,0,0,2,0,0,0,0,0,2,0,0,0,0,0
blog.cylance.com,0,1,0,0,0,0,0,0,0,0,0,0,0,0,0,0,0,0
blog.dewhurstsecurity.com,0,1,0,0,0,0,0,0,0,0,0,0,1,0,0,0,0,0
blog.filippo.io,0,1,0,0,0,0,0,0,0,0,0,0,1,0,0,0,0,0
blog.fortinet.com,0,2,0,0,0,0,0,0,0,0,0,0,2,0,0,0,0,0
blog.fuzzing-project.org,0,4,0,0,0,0,3,0,0,0,0,3,18,0,0,0,0,1
blog.getbootstrap.com,0,0,0,0,0,0,0,0,0,0,3,0,2,0,0,0,0,4
blog.hboeck.de,0,0,0,0,0,0,0,0,0,0,0,0,1,0,0,0,0,0
blog.inhq.net,0,0,0,0,0,0,0,0,0,0,0,0,0,0,0,0,0,0
blog.inspired-sec.com,0,0,0,0,0,0,0,0,0,0,0,0,0,0,0,0,0,0
blog.intothesymmetry.com,0,1,0,0,0,0,0,0,0,0,0,0,1,0,0,0,0,0
blog.ircmaxell.com,0,0,1,0,0,0,0,0,0,0,0,0,1,0,0,0,0,0
blog.isecurion.com,0,1,0,0,0,0,0,0,0,0,0,0,1,0,0,0,0,0
blog.jetbrains.com,0,0,0,0,0,0,1,0,0,0,0,0,0,0,0,0,0,1
blog.jupyter.org,0,0,0,0,0,0,0,0,0,0,0,0,1,0,0,0,0,0
blog.librenms.org,0,0,0,0,0,0,0,0,0,0,0,0,1,0,0,0,0,0
blog.lizzie.io,0,0,0,0,0,0,0,0,0,0,0,0,1,0,0,0,0,0
blog.metalgenix.com,0,0,0,0,0,0,3,0,0,0,0,0,0,0,0,0,0,2
blog.mindedsecurity.com,0,1,0,0,0,0,0,0,0,0,0,0,0,0,0,0,0,0
blog.mirch.io,0,1,0,0,0,0,0,0,0,0,0,0,1,0,0,0,0,0
blog.mobatek.net,0,0,0,0,0,0,1,0,0,0,0,0,0,0,0,0,0,1
blog.mozilla.org,0,0,0,0,0,0,0,0,0,0,0,0,3,0,0,0,0,0
blog.mybb.com,0,0,0,0,0,0,30,0,0,0,15,0,4,0,0,0,0,30
blog.nettitude.com,0,0,0,0,0,0,0,0,0,0,0,0,1,0,0,0,0,0
blog.nibbleblog.com,0,0,0,0,0,0,1,0,0,0,0,0,0,0,0,0,0,1
blog.nodejs.org,0,0,0,0,0,0,1,0,0,0,0,0,0,0,0,0,0,0
blog.npmjs.org,0,0,0,0,0,0,0,0,0,0,0,0,0,0,0,0,0,1
blog.nviso.be,0,1,0,0,0,0,0,0,0,0,0,0,1,0,0,0,0,0
blog.phusion.nl,0,0,0,0,0,0,0,0,0,0,0,0,1,0,0,0,0,0
blog.preempt.com,0,1,0,0,0,0,0,0,0,0,0,0,1,0,0,0,0,0
blog.prosody.im,0,0,0,0,0,0,3,0,0,0,0,0,0,0,0,0,0,3
blog.qt.io,0,0,0,0,0,0,1,0,0,0,5,0,1,0,0,0,0,6
blog.recurity-labs.com,0,1,0,0,0,0,0,0,0,0,0,0,1,0,0,0,0,0
blog.ripstech.com,0,2,0,0,0,0,0,0,0,0,0,0,2,0,0,0,0,0
blog.rubygems.org,0,0,0,0,0,0,5,0,0,0,0,0,0,0,0,0,0,14
blog.rust-lang.org,0,0,0,0,0,0,0,0,0,0,0,0,0,0,0,0,0,1
blog.s9y.org,0,0,0,0,0,0,3,0,0,0,0,0,0,0,0,0,0,3
blog.safebreach.com,0,0,0,0,0,0,0,0,0,0,0,0,0,0,0,0,0,0
blog.sbarbeau.fr,0,1,0,0,0,0,0,0,0,0,0,0,1,0,0,0,0,0
blog.sec-consult.com,0,1,0,0,0,0,0,0,0,0,0,0,0,0,0,0,0,0
blog.securelayer7.net,0,0,2,0,0,0,0,0,0,0,0,0,2,0,0,0,0,0
blog.securityonion.net,0,0,0,0,0,0,3,0,0,0,0,0,0,0,0,0,0,3
blog.senr.io,0,1,0,0,1,0,0,0,0,0,0,2,2,0,0,0,0,0
blog.skylined.nl,0,0,0,0,0,0,0,0,0,0,0,0,0,0,0,0,0,0
blog.spentera.com,0,1,0,0,0,0,0,0,0,0,0,0,1,0,0,0,0,0
blog.spip.net,0,0,0,0,0,0,2,0,0,0,0,0,0,0,0,0,0,2
blog.sucuri.net,0,1,0,0,0,0,0,0,0,0,0,2,10,0,0,0,0,0
blog.swiecki.net,0,0,0,0,0,0,1,0,0,0,0,0,1,0,0,0,0,0
blog.talosintel.com,0,4,0,0,0,0,0,0,0,0,0,0,4,0,0,0,0,0
blog.talosintelligence.com,0,0,0,0,0,0,0,0,0,0,0,1,1,0,0,0,0,0
blog.torproject.org,0,0,0,0,0,0,0,0,0,0,3,0,0,0,0,0,0,5
blog.tox.chat,0,1,0,0,0,0,0,0,0,0,0,0,0,0,0,0,0,1
blog.trendmicro.com,0,1,0,0,0,0,0,0,0,0,0,1,2,0,0,0,0,0
blog.twitter.com,0,0,0,0,0,0,0,0,0,0,0,0,1,0,0,0,0,0
blog.x-cart.com,0,0,0,0,0,0,2,0,0,0,0,0,0,0,0,0,0,2
blog.xenproject.org,0,0,0,0,0,0,0,0,0,0,0,0,0,0,0,0,0,3
blog.xpnsec.com,0,1,0,0,0,0,0,0,0,0,0,0,1,0,0,0,0,0
blog.zerodaylab.com,0,1,0,0,0,0,1,0,0,0,0,0,0,0,0,0,0,0
blog.zimbra.com,0,0,0,0,0,0,3,0,0,0,0,0,0,0,0,0,0,3
blog.zimperium.com,0,1,0,0,0,0,1,0,0,0,0,0,4,0,0,0,0,0
blog.zulip.org,0,0,0,0,0,0,0,0,0,0,0,0,0,0,0,0,0,1
blogger.davidmanouchehri.com,0,0,1,0,0,0,1,0,0,0,0,0,1,0,0,0,0,0
blogs.akamai.com,0,1,0,0,0,0,0,0,0,0,0,0,2,0,0,0,0,0
blogs.apache.org,0,0,0,0,0,0,2,0,0,0,0,0,0,0,0,0,0,3
blogs.gentoo.org,0,46,17,0,0,0,144,0,0,0,0,0,177,0,0,0,120,0
blogs.msdn.microsoft.com,0,0,0,0,0,0,1,0,0,0,0,1,0,0,0,0,0,1
blogs.oracle.com,0,0,0,0,0,0,0,0,0,0,0,0,0,0,0,0,0,1
blogs.perl.org,0,0,0,0,0,0,0,0,0,0,0,0,1,0,0,0,0,1
blogs.securiteam.com,0,10,0,0,0,0,3,0,0,0,0,0,11,0,0,0,0,0
blogs.sophos.com,0,0,0,0,0,0,2,0,0,0,2,0,2,0,0,0,0,2
blogs.technet.com,0,0,0,0,0,0,1,0,0,0,0,0,0,0,0,0,0,3
blogs.technet.microsoft.com,0,0,0,0,0,0,2,0,0,0,0,0,0,0,0,0,0,2
bnbdr.github.io,0,2,0,0,0,0,0,0,0,0,0,0,2,0,0,0,0,0
bogner.sh,0,1,0,0,0,0,0,0,0,0,0,1,0,0,0,0,0,0
bolt.cm,0,0,0,0,0,0,1,0,0,0,0,0,0,0,0,0,0,1
boringssl.googlesource.com,0,0,0,0,0,0,0,0,0,0,0,0,1,0,0,0,0,0
botan.randombit.net,0,0,0,0,0,0,0,0,0,0,0,0,1,0,0,0,0,0
bridge.grumpy-troll.org,0,0,0,0,0,0,0,0,0,0,0,0,1,0,0,0,0,0
brooklyn.apache.org,0,0,0,0,1,0,1,0,0,0,0,0,0,0,0,0,0,1
bto.bluecoat.com,0,0,0,0,0,0,0,0,0,0,0,0,25,0,0,0,0,0
buffalo.jp,0,0,0,0,0,0,5,0,0,0,0,0,0,0,0,0,0,5
bug1202447.bmoattachments.org,0,0,0,0,0,0,0,0,0,0,0,0,0,0,0,0,0,0
bugreports.qt.io,0,2,1,0,0,0,1,0,0,0,0,0,1,0,0,0,0,1
bugs.bacula-web.org,0,0,1,0,0,0,0,0,0,0,0,0,0,0,0,0,0,1
bugs.bitlbee.org,0,0,3,0,0,0,3,0,0,0,0,0,0,0,0,0,1,2
bugs.busybox.net,0,3,3,0,0,0,1,0,0,0,0,0,2,0,0,0,0,1
bugs.cacti.net,1,0,0,0,0,0,0,0,0,0,0,0,0,0,0,0,0,0
bugs.chromium.org,0,37,70,1,0,0,32,2,0,0,0,0,96,0,0,0,16,7
bugs.clusterlabs.org,0,0,1,0,0,0,0,0,0,0,0,0,0,0,0,0,0,1
bugs.debian.org,0,17,117,57,0,0,78,0,0,0,0,0,162,0,0,0,3,3
bugs.documentfoundation.org,0,0,1,0,0,0,0,0,0,0,0,0,1,0,0,0,0,0
bugs.eclipse.org,0,2,6,0,0,0,2,0,0,0,0,0,7,0,0,0,0,4
bugs.exim.org,0,3,4,0,0,0,0,0,0,0,0,0,3,0,0,0,2,1
bugs.fi,0,1,1,0,0,0,0,0,0,0,0,0,0,0,0,0,0,0
bugs.freebsd.org,0,0,1,0,0,0,0,0,0,0,0,0,0,0,0,0,0,0
bugs.freedesktop.org,0,14,16,0,0,0,7,0,0,0,0,0,15,0,0,0,0,4
bugs.gentoo.org,0,0,1,0,0,0,1,0,0,0,0,0,1,0,0,0,0,0
bugs.ghostscript.com,0,18,46,0,0,0,33,20,0,0,0,0,18,0,0,0,1,20
bugs.icu-project.org,0,0,1,0,0,0,3,0,0,0,0,0,1,0,0,0,0,0
bugs.internet2.edu,0,1,0,1,0,0,0,0,0,0,0,0,0,0,0,0,0,1
bugs.jython.org,0,0,0,0,0,0,0,0,0,0,0,0,0,0,0,0,0,1
bugs.kali.org,0,0,1,0,0,0,0,0,0,0,0,0,0,0,0,0,0,0
bugs.kde.org,0,2,2,0,0,0,2,0,0,0,0,0,2,0,0,0,1,0
bugs.koha-community.org,0,1,2,0,0,0,2,0,0,0,0,0,1,0,0,0,0,1
bugs.launchpad.net,1,27,104,0,2,0,71,0,0,0,0,0,101,0,0,0,0,11
bugs.limesurvey.org,0,2,4,0,0,0,2,1,0,0,0,0,0,0,0,0,0,4
bugs.linuxfoundation.org,0,1,0,0,0,0,0,0,0,0,0,0,0,0,0,0,0,0
bugs.ntp.org,0,0,5,0,0,0,0,0,0,0,0,0,1,0,0,0,0,5
bugs.oxid-esales.com,0,0,0,0,0,0,0,0,0,0,0,0,0,0,0,0,0,2
bugs.php.net,0,70,62,3,2,0,31,4,0,0,1,0,8,0,0,0,1,49
bugs.proftpd.org,0,0,1,0,0,0,1,0,0,0,0,0,0,0,0,0,0,0
bugs.python.org,0,1,7,0,0,0,7,0,0,0,0,0,1,0,0,0,0,5
bugs.ruby-lang.org,0,0,3,0,0,0,3,0,0,0,0,0,0,0,0,0,0,3
bugs.squid-cache.org,0,1,1,0,0,0,1,0,0,0,0,0,0,0,0,0,0,1
bugs.webidsupport.com,0,0,3,0,0,0,0,0,0,0,3,0,0,0,0,0,0,3
bugs.webkit.org,0,0,4,0,0,0,4,1,0,0,0,0,3,0,0,0,0,2
bugs.winehq.org,0,0,4,0,0,0,3,0,0,0,0,0,4,0,0,0,0,0
bugs.wireshark.org,0,31,163,0,0,0,58,0,0,0,0,0,3,0,0,0,1,112
bugzilla.clamav.net,0,4,8,0,0,0,6,2,0,0,0,0,3,0,0,0,0,4
bugzilla.freedesktop.org,0,1,1,0,0,0,0,0,0,0,0,0,0,0,0,0,1,1
bugzilla.gnome.org,0,15,48,0,0,0,13,5,0,0,0,0,22,0,0,0,4,10
bugzilla.kernel.org,0,19,36,0,0,0,5,0,0,0,0,0,14,0,0,0,0,11
bugzilla.libav.org,0,3,6,0,0,0,2,0,0,0,0,0,3,0,0,0,1,1
bugzilla.maptools.org,0,14,27,0,0,0,7,0,0,0,0,0,10,0,0,0,0,0
bugzilla.mozilla.org,0,64,112,0,0,0,100,3,0,0,0,0,8,0,0,0,0,76
bugzilla.nasm.us,0,7,7,0,0,0,1,0,0,0,0,0,3,1,0,0,1,4
bugzilla.netfilter.org,0,1,1,0,0,0,0,0,0,0,0,0,1,0,0,0,0,0
bugzilla.novell.com,0,1,9,0,0,0,4,0,0,0,0,0,6,0,0,0,0,0
bugzilla.opensuse.org,0,0,2,0,0,0,0,0,0,0,0,0,1,0,0,0,0,0
bugzilla.proxmox.com,0,0,1,0,0,0,1,0,0,0,0,0,0,0,0,0,0,0
bugzilla.redhat.com,0,57,912,1,18,0,495,2,0,0,3,1,615,0,0,0,124,33
bugzilla.samba.org,0,1,3,0,0,0,2,0,0,0,0,0,2,0,0,0,1,0
bugzilla.suse.com,0,8,69,0,0,0,30,0,0,0,0,0,48,2,0,0,8,5
bugzilla.tianocore.org,0,0,1,0,0,0,1,0,0,0,0,0,0,0,0,0,0,1
bugzilla.zimbra.com,0,0,5,0,0,0,0,3,0,0,0,0,0,0,0,0,0,3
build.opensuse.org,0,0,0,0,0,0,1,0,0,0,0,0,0,0,0,0,0,0
build.prestashop.com,0,0,0,0,0,0,0,0,0,0,3,0,3,0,0,0,0,0
busybox.net,0,0,0,0,0,0,0,0,0,0,1,0,1,0,0,0,0,2
bz.apache.org,0,0,1,0,0,0,1,0,0,0,0,0,0,0,0,0,0,0
bzr.linuxfoundation.org,0,0,0,0,0,0,0,0,0,0,0,0,0,0,0,0,0,1
c-ares.haxx.se,0,0,0,0,0,0,1,0,0,0,0,0,0,0,0,0,0,1
cacti.net,0,0,0,0,0,0,0,0,0,0,2,0,0,0,0,0,0,2
camel.apache.org,0,0,0,0,0,0,0,0,0,0,0,0,0,0,0,0,0,1
cat.eyalro.net,0,0,0,0,0,0,0,0,0,0,0,0,1,0,0,0,0,0
cdn.kernel.org,0,0,12,6,1,0,13,0,0,0,18,1,4,0,0,0,0,28
cdrdv2.intel.com,0,0,0,0,0,0,1,0,0,0,0,0,0,0,0,0,0,2
cedricvb.be,0,1,0,0,0,0,0,0,0,0,0,0,0,0,0,0,0,0
census-labs.com,0,1,0,0,0,0,0,0,0,0,0,0,1,0,0,0,0,0
ceph.com,0,0,0,0,0,0,0,0,0,0,0,0,0,0,0,0,0,2
cert-portal.siemens.com,0,0,0,0,4,0,14,0,0,0,0,0,24,0,0,0,0,9
cert.vde.com,0,0,0,0,0,0,5,0,0,0,0,0,9,0,0,0,0,0
cgiirc.org,0,0,0,0,0,0,0,0,0,0,0,0,0,0,0,0,0,1
cgit.drupalcode.org,0,0,0,0,0,0,2,0,0,0,0,0,2,0,0,0,0,1
cgit.freedesktop.org,0,2,20,1,0,0,73,0,0,0,3,0,47,0,0,0,0,5
cgit.kde.org,0,0,0,0,0,0,8,0,0,0,0,0,4,0,0,0,0,2
chromereleases.googleblog.com,0,0,1,0,0,0,0,0,0,0,43,0,3,0,0,0,0,118
chromium.googlesource.com,0,0,2,0,0,0,6,0,0,0,0,0,2,0,0,0,0,4
chrony.tuxfamily.org,0,0,0,0,0,0,0,0,0,0,0,0,0,0,0,0,0,1
citadelo.com,0,4,0,0,0,0,4,0,0,0,0,0,4,0,0,0,0,0
cloudera.github.io,0,0,0,0,0,0,0,0,0,0,1,0,1,0,0,0,0,0
cloudrouter.org,1,0,0,0,0,0,0,0,0,0,0,0,3,0,0,0,0,0
coastalsec.io,0,0,0,0,0,0,1,0,0,0,0,1,1,0,0,0,0,0
code.google.com,0,10,11,5,0,0,12,2,0,0,0,0,8,0,0,0,0,11
code.launchpad.net,0,0,1,0,0,0,1,0,0,0,0,0,1,0,0,0,0,0
code.qt.io,0,0,0,0,0,0,0,0,0,0,1,0,1,0,0,0,0,0
code.vtiger.com,0,0,1,0,0,0,1,0,0,0,0,0,0,0,0,0,0,0
code.wireshark.org,0,0,72,6,0,0,183,0,0,0,0,0,0,0,0,0,0,134
code610.blogspot.com,0,4,3,0,0,0,0,0,0,0,0,0,4,0,0,0,0,0
codeaurora.org,0,0,0,1,0,0,1,0,0,0,0,0,1,0,0,0,0,0
codeburst.io,0,0,0,0,0,0,0,0,0,0,0,0,1,0,0,0,0,0
codereview.chromium.org,0,0,12,0,0,0,22,0,0,0,0,0,1,0,0,0,0,4
codereview.qt-project.org,0,0,3,0,0,0,18,0,0,0,0,0,2,0,0,0,0,14
codex.wordpress.org,0,1,1,0,0,0,41,0,0,3,22,0,0,0,0,0,0,41
collectd.org,0,0,0,0,0,0,0,0,0,0,1,0,0,0,0,0,0,1
collectiveidea.com,0,1,0,0,0,0,0,0,0,0,0,0,1,0,0,0,0,0
comments.gmane.org,0,0,0,1,0,0,0,0,0,0,0,0,0,0,0,0,0,0
commits.kde.org,0,0,0,2,0,0,6,0,0,0,0,0,0,2,0,0,0,4
community.grafana.com,0,0,0,0,0,0,1,0,0,0,0,0,0,0,0,0,0,1
community.igniterealtime.org,0,0,0,0,0,0,0,0,0,0,0,0,0,0,0,0,0,1
community.mybb.com,0,0,0,0,0,0,0,0,0,0,1,0,1,0,0,0,0,1
community.openvpn.net,0,0,0,0,0,0,0,0,0,0,1,0,0,0,0,0,0,1
community.otrs.com,0,0,0,0,1,0,7,0,0,0,0,0,0,0,0,0,0,7
community.rapid7.com,0,1,0,0,0,0,1,0,0,0,0,1,1,0,0,0,0,0
community.sophos.com,0,0,0,0,0,0,7,0,0,0,0,0,0,0,0,0,0,9
community.ubnt.com,0,0,0,0,0,0,5,0,0,0,0,0,0,0,0,0,0,7
confluence.atlassian.com,0,0,0,0,0,0,1,0,0,0,0,0,1,0,0,0,0,7
contao.org,0,0,0,0,0,0,0,0,0,0,0,0,1,0,0,0,0,0
contrib.spip.net,0,0,0,0,0,0,0,0,0,0,0,0,0,0,0,0,0,1
core.spip.net,0,0,15,0,0,0,17,0,0,0,0,0,0,0,0,0,0,17
core.trac.wordpress.org,0,0,2,0,0,0,17,0,0,0,1,0,1,0,0,0,0,12
cosig.gouv.qc.ca,0,0,0,0,0,0,0,0,0,0,0,0,0,0,0,0,0,0
cp270.wordpress.com,0,0,0,0,0,0,0,0,0,0,0,0,1,0,0,0,0,0
cpansearch.perl.org,0,0,0,0,0,0,0,0,0,0,3,0,0,0,0,0,0,1
crbug.com,0,74,115,1,0,0,119,17,0,0,0,0,19,0,0,0,0,69
crocs.fi.muni.cz,0,0,1,0,1,0,0,0,0,0,0,0,1,0,0,0,0,0
cryptography.io,0,0,0,0,0,0,0,0,0,0,1,0,1,0,0,0,0,0
csticsfrontline.wordpress.com,0,2,0,0,0,0,0,0,0,0,0,0,2,0,0,0,0,0
cturt.github.io,0,1,0,0,0,0,0,0,0,0,0,0,0,0,0,0,0,0
curl.haxx.se,0,1,0,0,3,0,34,0,0,0,0,0,0,0,0,0,0,45
cve.killedkenny.io,0,0,0,0,0,0,0,0,0,0,0,0,2,0,0,0,0,0
cvsweb.openbsd.org,0,0,3,0,0,0,6,0,0,0,0,0,1,0,0,0,0,4
cwatch.comodo.com,0,1,0,0,0,0,1,0,0,0,0,0,1,0,0,0,0,0
cwe.mitre.org,0,0,0,0,0,0,0,0,0,0,0,0,1,0,0,0,0,0
cwiki.apache.org,0,0,2,0,1,0,1,0,0,0,0,0,3,0,0,0,0,3
cxf.apache.org,0,0,0,1,1,0,7,0,0,0,0,0,0,0,0,0,0,10
cxsecurity.com,0,4,0,0,0,0,0,0,0,0,0,0,4,0,0,0,0,0
cybersecurityworks.com,0,2,0,0,0,0,0,0,0,0,0,0,2,0,0,0,0,0
cyberworldmirror.com,0,1,0,0,0,0,1,0,0,0,0,0,1,0,0,0,0,0
cygwin.com,0,0,0,4,0,0,0,0,0,0,4,0,0,0,0,0,0,4
dan.enigmabridge.com,0,0,1,0,0,0,0,0,0,0,0,0,1,0,0,0,0,0
danieltindall.me,0,1,0,0,1,0,0,0,0,0,0,0,1,0,0,0,0,0
debbugs.gnu.org,0,1,1,2,0,0,1,0,0,0,0,0,0,0,0,0,0,2
delivery04.dhe.ibm.com,0,0,0,0,0,0,0,0,0,0,0,0,0,0,0,0,0,5
dev.deluge-torrent.org,0,0,0,0,0,0,0,0,0,0,2,0,0,0,0,0,0,2
dev.dotclear.org,0,0,3,0,1,0,3,0,0,0,0,0,0,0,0,0,0,1
dev.eclipse.org,0,0,0,0,0,0,1,0,0,0,0,0,0,0,0,0,0,1
dev.gajim.org,0,0,1,0,0,0,3,0,0,0,0,0,0,0,0,0,0,2
dev.gnupg.org,0,0,0,0,0,0,2,0,0,0,0,0,0,0,0,0,0,2
dev.liferay.com,0,0,6,0,0,0,7,0,0,0,0,0,0,0,0,0,0,7
dev.mysql.com,0,0,4,0,0,0,0,0,0,0,0,0,0,0,0,0,0,6
dev.recurly.com,0,0,0,0,0,0,0,0,0,0,0,0,0,0,0,0,0,3
dev.tiki.org,0,0,0,0,0,0,0,1,0,0,0,0,0,0,0,0,0,0
dev.virtuemart.net,0,0,0,0,0,0,1,0,0,0,0,0,0,0,0,0,0,1
devco.re,0,3,0,0,0,0,0,0,0,0,0,1,4,0,0,0,0,0
developer.arm.com,0,0,0,0,0,0,0,0,0,0,0,0,3,0,0,0,0,1
developer.joomla.org,0,0,0,0,0,0,12,0,0,0,0,0,2,0,0,0,0,14
developer.mozilla.org,0,0,0,0,0,0,0,0,0,0,4,0,1,0,0,0,0,7
developers.yubico.com,0,0,0,0,0,0,0,0,0,0,1,0,0,0,0,0,0,1
directory.fedoraproject.org,0,0,0,0,0,0,2,0,0,0,0,0,0,0,0,0,0,2
dirtycow.ninj,0,0,0,0,0,0,0,0,0,0,0,0,1,0,0,0,0,0
discourse.chef.io,0,0,0,0,0,0,0,0,0,0,0,0,0,0,0,0,0,0
discourse.tt-rss.org,0,0,0,0,0,0,1,0,0,0,0,0,0,0,0,0,0,1
discuss.elastic.co,0,0,0,0,0,0,0,0,0,0,0,0,0,0,0,0,0,2
dnsdist.org,0,0,0,0,0,0,2,0,0,0,0,0,0,0,0,0,0,2
doc.akka.io,0,0,0,0,0,0,0,0,0,0,0,0,0,0,0,0,0,1
doc.pfsense.org,0,0,1,0,0,0,0,0,0,0,0,0,0,0,0,0,0,1
doc.powerdns.com,0,0,0,0,2,0,8,0,0,0,1,0,0,0,0,0,0,9
docs.ceph.com,0,0,0,0,0,0,0,0,0,0,1,0,0,0,0,0,0,1
docs.ganeti.org,0,0,0,0,0,0,0,0,0,0,14,0,0,0,0,0,0,14
docs.google.com,0,0,0,0,0,0,0,0,0,0,0,0,1,0,0,0,0,0
docs.microsoft.com,0,0,0,0,0,0,204,0,0,0,0,0,19,0,0,0,0,185
docs.orchardproject.net,0,0,0,0,0,0,1,0,0,0,0,0,0,0,0,0,0,1
docs.pulpproject.org,0,0,0,0,0,0,0,2,0,0,0,0,0,0,0,0,0,0
docs.python-requests.org,0,0,0,0,0,0,0,0,0,0,1,0,1,0,0,0,0,0
docs.python.org,0,0,0,0,0,0,0,0,0,0,5,0,0,0,0,0,0,0
docs.saltstack.com,0,0,6,0,0,0,4,0,0,0,14,0,0,0,0,0,0,14
docs.search-guard.com,0,0,0,0,0,0,1,0,0,0,0,0,0,0,0,0,0,1
docs.suitecrm.com,0,0,0,0,0,0,0,0,0,0,2,0,0,0,0,0,0,2
docs.wso2.com,0,0,0,0,0,0,6,0,0,0,0,0,0,0,0,0,0,6
docs.zephyrproject.org,0,0,0,0,0,0,0,0,0,0,2,0,0,0,0,0,0,2
documentation.centreon.com,0,0,0,0,0,0,0,0,0,0,1,0,0,0,0,0,0,2
doddsecurity.com,0,1,0,0,0,0,0,0,0,0,0,0,0,0,0,0,0,1
dojotoolkit.org,0,0,0,0,0,0,1,0,0,0,1,0,0,0,0,0,0,1
donncha.is,0,3,0,0,0,0,0,0,0,0,0,3,3,0,0,0,0,0
dotclear.org,0,0,0,0,0,0,3,0,0,0,3,0,0,0,0,0,0,6
dotcms.com,0,0,0,0,0,0,1,0,0,0,0,0,0,0,0,0,0,1
dotnetnuke.codeplex.com,0,0,0,0,0,0,0,0,0,0,1,0,0,0,0,0,0,1
download.gnome.org,0,0,0,0,0,0,1,0,0,0,0,0,1,0,0,0,0,1
download.microfocus.com,0,0,0,0,2,0,2,0,0,0,0,0,0,0,0,0,0,2
download.novell.com,0,0,0,0,0,0,8,0,0,7,4,0,0,0,0,0,0,4
download.osgeo.org,0,0,0,0,0,0,1,0,0,0,0,0,0,0,0,0,0,0
download.samba.org,0,0,0,0,0,0,0,0,0,0,1,0,0,0,0,0,0,1
download.savannah.gnu.org,0,0,1,0,0,0,0,0,0,0,0,0,1,0,0,0,0,0
download.schneider-electric.com,1,0,0,0,1,0,11,0,0,0,0,0,0,0,0,0,0,11
download.strongswan.org,0,0,0,0,0,0,2,0,0,0,0,0,0,0,0,0,0,2
downloadmirror.intel.com,1,0,0,0,0,0,0,0,0,0,0,0,0,0,0,0,0,0
downloads.asterisk.org,0,1,0,0,1,0,10,0,0,0,0,0,0,0,0,0,0,14
downloads.avaya.com,0,0,0,0,0,0,2,0,0,0,0,0,0,0,0,0,0,2
downloads.digium.com,0,0,0,0,0,0,0,0,0,0,0,0,0,0,0,0,0,1
drive.google.com,0,0,0,0,0,0,0,0,0,0,0,0,7,0,0,0,0,0
ds-develop.de,0,1,0,0,0,0,0,0,0,0,0,0,0,0,0,0,0,0
dumpco.re,0,2,0,0,0,0,2,0,0,0,0,0,2,0,0,0,0,0
dyntopia.com,0,1,0,0,0,0,0,0,0,0,0,0,1,0,0,0,0,0
ecosystem.atlassian.net,0,0,1,0,0,0,1,0,0,0,0,0,0,0,0,0,0,1
edk2-docs.gitbooks.io,0,0,0,0,0,0,8,0,0,0,0,0,4,0,0,0,0,4
edoverflow.com,0,0,1,0,0,0,0,0,0,0,0,0,1,0,0,0,0,0
edricteo.com,0,2,0,0,0,0,0,0,0,0,0,0,2,0,0,0,0,0
electronjs.org,0,0,0,0,1,0,0,0,0,0,0,0,2,0,0,0,0,0
elixir.bootlin.com,0,0,0,0,0,0,1,0,0,0,0,0,1,0,0,0,0,0
embed.plnkr.co,0,0,0,0,0,0,0,0,0,0,0,0,1,0,0,0,0,0
emberjs.com,0,0,0,0,0,0,0,0,0,0,0,0,0,0,0,0,0,1
en.bitcoin.it,0,0,0,0,0,0,0,0,0,0,0,0,1,0,0,0,0,0
en.osdn.jp,0,0,0,0,0,0,1,0,0,0,0,0,0,0,0,0,0,0
enigma0x3.net,0,0,0,0,0,0,0,0,0,0,0,0,0,0,0,0,0,0
eprint.iacr.org,0,0,0,1,0,0,0,0,0,0,0,3,8,0,0,0,0,0
erpscan.io,0,1,0,0,0,0,0,0,0,0,0,0,5,0,0,0,0,0
esupport.trendmicro.com,0,0,0,0,0,0,2,0,0,0,0,0,0,0,0,0,0,2
etherscan.io,0,0,0,0,0,0,0,0,0,0,0,0,1,0,0,0,0,0
evergreen-ils.org,0,0,7,0,0,0,1,0,0,0,8,0,0,0,0,0,0,0
exchange.xforce.ibmcloud.com,0,0,2,0,0,1,10,0,0,0,0,0,25,0,0,0,612,574
exim.org,0,0,0,0,0,0,0,0,0,0,0,0,0,0,0,0,0,1
exploit-db.com,0,1,0,0,0,0,0,0,0,0,0,0,0,0,0,0,1,0
exploitbox.io,0,1,0,0,0,0,0,0,0,0,0,0,1,0,0,0,0,0
exponentcms.lighthouseapp.com,0,0,1,0,0,0,6,0,0,0,0,0,0,0,0,0,0,9
extensions.joomla.org,0,0,0,0,0,3,0,0,0,0,0,0,0,0,0,0,0,0
extplorer.net,0,0,0,0,0,0,1,0,0,0,0,0,0,0,0,0,0,1
eyalitkin.wordpress.com,0,0,0,0,0,0,1,0,0,0,0,1,2,0,0,0,0,0
fc19.ifca.ai,0,0,0,0,0,0,0,0,0,0,0,1,1,0,0,0,0,0
fedorahosted.org,0,0,1,0,0,0,0,0,0,1,0,0,0,0,0,0,0,0
feedback.filerun.com,0,0,0,0,0,0,1,0,0,0,0,0,0,0,0,0,0,1
feh.finalrewind.org,0,0,0,0,0,0,1,0,0,1,0,0,0,0,0,0,0,0
ffmpeg.org,0,0,0,0,0,0,0,0,0,0,3,0,0,0,0,0,0,3
firejail.wordpress.com,0,0,0,0,0,0,0,0,0,0,3,0,0,0,0,0,0,3
flowpaper.com,0,0,0,0,0,0,0,0,0,0,1,0,1,0,0,0,0,0
foreversong.cn,0,0,0,0,0,0,0,0,0,0,0,0,1,0,0,0,0,0
forge.tine20.org,0,1,0,0,0,0,1,0,0,0,0,0,1,0,0,0,0,0
forge.typo3.org,0,0,0,0,0,0,2,0,0,0,0,0,1,0,0,0,0,1
fortiguard.com,1,0,0,0,0,0,0,0,0,0,0,0,12,0,0,0,0,0
forum.armbian.com,0,0,0,1,0,0,0,0,0,0,0,0,1,0,0,0,0,0
forum.coppermine-gallery.net,0,0,0,0,0,0,1,0,0,0,0,0,0,0,0,0,0,1
forum.pkp.sfu.ca,0,1,0,0,0,0,1,0,0,0,0,0,0,0,0,0,0,2
forum.wbce.org,0,0,0,0,0,0,3,0,0,0,0,0,0,0,0,0,0,3
forums.cubecart.com,0,0,0,0,0,0,3,0,0,0,2,0,0,0,0,0,0,1
forums.exponentcms.org,0,1,0,0,0,0,0,0,0,0,0,0,0,0,0,0,0,1
forums.grsecurity.net,0,0,1,0,0,0,0,0,0,0,0,0,0,0,0,0,0,0
forums.manageengine.com,0,0,0,0,0,0,1,0,0,0,0,0,0,0,0,0,0,1
forums.unrealircd.org,0,0,0,0,0,0,0,0,0,0,0,0,0,0,0,0,0,1
forums.zimbra.org,0,0,0,0,0,0,1,0,0,0,0,0,0,0,0,0,0,1
foxglovesecurity.com,0,1,0,0,0,0,0,0,0,0,0,1,0,0,0,0,0,0
framagit.org,0,0,2,0,0,0,2,0,0,0,0,0,2,0,0,0,0,0
freakattack.com,0,0,0,0,0,0,0,0,0,0,0,0,0,0,0,0,0,1
freeradius.org,0,0,0,0,0,3,9,0,0,0,0,0,0,0,0,0,0,9
ft.ipswitch.com,0,0,0,0,0,0,1,0,0,0,0,0,0,0,0,0,0,1
ftp.gnome.org,1,0,0,0,0,0,0,0,0,0,0,0,1,0,0,0,0,0
ftp.graphicsmagick.org,0,0,0,0,0,0,0,0,0,0,2,0,0,0,0,0,0,2
ftp.netbsd.org,0,0,0,1,0,0,0,0,0,0,0,0,1,0,0,0,0,0
ftp.openbsd.org,0,0,0,0,0,0,8,0,0,0,0,0,2,0,0,0,0,6
ftp.zyxel.com,0,0,0,0,0,0,0,0,0,0,1,0,0,0,0,0,0,1
ftp2.dlink.com,0,0,0,0,0,0,3,0,0,0,0,0,0,0,0,0,0,4
fusionforge.org,0,0,0,0,0,0,1,0,0,0,0,0,0,0,0,0,0,1
garoon.cybozu.co.jp,0,0,0,0,0,0,2,0,0,0,0,0,0,0,0,0,0,2
gcc.gnu.org,0,0,4,1,0,0,4,0,0,0,0,0,0,0,0,0,0,4
gerrit.libreoffice.org,0,0,0,0,0,0,9,0,0,0,0,0,0,0,0,0,0,9
gerrit.onosproject.org,0,0,2,0,0,0,5,0,0,0,0,0,4,0,0,0,0,1
gerrit.ovirt.org,0,0,1,0,0,0,4,0,0,0,0,0,1,0,0,0,0,1
gerrit.wikimedia.org,0,0,1,0,0,0,0,0,0,0,0,0,1,0,0,0,0,0
getkirby.com,0,0,0,0,0,0,1,0,0,0,0,0,0,0,0,0,0,1
ghg-santeikohyo.env.go.jp,0,0,0,0,0,0,0,0,0,0,0,0,0,0,0,0,0,3
ghostbin.com,0,0,0,0,0,0,0,0,0,0,0,0,0,0,0,0,0,0
ghostscript.com,0,0,0,0,0,0,1,0,0,0,1,0,0,0,0,0,0,1
gist.github.com,0,7,5,0,0,0,13,0,0,0,0,1,26,0,0,0,0,0
git-wip-us.apache.org,0,0,2,0,0,0,5,0,0,0,0,0,1,0,0,0,0,0
git.alpinelinux.org,0,0,0,0,0,0,1,0,0,0,0,0,0,0,0,0,0,1
git.busybox.net,0,0,2,0,0,0,9,0,0,0,0,0,2,0,0,0,0,6
git.claws-mail.org,0,0,0,0,0,0,0,0,0,0,0,0,0,0,0,0,0,0
git.deluge-torrent.org,0,0,0,0,0,0,3,0,0,0,0,0,0,0,0,0,0,3
git.enlightenment.org,0,0,1,0,0,0,1,0,0,0,0,0,1,0,0,0,0,1
git.evergreen-ils.org,0,0,1,0,0,0,2,0,0,0,0,0,0,0,0,0,0,0
git.exim.org,0,0,0,0,0,0,3,0,0,0,0,0,0,0,0,0,0,1
git.fedorahosted.org,0,0,1,0,0,0,1,0,0,0,0,0,0,0,0,0,0,0
git.ffmpeg.org,0,0,2,0,0,0,5,0,0,0,0,0,1,0,0,0,0,3
git.freepbx.org,0,0,1,0,0,0,1,0,0,0,0,0,1,0,0,0,0,0
git.ghostscript.com,0,0,15,0,0,0,72,0,0,0,0,0,27,0,0,0,0,32
git.gnome.org,0,0,6,0,0,0,29,0,0,0,3,0,22,0,0,0,0,5
git.gnupg.org,0,0,3,1,0,0,8,0,0,0,0,0,3,0,0,0,0,5
git.haproxy.org,0,0,0,0,0,0,5,0,0,0,0,0,2,0,0,0,0,3
git.hylafax.org,0,0,0,0,0,0,1,0,0,0,0,0,0,0,0,0,0,1
git.imagemagick.org,0,0,2,0,0,0,8,0,0,0,0,0,2,0,0,0,0,2
git.jetbrains.org,0,0,0,0,0,0,1,0,0,0,0,0,1,0,0,0,0,0
git.kernel.dk,0,0,1,0,0,0,0,0,0,0,0,0,1,0,0,0,0,0
git.kernel.org,0,6,126,14,3,0,367,0,0,0,2,1,117,0,0,0,0,210
git.launchpad.net,0,0,0,0,0,0,1,0,0,0,0,0,1,0,0,0,0,0
git.libav.org,0,0,3,0,0,0,6,0,0,0,1,0,2,0,0,0,0,1
git.linaro.org,0,0,0,0,0,0,3,0,0,0,0,0,3,0,0,0,0,0
git.linux-nfs.org,0,0,0,0,0,0,1,0,0,0,0,0,1,0,0,0,0,0
git.lxde.org,0,0,1,0,0,0,3,0,0,0,0,0,2,0,0,0,0,1
git.lysator.liu.se,0,0,0,0,0,0,4,0,0,0,0,0,1,0,0,0,0,0
git.moodle.org,0,0,0,0,0,0,7,0,0,0,0,0,0,0,0,0,0,5
git.netfilter.org,0,0,0,0,0,0,1,0,0,0,0,0,0,0,0,0,0,1
git.opendaylight.org,0,0,4,0,0,0,5,0,0,0,0,0,4,0,0,0,0,1
git.openssl.org,0,0,8,0,0,0,23,0,0,0,1,0,15,0,0,0,0,19
git.openstack.org,0,0,0,0,0,0,2,0,0,0,0,0,0,0,0,0,0,2
git.php.net,0,1,9,1,0,0,16,0,0,0,0,0,4,0,0,0,0,5
git.postgresql.org,0,0,0,0,0,0,1,0,0,0,0,0,0,0,0,0,0,1
git.qemu-project.org,0,0,17,0,0,0,19,0,0,0,0,0,17,0,0,0,0,4
git.qemu.org,0,0,21,2,0,0,66,0,0,0,0,0,10,0,0,0,0,52
git.samba.org,0,0,4,0,0,0,8,0,0,0,0,0,4,0,0,0,0,2
git.savannah.gnu.org,0,0,13,1,0,0,39,0,0,0,2,0,26,0,0,0,0,6
git.savannah.nongnu.org,0,0,0,0,0,0,1,0,0,0,0,0,0,0,0,0,0,1
git.shibboleth.net,0,0,2,0,0,0,2,0,0,0,0,0,0,0,0,0,0,2
git.suckless.org,0,0,0,0,0,0,1,0,0,0,0,0,0,0,0,0,0,1
git.tartarus.org,0,0,0,0,0,0,1,0,0,0,0,0,1,0,0,0,0,0
git.tt-rss.org,0,0,0,0,0,0,1,0,0,0,0,0,0,0,0,0,0,0
git.tukaani.org,0,0,0,0,0,0,1,0,0,0,0,0,1,0,0,0,0,0
git.videolan.org,0,0,1,0,0,0,16,0,0,0,0,0,3,0,0,0,0,9
git.xiph.org,0,0,0,0,0,0,1,0,0,0,0,0,1,0,0,0,0,0
git.yoctoproject.org,0,0,0,1,0,0,1,0,0,0,0,0,1,0,0,0,0,0
git.zuul-ci.org,0,0,0,0,0,0,1,0,0,0,0,0,0,0,0,0,0,1
git.zx2c4.com,0,0,0,0,0,0,1,0,0,0,0,0,1,0,0,0,0,0
git1-us-west.apache.org,0,0,0,0,0,0,2,0,0,0,0,0,0,0,0,0,0,0
gitee.com,0,0,0,0,0,0,3,0,0,0,0,0,2,0,0,0,0,1
github.com,15,567,1829,4,16,0,4203,1,0,6,253,18,3832,0,0,0,4,450
gitlab.com,0,15,14,0,1,0,56,0,0,0,2,1,44,0,0,0,0,19
gitlab.freedesktop.org,0,3,2,0,0,0,12,0,0,0,0,0,12,0,0,0,0,2
gitlab.gnome.org,0,2,2,1,0,0,11,0,0,0,1,0,8,0,0,0,0,13
gitlab.labs.nic.cz,0,0,2,0,0,0,1,0,0,0,1,0,2,0,0,0,1,1
gitlab.manjaro.org,0,0,0,0,0,0,1,0,0,0,0,0,1,0,0,0,0,0
gitweb.torproject.org,0,0,0,0,0,0,1,0,0,0,0,0,0,0,0,0,0,1
gms.cl0udz.com,0,3,0,1,0,0,0,0,0,0,0,0,3,0,0,0,0,0
gna.org,1,0,0,0,0,0,0,0,0,0,0,0,0,0,0,0,0,0
gnunet.org,0,4,2,0,0,0,6,0,0,0,1,0,7,0,0,0,0,5
gnutls.org,0,0,0,0,0,0,0,0,0,0,0,0,0,0,0,0,0,4
go-review.googlesource.com,0,0,0,0,0,0,1,0,0,0,0,0,0,0,0,0,0,2
godoc.org,0,0,0,0,0,0,0,0,0,0,0,0,0,0,0,0,0,1
godotengine.org,0,0,0,0,0,0,0,0,0,0,0,0,0,0,0,0,0,2
golang.org,0,0,5,0,0,0,5,0,0,0,0,0,0,0,0,0,0,6
googlechromereleases.blogspot.com,0,0,0,0,0,0,68,0,0,0,4,0,1,0,0,0,0,88
googlechromereleases.blogspot.in,0,0,0,0,0,0,0,0,0,0,0,0,1,0,0,0,0,0
googleonlinesecurity.blogspot.com,0,0,0,0,0,0,0,0,0,0,0,0,0,0,0,0,0,0
googleprojectzero.blogspot.com,0,0,0,0,0,0,0,0,0,0,0,1,4,0,0,0,0,0
gosecure.net,0,0,0,0,0,0,0,0,0,0,0,0,0,0,0,0,0,0
grafana.com,0,0,0,0,0,0,1,0,0,0,0,0,0,0,0,0,0,1
greysec.net,0,0,1,0,0,0,0,0,0,0,0,0,1,0,0,0,0,0
grimhacker.com,0,2,0,0,0,0,0,0,0,0,0,0,2,0,0,0,0,0
grokbase.com,0,0,0,1,0,0,0,0,0,0,0,0,1,0,0,0,0,0
groovy-lang.org,0,0,0,0,0,0,0,0,0,0,0,0,0,0,0,0,0,1
groups.drupal.org,0,0,0,0,0,0,0,0,0,0,0,0,0,0,0,0,0,1
groups.google.com,0,0,5,16,3,0,13,0,0,0,1,0,39,0,0,0,0,3
grsecurity.net,0,0,0,0,0,0,0,0,0,0,0,0,1,0,0,0,0,0
gstreamer.freedesktop.org,0,0,0,0,0,0,0,0,0,0,11,0,0,0,0,0,0,11
guidovranken.wordpress.com,0,0,0,0,0,0,0,0,0,0,0,0,1,0,0,0,0,0
gultsch.de,0,0,0,0,0,0,0,0,0,0,0,0,1,0,0,0,0,0
h20564.www2.hp.com,0,0,0,0,0,0,1,0,0,0,0,0,1,0,0,0,0,1
h20564.www2.hpe.com,0,0,0,0,0,0,0,0,0,0,0,0,3,0,0,0,0,0
h20566.www2.hpe.com,0,0,0,0,0,0,1,0,0,0,0,0,22,0,0,0,1,1
h5l.org,0,0,0,0,0,0,0,0,0,0,0,0,0,0,0,0,0,0
ha.cker.info,0,0,0,0,0,0,0,0,0,0,0,0,1,0,0,0,0,0
hackerone.com,0,42,9,1,1,0,11,22,0,0,0,1,64,0,0,0,1,0
haxx.ml,0,0,0,0,0,0,0,0,0,0,0,0,0,0,0,0,0,0
help.ecostruxureit.com,0,0,0,0,0,0,0,0,0,0,0,0,40,0,0,0,0,0
help.joyent.com,0,0,0,0,0,0,0,0,0,0,0,0,0,0,0,0,0,1
helpx.adobe.com,0,0,0,0,6,0,1252,0,0,0,0,0,3,0,0,0,0,1282
herolab.usd.de,0,1,0,0,0,0,0,0,0,0,0,0,1,0,0,0,0,0
hexhive.epfl.ch,0,0,0,0,0,0,1,0,0,0,0,0,1,0,0,0,0,0
hg.code.sf.net,0,0,21,0,0,0,38,0,0,0,0,0,30,0,0,1,0,2
hg.dotclear.org,0,0,2,0,0,0,5,0,0,0,2,0,0,0,0,0,0,5
hg.graphicsmagick.org,0,0,11,1,0,0,26,0,0,0,0,0,0,0,0,0,0,22
hg.mozilla.org,0,0,2,0,0,0,3,0,0,0,0,0,0,0,0,0,0,0
hg.prosody.im,0,0,0,0,0,0,2,0,0,0,0,0,0,0,0,0,0,0
hg.python.org,0,0,0,0,0,0,5,0,0,0,3,0,2,0,0,0,0,0
hg.savannah.gnu.org,0,0,1,0,0,0,1,0,0,0,0,0,1,0,0,0,0,0
hhvm.com,0,0,0,0,0,0,1,0,0,0,2,0,2,0,0,0,0,3
hibernate.atlassian.net,0,0,1,0,0,0,0,0,0,0,0,0,0,0,0,0,0,0
hmarco.org,0,2,0,0,1,0,0,0,0,0,0,1,1,0,0,0,0,0
homakov.blogspot.ru,0,1,0,0,0,0,0,0,0,0,0,0,1,0,0,0,0,0
hpsc,0,0,0,0,1,0,52,1,0,0,0,0,106,0,0,0,1,51
html5lib.readthedocs.io,0,0,0,0,0,0,0,0,0,0,2,0,0,0,0,0,0,0
httpd.apache.org,0,0,0,0,0,0,2,0,0,0,0,0,0,0,0,0,0,8
httpoxy.org,0,1,0,0,1,0,0,0,0,0,0,0,3,0,0,0,0,0
hyp3rlinx.altervista.org,0,12,0,0,0,0,0,0,0,0,0,0,13,0,0,0,0,0
i.imgur.com,0,1,0,0,0,0,0,0,0,0,0,0,1,0,0,0,0,0
i.redd.it,0,0,0,0,0,0,0,0,0,0,0,0,1,0,0,0,0,0
ibb.co,0,0,0,1,0,0,0,0,0,0,0,0,1,0,0,0,0,0
ics-cert.us-cert.gov,1,0,0,0,10,0,63,1,0,0,0,0,99,0,0,101,2,0
ihacktoprotect.com,0,2,0,0,0,0,0,0,0,0,0,0,2,0,0,0,0,0
ikiwiki.info,0,1,0,0,0,0,0,0,0,0,0,0,0,0,0,0,0,1
imagetragick.com,0,0,0,0,0,0,0,0,0,0,0,0,0,0,0,0,0,1
info.safebreach.com,0,0,0,0,0,0,0,0,0,0,0,0,0,0,0,0,0,0
initd.org,0,0,0,0,0,0,0,0,0,0,1,0,0,0,0,0,0,0
insecurity.sh,0,6,0,0,0,0,0,0,0,0,0,4,10,0,1,0,0,0
insights.ubuntu.com,0,0,0,0,0,0,0,0,0,0,0,0,0,0,0,0,0,0
insinuator.net,0,0,0,0,0,0,1,0,0,0,0,0,1,0,0,0,0,0
iom.invensys.com,0,0,0,0,0,0,1,0,0,0,0,0,0,0,0,0,0,1
ioquake3.org,0,0,0,0,0,0,0,0,0,0,0,0,0,0,0,0,0,1
ipsilon-project.org,0,0,0,0,0,0,0,0,0,0,0,0,0,0,0,0,0,1
ipython.org,0,0,0,0,0,0,0,0,0,0,1,0,0,0,0,0,0,2
irclog.whitequark.org,0,0,1,0,0,0,0,0,0,0,0,0,1,0,0,0,0,0
irssi.org,0,2,0,0,5,0,22,0,0,0,0,0,0,0,0,0,0,22
isc.sans.edu,0,0,0,0,0,0,0,0,0,0,0,1,1,0,0,0,0,0
iscouncil.blogspot.com,0,1,0,0,0,0,1,0,0,1,0,0,1,0,0,0,0,0
isears.github.io,0,1,1,0,0,0,0,0,0,0,0,0,1,0,0,0,0,0
issues.apache.org,0,1,16,0,0,0,12,0,0,0,0,0,6,0,0,0,0,14
issues.asterisk.org,0,1,7,0,0,0,6,0,0,0,0,0,4,0,0,0,0,6
issues.cloudera.org,0,0,1,0,0,0,1,0,0,0,0,0,0,0,0,0,0,1
issues.igniterealtime.org,0,0,1,0,0,0,0,0,0,0,0,0,0,0,0,0,0,1
issues.jboss.org,0,0,2,0,0,0,1,0,0,0,0,0,3,0,0,0,0,1
issues.liferay.com,0,0,1,0,0,0,0,0,0,0,0,0,0,0,0,0,0,1
issues.umbraco.org,0,0,3,0,0,0,2,0,0,0,0,0,0,0,0,0,0,2
ithemes.com,0,0,0,0,0,0,7,0,0,0,0,0,0,0,0,0,0,7
itunes.apple.com,0,0,0,0,0,0,3,0,0,1,0,0,1,0,0,0,0,0
j2store.org,0,0,0,0,0,0,1,0,0,0,0,0,0,0,0,0,0,1
jekyllrb.com,0,0,0,0,0,0,1,0,0,0,0,0,0,0,0,0,0,1
jenkins.io,0,0,0,0,0,0,0,0,0,0,0,0,1,0,0,0,0,11
jira.atlassian.com,0,0,6,0,0,0,13,0,0,0,0,0,0,0,0,0,0,11
jira.duraspace.org,0,0,0,0,0,0,1,0,0,0,0,0,0,0,0,0,0,1
jira.mariadb.org,0,0,1,0,0,0,0,0,0,0,0,0,0,0,0,0,0,1
jira.mongodb.org,0,0,4,0,0,0,2,0,0,0,0,0,1,0,0,0,0,2
jira.onosproject.org,0,0,1,0,0,0,1,0,0,0,0,0,0,0,0,0,0,1
jira.qos.ch,0,0,2,0,0,0,0,0,0,0,0,0,0,0,0,0,0,2
jira.spring.io,0,0,1,0,1,0,1,0,0,0,0,0,0,0,0,0,0,1
joachimdezutter.webredirect.org,0,1,0,0,0,0,1,0,0,0,0,0,0,0,0,0,0,0
joel-malwarebenchmark.github.io,0,2,0,0,0,0,0,0,0,0,0,0,2,0,0,0,0,0
jolokia.org,0,0,0,0,0,0,0,0,0,0,0,0,0,0,0,0,0,1
jqueryui.com,0,0,0,0,0,0,0,0,0,0,1,0,0,0,0,0,0,1
jsish.org,0,0,0,0,0,0,2,0,0,0,0,0,0,0,0,0,0,2
juddi.apache.org,0,0,0,0,0,0,0,0,0,0,0,0,0,0,0,0,0,1
justi.cz,0,2,0,0,0,0,0,0,0,0,0,0,2,0,0,0,0,0
jvn.jp,0,0,1,0,0,0,6,0,0,0,0,0,81,0,0,0,64,58
jvndb.jvn.jp,0,0,0,0,0,0,1,0,0,0,0,0,11,0,0,0,13,54
kalilinux.co,0,1,0,0,0,0,0,0,0,0,0,0,1,0,0,0,0,0
kallithea-scm.org,0,3,0,0,0,0,2,0,0,0,0,0,0,0,0,0,0,3
kalypto.org,0,1,0,0,0,0,0,0,0,0,0,0,1,0,0,0,0,0
kanboard.net,0,0,0,0,0,0,0,0,0,0,18,0,0,0,0,0,0,18
karaf.apache.org,0,0,0,0,0,0,3,0,0,0,0,0,0,0,0,0,0,3
karmainsecurity.com,0,2,0,0,0,0,0,0,0,0,0,0,0,0,0,0,0,0
kb.cert.org,0,0,0,0,0,0,0,0,0,0,0,0,1,0,0,1,0,0
kb.commvault.com,0,0,0,0,0,0,1,0,0,0,0,0,0,0,0,0,0,1
kb.cybozu.support,0,0,0,0,0,0,0,0,0,0,0,0,0,0,0,0,0,1
kb.isc.org,3,0,0,0,1,0,5,0,0,0,0,0,0,0,0,0,0,10
kb.juniper.net,0,0,0,0,6,0,10,0,0,0,0,0,27,0,0,0,0,11
kb.netapp.com,0,0,0,0,0,0,22,0,0,0,0,0,1,0,0,0,0,21
kb.netgear.com,0,0,0,0,0,0,21,0,0,0,0,0,0,0,0,0,0,20
kb.pulsesecure.net,0,0,0,0,1,0,8,0,0,0,0,0,19,0,0,0,0,3
kc.mcafee.com,1,0,0,0,1,0,31,0,0,0,0,0,25,0,0,0,0,23
kernel.googlesource.com,0,0,0,0,0,0,0,0,0,0,0,0,0,0,0,0,0,0
kernel.org,0,0,0,0,0,0,0,0,0,0,0,0,0,0,0,0,0,1
keybase.io,0,1,0,0,0,0,0,0,0,0,0,0,0,0,0,0,0,1
keychest.net,0,0,1,0,1,0,0,0,0,0,0,0,1,0,0,0,0,0
kindeditor.or,0,0,0,0,0,0,0,0,0,1,0,0,0,0,0,0,0,0
klikki.fi,0,1,0,0,0,0,0,0,0,0,0,0,0,0,0,0,0,0
koha-community.org,0,0,0,0,0,0,0,0,0,0,4,0,0,0,0,0,0,0
konversation.kde.org,0,0,0,0,0,0,1,0,0,0,0,0,0,0,0,0,0,1
krbdev.mit.edu,0,0,0,0,0,0,1,0,0,0,0,0,1,0,0,0,0,6
lab.mediaservice.net,0,1,0,0,0,0,0,0,0,0,0,0,0,0,0,0,0,0
labs.integrity.pt,0,1,0,0,0,0,0,0,0,0,0,1,1,0,0,0,0,0
labs.nettitude.com,0,7,0,0,0,0,11,0,0,0,0,7,28,0,0,0,0,0
launchpad.net,1,2,7,0,0,0,7,0,0,0,0,0,7,0,0,0,0,3
launchpad.support.sap.com,0,0,0,0,0,0,0,4,0,0,0,0,0,0,0,0,0,1
launchpadlibrarian.net,0,0,0,1,0,0,1,0,0,0,0,0,1,0,0,0,0,0
legalhackers.com,0,8,0,0,0,0,2,0,0,0,0,1,9,0,0,0,0,0
leucosite.com,0,1,0,0,0,0,0,0,0,0,0,0,1,0,0,0,0,0
lgtm.com,0,2,0,0,0,0,1,0,0,0,0,0,2,0,0,0,0,0
lib.openmpt.org,0,0,0,0,0,0,6,0,0,0,4,0,0,0,0,0,0,5
libav.org,0,0,0,0,0,0,0,0,0,0,1,0,0,0,0,0,0,1
libgd.github.io,0,0,0,0,0,0,0,0,0,0,4,0,1,0,0,0,0,6
libgit2.github.com,0,0,0,0,0,0,5,0,0,0,0,0,2,0,0,0,0,3
libreswan.org,0,0,0,0,0,0,1,0,0,0,0,0,0,0,0,0,0,1
libtiff.maptools.org,0,0,0,0,0,0,1,0,0,0,0,0,0,0,0,0,0,0
libvirt.org,0,0,0,0,0,0,1,0,0,0,0,0,0,0,0,0,0,1
linecorp.com,0,0,0,0,0,0,1,0,0,0,0,0,0,0,0,0,0,1
list.resiprocate.org,0,0,0,0,0,0,0,0,0,0,0,0,0,0,0,0,0,1
listengine.tuxfamily.org,0,0,0,0,0,0,2,0,0,0,0,0,0,0,0,0,0,2
lists.alioth.debian.org,0,0,0,0,0,0,0,0,0,0,0,0,0,0,0,0,0,0
lists.andrew.cmu.edu,0,0,0,0,0,0,0,0,0,0,0,0,1,0,0,0,0,0
lists.apache.org,0,2,9,313,5,0,39,0,0,0,1,0,211,0,0,0,0,127
lists.apple.com,0,0,0,130,0,1,124,0,0,0,1,0,27,0,0,0,0,283
lists.archlinux.org,0,1,0,0,0,0,1,0,0,0,0,0,1,0,0,0,0,0
lists.busybox.net,0,0,0,1,0,0,0,0,0,0,0,0,0,0,0,0,0,1
lists.cloudfoundry.org,0,0,0,0,0,0,1,0,0,0,0,0,0,0,0,0,0,1
lists.debian.org,0,0,13,835,1,0,2,0,0,0,0,0,1050,0,0,0,0,3
lists.denx.de,0,0,0,2,1,0,1,0,0,0,0,0,0,0,0,0,0,2
lists.dns-oarc.net,0,0,0,4,0,0,0,0,0,0,0,1,4,0,0,0,0,0
lists.exim.org,0,0,0,1,0,0,0,0,0,0,0,0,0,0,0,0,0,0
lists.fedoraproject.org,2,0,15,140,1,0,55,0,0,4,39,0,615,1,0,0,0,7
lists.ffmpeg.org,0,0,2,1,0,0,3,0,0,0,0,0,0,0,0,0,0,1
lists.freebsd.org,0,0,0,1,0,0,0,0,0,0,0,0,0,0,0,0,0,1
lists.freedesktop.org,0,0,1,11,0,0,23,0,0,0,2,0,20,0,0,0,0,1
lists.gnu.org,0,14,5,85,0,0,140,0,0,0,0,0,122,0,0,0,0,46
lists.gnupg.org,0,0,0,6,0,0,0,0,0,0,3,0,1,0,0,0,0,6
lists.ilias.de,0,0,0,1,0,0,0,0,0,0,0,0,1,0,0,0,0,1
lists.internet2.edu,0,1,0,1,0,0,1,0,0,0,0,0,0,0,0,0,0,1
lists.libreswan.org,0,0,0,0,0,0,0,0,0,0,0,0,0,0,0,0,0,0
lists.linuxcontainers.org,0,0,0,0,0,0,1,0,0,0,0,0,0,0,0,0,0,2
lists.ltb-project.org,0,0,0,1,0,0,1,0,0,0,0,0,0,0,0,0,0,1
lists.lysator.liu.se,0,0,0,0,0,0,0,0,0,0,0,0,0,0,0,0,0,2
lists.manjaro.org,0,1,0,1,0,0,0,0,0,0,0,0,0,0,0,0,0,1
lists.matroska.org,0,0,0,0,0,0,1,0,0,0,0,0,0,0,0,0,0,0
lists.nic.cz,0,0,0,1,0,0,1,0,0,0,0,0,1,0,0,0,0,0
lists.nongnu.org,0,1,0,5,0,0,12,0,0,0,0,0,6,0,0,0,0,8
lists.openstack.org,0,0,0,1,0,0,5,0,0,0,0,0,0,0,0,0,0,5
lists.opensuse.org,86,0,20,593,0,0,19,0,0,0,12,0,1184,0,0,0,1,4
lists.openswan.org,0,0,0,0,0,0,0,0,0,0,1,0,0,0,0,0,0,1
lists.openwall.net,0,2,0,3,0,0,3,0,0,0,0,0,4,0,0,0,0,0
lists.osgeo.org,0,0,0,1,0,0,0,0,0,0,0,0,1,0,0,0,0,0
lists.otrs.org,0,0,0,0,0,0,0,0,0,0,0,0,0,0,0,0,0,1
lists.qt-project.org,0,0,0,0,0,0,3,0,0,0,0,0,0,0,0,0,0,3
lists.quagga.net,0,0,1,0,0,0,1,0,0,0,0,0,1,0,0,0,0,0
lists.roaringpenguin.com,0,0,0,0,0,0,1,0,0,0,0,0,0,0,0,0,0,0
lists.schedmd.com,0,0,0,1,1,0,1,0,0,0,1,0,0,0,0,0,0,1
lists.science.uu.nl,1,0,0,0,0,0,0,0,0,0,0,0,0,0,0,0,0,0
lists.suse.com,0,0,0,1,0,0,1,0,0,0,0,0,0,0,0,0,0,1
lists.thekelleys.org.uk,0,1,0,0,0,0,0,0,0,0,0,0,1,0,0,0,0,0
lists.torproject.org,0,0,0,4,0,0,0,0,0,0,0,0,2,0,0,0,0,2
lists.ucc.gu.uwa.edu.au,0,0,0,2,0,0,2,0,0,0,0,0,2,0,0,0,0,0
lists.unbit.it,0,0,1,0,0,0,1,0,0,0,0,0,0,0,0,0,0,0
lists.wikimedia.org,0,0,1,14,0,0,45,0,0,0,9,0,1,0,0,0,0,45
lists.x.org,0,0,0,1,1,0,2,0,0,0,0,0,3,0,0,0,0,15
lists.xapian.org,0,0,0,1,0,0,0,0,0,0,0,0,0,0,0,0,0,1
lists.xymon.com,0,0,0,0,0,0,0,0,0,0,0,0,0,0,0,0,0,1
lists.zuul-ci.org,0,0,0,1,0,0,0,0,0,0,0,0,0,0,0,0,0,1
lists.zx2c4.com,0,0,0,1,0,0,4,0,0,0,0,0,2,0,0,0,0,0
lite.research-artisan.net,0,0,0,0,0,0,2,0,0,0,0,0,0,0,0,0,0,2
lkml.org,2,0,0,6,0,0,8,0,0,0,0,0,12,0,0,0,0,0
lore.kernel.org,0,0,1,0,0,0,2,0,0,0,0,0,1,0,0,0,0,1
lwn.net,0,0,0,1,0,0,0,0,0,0,0,0,4,0,0,0,0,0
m.kioware.com,0,0,0,0,0,0,1,0,0,0,0,0,0,0,0,0,0,1
magento.com,0,0,0,0,0,0,8,0,0,0,0,0,0,0,0,0,0,8
mahara.org,0,0,0,0,0,0,1,0,0,0,0,0,0,0,0,0,0,3
mail-archives.apache.org,0,0,1,8,0,0,3,0,0,0,0,0,3,0,0,0,0,7
mail-archives.us.apache.org,0,0,0,4,0,0,0,0,0,0,0,0,0,0,0,0,0,3
mail.gnome.org,0,0,0,0,0,0,2,0,0,0,0,0,1,0,0,0,0,0
mail.jabber.org,0,0,0,1,0,0,0,0,0,0,0,0,1,0,0,0,0,0
mail.loenshotel.de,0,0,0,0,0,0,0,0,0,0,0,0,0,0,0,0,0,0
mail.openjdk.java.net,0,0,0,0,0,0,2,0,0,0,0,0,0,0,0,0,0,0
mail.openvswitch.org,0,0,0,7,0,0,7,0,0,0,0,0,0,0,0,0,0,7
mailman.alsa-project.org,0,0,0,1,0,0,2,0,0,0,0,0,2,0,0,0,0,0
mailman.nginx.org,0,0,0,1,0,0,1,0,0,0,0,0,0,0,0,0,0,4
mailman.uclibc-ng.org,0,0,0,0,0,0,0,0,0,0,1,0,0,0,0,0,0,2
make.wordpress.org,0,0,0,0,0,0,1,0,0,0,0,0,0,0,0,0,0,1
malware.dontneedcoffee.com,0,0,0,0,0,0,0,0,0,0,0,0,0,0,0,0,0,0
mantisbt.org,0,5,6,0,0,0,8,0,0,0,2,0,1,0,0,0,0,16
marc.info,0,0,21,61,0,0,35,0,0,0,3,0,109,0,0,0,0,0
marcograss.github.io,0,0,0,0,0,0,0,0,0,0,0,0,0,0,0,0,0,0
mariadb.atlassian.net,0,0,0,0,0,0,0,0,0,0,0,0,0,0,0,0,0,1
mariadb.com,0,0,0,0,0,0,0,0,0,0,18,0,13,0,0,0,0,97
marketplace.atlassian.com,0,0,0,0,0,0,1,0,0,0,1,0,0,0,0,0,0,1
markmail.org,0,0,0,1,1,0,1,0,0,0,0,0,1,0,0,0,0,1
matrix.org,0,0,0,0,0,0,0,0,0,0,0,0,0,0,0,0,0,2
maustin.net,0,0,0,0,0,0,0,0,0,0,0,0,1,0,0,0,0,0
mcabber.com,0,0,0,0,0,0,1,0,0,0,0,0,0,0,0,0,0,0
media.boschsecurity.com,0,0,0,0,1,0,1,0,0,0,0,0,0,0,0,0,0,1
media.defcon.org,0,0,0,0,0,0,0,0,0,0,0,0,7,0,0,0,0,0
medium.com,0,12,1,0,1,0,2,0,3,0,0,3,15,0,0,0,0,1
mega.nz,0,1,0,0,0,0,0,0,0,0,0,0,1,0,0,0,0,0
meltdownattack.com,0,0,0,0,0,0,0,0,0,0,0,1,1,0,0,0,0,0
membership.officeautopilot.com,0,0,0,0,0,2,0,0,0,0,0,0,0,0,0,0,0,0
metacpan.org,0,0,0,0,0,0,1,0,0,0,2,0,7,0,0,0,0,1
metamorfosec.com,0,0,0,0,0,0,0,0,0,0,0,1,1,0,0,0,0,0
micahflee.com,0,1,0,0,0,0,0,0,0,0,0,0,1,0,0,0,0,0
micco.mars.jp,0,0,0,0,0,0,4,0,0,0,0,0,0,0,0,0,0,4
michaelwalsh.org,0,0,0,0,0,0,0,0,0,0,0,0,0,0,0,0,0,0
mirror.cucumberlinux.com,0,0,0,0,0,0,1,0,0,0,0,0,1,0,0,0,0,0
mirror.fai,0,0,0,0,0,0,0,0,0,0,0,0,1,0,0,0,0,0
mirror.linux.org.au,0,0,0,0,0,0,0,0,0,0,0,0,0,0,0,0,0,0
mirrors.edge.kernel.org,0,0,0,0,0,0,0,0,0,0,2,0,1,0,0,0,0,0
misteralfa-hack.blogspot.cl,0,0,0,1,0,0,0,0,0,0,0,0,1,0,0,0,0,0
mobile.twitter.com,0,1,0,0,0,0,0,0,0,0,0,0,1,0,0,0,0,0
moinmo.in,0,0,0,0,0,0,0,0,0,0,1,0,0,0,0,0,0,1
monitor.certipath.com,0,0,0,0,1,0,0,0,0,0,0,0,1,0,0,0,0,0
moodle.org,0,0,0,0,1,0,28,0,0,0,0,0,4,0,0,0,0,27
mosquitto.org,0,0,0,0,0,0,3,0,0,0,0,0,0,0,0,0,0,3
mov.sx,0,0,0,0,0,0,0,0,0,0,0,0,4,0,0,0,0,0
msitpros.com,0,1,0,0,0,0,0,0,0,0,0,0,1,0,0,0,0,0
mtssb.mt-systems.jp,0,0,0,0,0,0,1,0,0,0,0,0,0,0,0,0,0,1
mustafairan.wordpress.com,0,1,0,0,0,0,1,0,0,0,0,0,1,0,0,0,0,0
mvnrepository.com,0,0,0,0,0,0,0,0,0,0,0,0,1,0,0,0,0,0
my.instant-update.com,0,0,0,0,0,0,0,0,0,0,0,0,0,0,0,0,0,1
nakedsecurity.sophos.com,0,0,0,0,0,0,0,0,1,0,0,1,1,0,0,0,0,0
nandynarwhals.org,0,1,0,0,1,0,0,0,0,0,0,0,1,0,0,0,0,0
neomutt.org,0,0,0,0,0,0,0,0,0,0,15,0,0,0,0,0,0,15
neonsea.uk,0,1,0,0,0,0,0,0,0,0,0,1,1,0,0,0,0,0
netanelrub.in,0,0,0,0,0,0,0,0,0,0,0,1,1,0,0,0,0,0
netty.io,0,0,0,0,0,0,0,0,0,0,2,0,0,0,0,0,0,2
news,0,0,0,0,0,0,1,0,0,0,0,0,0,0,0,0,0,2
news.dieweltistgarnichtso.net,0,0,0,0,0,0,0,0,0,0,0,0,1,0,0,0,0,0
news.ycombinator.com,0,3,0,0,0,0,0,0,0,0,0,0,5,0,0,0,0,0
nextcloud.com,0,0,0,0,0,0,19,0,0,0,0,0,0,0,0,0,0,20
nghttp2.org,0,0,0,0,0,0,1,0,0,0,0,0,0,0,0,0,0,1
nginx.org,0,0,0,0,0,0,0,0,0,0,1,0,0,0,0,0,0,1
nifi.apache.org,0,0,0,0,0,0,1,0,0,0,0,0,0,0,0,0,0,1
nimo-zhang.github.io,0,1,0,0,0,0,1,0,0,0,0,0,1,0,0,0,0,0
nint.en.do,1,0,0,0,0,0,0,0,0,0,0,0,1,0,0,0,0,0
nmap.org,0,0,0,0,0,0,0,0,0,0,0,0,1,0,0,0,0,0
nodejs.org,0,0,0,0,0,0,12,0,0,0,0,0,6,0,0,0,0,13
nodesecurity.io,1,9,1,0,0,1,11,0,0,0,0,0,34,0,1,0,0,7
nvd.nist.gov,0,0,0,0,0,0,0,0,0,0,0,0,0,0,0,0,0,0
nvidia.custhelp.com,0,0,0,0,0,0,49,0,0,0,0,0,12,0,0,0,0,49
oar.imag.fr,0,0,0,0,0,0,1,0,0,0,0,0,0,0,0,0,0,1
obtruse.syfrtext.com,0,1,0,0,0,0,0,0,0,0,0,0,1,0,0,0,0,0
octobercms.com,0,0,0,0,0,0,1,0,0,0,0,0,0,0,0,0,0,1
ofbiz.apache.org,0,0,0,0,0,0,2,0,0,0,0,0,0,0,0,0,0,2
onethird.net,0,0,0,0,0,0,2,0,0,0,0,0,0,0,0,0,0,2
opcfoundation-onlineapplications.org,0,0,0,0,0,0,1,0,0,0,0,0,1,0,0,0,0,1
open.edx.org,1,0,0,0,0,0,5,0,0,0,0,0,1,0,0,0,0,6
open.vanillaforums.com,0,0,0,0,0,0,2,0,0,0,0,0,0,0,0,0,0,2
opendev.org,0,0,0,0,0,0,1,0,0,0,0,0,1,0,0,0,0,0
openmeetings.apache.org,0,0,0,0,0,0,4,0,0,0,0,0,0,0,0,0,0,4
openmpt.org,0,0,0,0,0,0,0,0,0,0,1,0,0,0,0,0,0,1
openmrs.co,0,0,0,0,0,0,0,0,0,1,0,0,0,0,0,0,0,1
openssl.org,0,0,0,0,0,0,0,0,0,0,0,0,0,0,0,0,0,6
openvswitch.org,0,0,0,0,0,0,1,0,0,0,0,0,0,0,0,0,0,1
openvz.org,0,0,0,0,0,0,1,0,0,0,0,0,0,0,0,0,0,0
openwall.com,0,17,4,144,6,0,50,0,0,0,0,0,109,0,0,0,24,0
opsecx.com,0,1,0,0,0,0,0,0,0,0,0,0,1,0,0,0,0,0
osandamalith.com,0,1,1,0,0,0,2,0,0,0,0,1,2,0,0,0,0,0
owncloud.org,0,0,0,0,0,0,15,0,0,0,0,0,0,0,0,0,0,19
oxidforge.org,0,0,0,0,1,0,3,0,0,0,0,0,1,0,0,0,0,2
packetstormsecurity.com,2,181,3,0,1,0,30,0,0,0,1,0,186,0,0,0,171,0
padlock.argh.in,0,1,0,0,0,0,0,0,0,0,0,0,1,0,0,0,0,0
pagure.io,0,2,1,0,0,0,12,0,0,0,0,0,9,0,0,0,0,5
palletsprojects.com,0,0,0,0,0,0,0,0,0,0,0,0,0,0,0,0,0,1
papers.mathyvanhoef.com,0,0,0,0,0,0,0,0,0,0,0,1,1,0,0,0,0,0
paste.pound-python.org,0,0,0,0,0,0,0,0,0,0,0,0,1,0,0,0,0,0
pastebin.com,0,0,0,0,0,0,0,0,0,0,0,0,0,0,0,0,0,0
patch-diff.githubusercontent.com,0,0,0,0,0,0,2,0,0,0,0,0,2,0,0,0,0,0
patches.libav.org,0,0,0,1,0,0,1,0,0,0,0,0,1,0,0,0,0,0
patchwork.freedesktop.org,0,0,1,0,0,0,1,0,0,0,0,0,1,0,0,0,0,0
patchwork.kernel.org,0,0,9,1,0,0,30,0,0,0,0,0,19,0,0,0,0,7
patchwork.linuxtv.org,0,0,0,0,0,0,2,0,0,0,0,0,2,0,0,0,0,0
patchwork.ozlabs.org,1,0,3,0,0,0,23,0,0,0,0,0,19,0,0,0,0,0
pdf-insecurity.org,0,0,0,0,0,0,0,0,0,0,0,0,2,0,0,0,0,0
pdfium.googlesource.com,0,0,0,0,0,0,0,0,0,0,0,0,0,0,0,0,0,0
peckshield.com,0,1,0,0,0,0,0,0,0,0,0,0,1,0,0,0,0,0
pecl.php.net,0,0,0,0,0,0,0,0,0,0,1,0,0,0,0,0,0,1
pentest.blog,0,1,0,0,0,0,0,0,0,0,0,0,1,0,0,0,0,0
pentesterlab.com,0,1,0,0,0,0,0,0,0,0,0,0,1,0,0,0,0,0
people.canonical.com,0,0,2,0,0,0,4,0,0,0,0,0,7,0,0,0,0,4
people.redhat.com,0,0,0,0,0,0,0,0,0,0,0,1,0,0,0,0,0,0
perl5.git.perl.org,0,0,1,0,0,0,2,0,0,0,6,0,0,0,0,0,0,9
permalink.gmane.org,1,0,0,0,0,0,0,0,0,0,0,0,0,0,0,0,0,0
pgbouncer.github.io,0,0,0,0,0,0,1,0,0,0,1,0,1,0,0,0,0,1
phab.enlightenment.org,0,1,0,0,2,0,1,0,0,0,0,0,0,0,0,0,0,2
phabricator.wikimedia.org,0,5,2,0,0,0,19,0,0,0,0,0,21,0,0,0,0,7
php.net,1,0,2,0,0,0,47,0,0,0,60,0,0,0,0,0,0,44
php.s3.to,0,0,0,0,0,0,1,0,0,0,0,0,0,0,0,0,0,1
phpgrid.com,0,0,0,0,0,0,1,0,0,0,0,0,0,0,0,0,0,1
pidgin.im,0,0,0,0,0,0,0,0,0,0,0,0,0,0,0,0,0,1
pierrekim.github.io,0,2,0,0,0,0,1,0,0,0,0,0,2,0,0,0,0,0
pillow.readthedocs.io,0,0,0,0,0,0,0,0,0,0,0,0,0,0,0,0,0,2
pitstop.manageengine.com,0,0,0,0,0,0,1,0,0,0,0,0,0,0,0,0,0,1
pivotal.io,0,0,0,0,3,0,4,0,0,0,0,0,1,0,0,0,0,14
piwigo.org,1,0,0,0,0,0,7,0,0,0,4,0,0,0,0,0,0,13
pkgs.fedoraproject.org,0,0,2,0,0,0,2,0,0,0,0,0,2,0,0,0,0,0
play.google.com,0,0,0,0,0,0,3,0,0,0,0,0,0,0,0,0,0,1
plone.org,0,0,0,0,0,0,2,0,0,0,1,0,0,0,0,0,0,13
plugins.trac.wordpress.org,0,0,4,0,0,0,18,0,0,0,1,0,15,0,0,0,0,3
plus.google.com,0,0,0,0,0,0,0,0,0,0,0,0,0,0,0,0,0,0
portal.motorolasolutions.com,0,0,0,0,0,0,1,0,0,0,0,0,0,0,0,0,0,1
portal.msrc.microsoft.com,0,0,8,0,71,0,1344,0,0,0,1,0,8,0,0,0,0,1344
portals.apache.org,0,0,0,0,0,0,1,0,0,0,0,0,0,0,0,0,0,1
posts.specterops.io,0,1,0,0,0,0,0,0,0,0,0,0,1,0,0,0,0,0
projects.theforeman.org,0,0,3,0,0,0,10,0,0,0,0,0,1,0,0,0,0,18
projectzero.gr,0,1,0,0,0,0,0,0,0,0,0,0,0,0,0,0,0,0
prosody.im,0,0,0,0,0,0,0,0,0,0,0,0,0,0,0,0,0,4
psirt.global.sonicwall.com,0,0,0,0,0,0,0,0,0,0,0,0,5,0,0,0,0,0
public-inbox.org,0,0,0,0,0,0,1,0,0,0,0,0,1,0,0,0,0,0
public.inteno.se,0,0,0,0,0,0,1,0,0,0,0,0,1,0,0,0,0,0
pulp.plan.io,0,0,3,0,0,0,6,0,0,0,0,0,1,0,0,0,0,6
pulsesecurity.co.nz,0,2,0,0,0,0,0,0,0,0,0,0,2,0,0,0,0,0
puppet.com,0,0,0,0,1,0,1,0,0,0,0,0,1,0,0,0,0,1
pydio.com,0,0,0,0,0,0,3,0,0,0,2,0,0,0,0,0,0,3
pypi.org,0,0,0,0,0,0,0,0,0,0,1,0,1,0,0,0,0,0
pypi.python.org,0,0,0,0,0,0,1,0,0,0,0,0,0,0,0,0,0,1
qkaiser.github.io,0,4,0,0,0,0,0,0,0,0,0,4,4,0,0,0,0,0
qpid.apache.org,0,0,0,0,0,0,1,0,0,0,0,0,0,0,0,0,0,1
qtpass.org,0,0,0,0,0,0,0,0,0,0,0,0,0,0,0,0,0,1
quickgit.kde.org,0,0,0,0,0,0,0,0,0,0,0,0,0,0,0,0,0,0
rastating.github.io,0,4,0,0,0,0,4,0,0,0,0,0,4,0,0,0,0,0
raw.githubusercontent.com,0,3,0,0,0,0,2,0,0,0,3,3,13,0,0,0,0,0
redmine.openinfosecfoundation.org,0,1,1,0,0,0,1,0,0,0,0,0,3,0,0,0,0,0
redmine.pfsense.org,0,2,2,0,0,0,2,0,0,0,0,0,0,0,0,0,0,2
redr2e.com,0,0,0,0,0,0,0,0,0,0,0,0,1,0,0,0,0,0
redtimmysec.wordpress.com,0,1,0,0,0,0,1,0,0,0,0,0,1,0,0,0,0,0
repo.or.cz,0,0,2,0,0,0,9,0,0,0,0,0,5,0,0,0,0,4
repos.entrouvert.org,0,0,0,0,0,0,1,0,0,0,0,0,1,0,0,0,0,0
research.checkpoint.com,0,17,0,0,0,0,0,0,0,0,0,0,28,0,0,0,0,0
research.loginsoft.com,0,1,0,0,0,0,1,0,0,0,0,0,1,0,0,0,0,0
researchcenter.paloaltonetworks.com,0,1,0,0,0,0,0,0,0,0,0,0,1,0,0,0,0,0
reversingminds-blog.logdown.com,0,1,0,0,0,0,0,0,0,0,0,0,1,0,0,0,0,0
review.gerrithub.io,0,0,0,0,0,0,1,0,0,0,0,0,1,0,0,0,0,0
review.gluster.org,0,0,0,0,0,0,7,0,0,0,0,0,1,0,0,0,0,6
review.opendev.org,0,0,0,0,0,0,0,0,0,0,0,0,1,0,0,0,0,0
review.openstack.org,0,1,8,0,0,0,12,0,0,0,0,0,1,0,0,0,0,11
review.tizen.org,0,0,0,0,0,0,8,0,0,0,0,0,0,0,0,0,0,8
rewtin.blogspot.nl,0,1,0,0,0,0,0,0,0,0,0,0,1,0,0,0,0,0
rhinosecuritylabs.com,0,1,0,0,0,0,0,0,0,0,0,1,1,0,0,0,0,0
rhn.redhat.com,9,0,10,0,1,0,7,0,0,0,3,0,724,0,0,0,8,21
rhodecode.com,0,0,0,0,0,0,1,0,0,0,0,0,0,0,0,0,0,1
riddle.link,0,0,0,0,0,0,0,0,0,0,0,0,1,0,0,0,0,0
robotattack.org,0,0,2,0,0,0,0,0,0,0,0,0,2,0,0,0,0,0
roundcube.net,0,0,1,0,0,0,7,0,0,0,1,0,0,0,0,0,0,9
roy.marples.name,0,0,0,0,0,0,1,0,0,0,1,0,0,0,0,0,0,2
rt-solutions.de,0,20,0,0,0,0,0,0,0,0,0,20,20,0,0,0,0,0
rt.cpan.org,0,1,1,0,0,0,1,0,0,0,0,0,1,0,0,0,0,0
rt.perl.org,0,5,2,0,0,0,5,0,0,0,0,0,4,0,0,0,0,3
rtpbleed.co,0,0,0,0,0,0,0,0,0,0,0,0,1,0,0,0,0,0
rubysec.com,0,0,0,0,0,0,0,0,0,0,0,0,0,0,0,0,0,0
rudnkh.me,0,1,0,0,0,0,0,0,0,0,0,0,1,0,0,0,0,0
rungga.blogspot.co.id,0,2,0,0,0,0,0,0,0,0,0,2,2,0,0,0,0,0
rushter.com,0,1,0,0,0,0,0,0,0,0,0,0,1,0,0,0,0,0
rustsec.org,0,0,0,0,0,0,3,0,0,0,0,0,5,0,0,0,0,0
rwkbp.makekb.com,0,0,0,0,0,0,0,0,0,0,0,0,0,0,0,0,0,1
s1.gps-server.net,0,0,0,0,0,0,0,0,0,0,2,0,0,0,0,0,0,2
s1m0n.dft-labs.eu,0,0,0,0,0,0,0,0,0,0,0,0,1,0,0,0,0,0
safenet.gemalto.com,0,0,0,0,0,0,0,0,0,0,0,0,0,0,0,0,0,10
sakurity.com,0,2,0,0,0,0,1,0,0,0,0,0,2,0,0,0,0,0
salsa.debian.org,0,0,0,0,0,0,3,0,0,0,0,0,4,0,0,0,0,0
sandstorm.io,0,0,0,0,0,0,0,0,0,0,0,0,0,0,0,0,0,3
savannah.gnu.org,1,1,5,0,0,0,6,0,0,0,1,0,1,0,0,0,0,8
savannah.nongnu.org,0,4,3,0,0,0,0,0,0,0,1,0,5,0,0,0,0,1
scala-lang.org,0,0,1,0,1,0,0,0,0,0,0,0,0,0,0,0,0,1
scarybeastsecurity.blogspot.com,0,1,0,0,0,0,0,0,0,0,0,1,1,0,0,0,0,0
scarybeastsecurity.blogspot.de,0,2,0,0,0,0,0,0,0,0,0,3,3,0,0,0,0,0
scarybeastsecurity.blogspot.in,0,3,0,0,0,0,0,0,0,0,0,3,3,0,0,0,0,0
scumjr.github.io,0,1,0,0,0,0,0,0,0,0,0,1,1,0,0,0,0,0
seclists.org,0,120,16,302,3,0,70,0,0,0,0,0,344,0,0,0,29,0
secunia.com,0,0,0,0,0,0,0,0,0,0,0,0,2,0,0,0,1,0
secuniaresearch.flexerasoftware.com,0,0,0,0,0,0,1,13,0,0,0,0,57,0,0,0,0,0
secure.phabricator.com,0,0,1,0,0,0,1,0,0,0,0,0,0,0,0,0,0,1
secure.ucc.asn.au,0,0,4,0,0,0,5,0,0,0,0,0,5,0,0,0,0,0
securelayer7.net,0,1,0,0,0,0,0,0,0,0,0,1,2,0,0,0,0,0
securelist.com,0,1,0,0,0,0,0,0,0,0,0,1,1,0,0,0,0,0
securingtomorrow.mcafee.com,0,0,0,0,0,0,0,0,0,0,0,1,1,0,0,0,0,0
security-assessment.com,0,2,0,0,0,0,0,0,0,0,0,0,2,0,0,0,0,0
security-center.intel.com,0,0,2,0,1,0,15,0,0,0,0,0,4,0,0,0,0,15
security-tracker.debian.org,0,0,8,0,0,0,7,0,0,0,0,0,31,0,0,0,4,0
security.360.cn,0,0,0,0,0,0,0,0,0,0,0,0,1,0,0,0,0,0
security.FreeBSD.org,0,0,0,0,1,0,7,0,0,0,0,0,13,0,0,0,0,4
security.cucumberlinux.com,0,1,1,0,0,0,1,0,0,0,0,0,7,0,0,0,0,0
security.dxw.com,0,3,0,0,0,0,0,0,0,0,0,0,0,0,0,0,0,0
security.elarlang.eu,0,7,0,0,0,0,0,0,0,0,0,0,7,0,0,0,0,0
security.freebsd.org,0,0,0,0,1,0,4,0,0,0,0,0,1,0,0,0,0,3
security.gentoo.org,0,0,10,0,4,0,29,0,0,0,0,0,823,0,0,1,76,4
security.googleblog.com,0,1,0,0,0,0,0,0,0,0,0,0,11,0,0,0,0,1
security.libvirt.org,0,0,0,0,0,0,2,0,0,0,0,0,0,0,0,0,0,2
security.netapp.com,3,0,6,0,1,0,31,0,0,0,0,0,324,1,0,0,0,7
security.openstack.org,0,0,0,0,0,0,11,0,0,0,0,0,0,0,0,0,0,12
security.paloaltonetworks.com,0,0,0,0,0,0,0,0,0,0,0,0,2,0,0,0,0,0
security.panasonic.com,0,0,0,0,0,0,2,0,0,0,0,0,0,0,0,0,0,0
security.samsungmobile.com,0,0,0,0,0,0,0,0,0,0,0,0,0,0,0,0,0,1
security.szurek.pl,0,1,0,0,0,0,0,0,0,0,0,0,1,0,0,0,0,0
securityadvisories.dlink.com,0,0,0,0,0,0,4,0,0,0,0,0,0,0,0,0,0,4
securityadvisories.paloaltonetworks.com,0,0,0,0,0,0,0,0,0,0,0,0,0,0,0,0,0,0
securitydocs.business.xerox.com,0,0,0,0,0,0,1,0,0,0,0,0,0,0,0,0,0,1
securityintelligence.com,0,0,0,0,0,0,0,0,0,0,0,0,0,0,0,0,0,0
securitylab.github.com,0,1,0,0,0,0,0,0,0,0,0,0,1,0,0,0,0,0
securityprince.blogspot.in,0,1,0,0,0,0,0,0,0,0,0,0,1,0,0,0,0,0
securityresear.ch,0,0,0,0,0,0,0,0,0,0,0,0,0,0,0,0,0,0
securitytracker.com,0,0,0,0,0,0,1,0,0,0,0,0,1,0,0,0,0,0
securitytrails.com,0,1,0,0,0,0,1,0,0,0,0,0,1,0,0,0,0,0
selenic.com,0,0,6,0,0,0,6,0,0,0,0,0,0,0,0,0,0,0
selfservice.bmc.com,0,0,0,0,0,0,2,0,0,0,0,0,0,0,0,0,0,2
semmle.com,0,4,0,0,3,0,0,0,0,0,0,0,4,0,0,0,0,0
semperfiwebdesign.com,0,0,0,0,0,0,1,0,0,0,0,0,0,0,0,0,0,1
sensepost.com,0,0,0,0,0,0,0,0,0,0,0,0,0,0,0,0,0,0
serverscheck.com,0,0,0,0,0,0,1,0,0,0,1,0,0,0,0,0,0,1
sf.snu.ac.kr,0,1,0,0,0,0,0,0,0,0,0,1,1,0,0,0,0,0
share.ez.no,0,0,0,0,0,0,1,0,0,0,0,0,0,0,0,0,0,1
shibboleth.net,0,0,2,0,0,0,1,0,0,0,0,0,0,0,0,0,0,3
simplesamlphp.org,0,0,1,0,0,0,9,0,0,0,0,0,1,0,0,0,0,9
sintonen.fi,0,1,0,0,1,0,1,0,0,0,0,0,4,0,0,0,0,0
sites.google.com,0,1,1,0,1,0,1,0,0,0,0,0,2,0,0,0,0,0
skalatan.de,0,2,0,0,0,0,2,0,0,0,0,0,2,0,0,0,0,0
smarterbitbybit.com,0,1,0,0,0,0,0,0,0,0,0,1,2,0,0,0,0,0
snyk.io,0,22,5,0,0,0,12,0,0,0,0,2,31,0,0,0,0,0
software.open-xchange.com,0,0,0,0,0,0,8,0,0,0,5,0,0,0,0,0,0,8
softwaresupport.hpe.com,0,0,0,0,0,0,0,1,0,0,0,0,0,0,0,0,0,1
softwaresupport.softwaregrp.com,0,0,0,0,0,0,2,0,0,0,0,0,1,0,0,0,0,1
sogo.nu,0,2,2,0,0,0,1,0,0,0,0,0,0,0,0,0,0,5
somevulnsofadlab.blogspot.com,0,0,0,0,0,0,0,0,0,0,0,0,5,0,0,0,0,0
source.android.com,2,0,1,0,0,3,784,0,0,0,0,0,73,0,0,0,1,995
source.codeaurora.org,0,0,47,8,1,0,326,0,0,0,0,0,250,0,0,0,0,2
source.ikiwiki.branchable.com,0,0,0,0,0,0,1,0,0,0,0,0,0,0,0,0,0,0
source.isc.org,0,0,1,0,0,0,1,0,0,0,0,0,0,0,0,0,0,0
source.openmpt.org,0,0,2,0,0,0,2,0,0,0,0,0,2,0,0,0,0,1
source.winehq.org,0,0,4,0,0,0,4,0,0,0,0,0,4,0,0,0,0,0
sourceforge.net,0,33,59,2,0,1,116,1,0,1,5,0,117,0,0,0,0,11
sourceincite.com,0,1,0,0,0,0,0,0,0,0,0,0,1,0,0,0,0,0
sourceware.org,0,36,179,9,0,0,193,0,0,0,3,0,164,0,0,0,1,1
spaces.at.internet2.edu,0,0,0,0,0,0,0,0,0,0,0,0,0,0,0,0,0,1
sparkjava.com,0,0,0,0,0,0,0,0,0,0,0,0,0,0,0,0,0,1
spectreattack.com,0,0,0,0,0,0,0,0,0,0,0,1,2,0,0,0,0,0
speirofr.appspot.com,0,0,0,0,0,0,2,0,0,0,0,0,2,0,0,0,0,0
spidercontrol.net,0,0,0,0,0,0,1,0,0,0,0,0,0,0,0,0,0,0
sqlite.org,0,0,1,0,0,0,4,0,0,0,0,0,2,0,0,0,0,2
square.github.io,0,0,0,0,0,0,0,0,0,0,0,0,1,0,0,0,0,0
src.chromium.org,0,0,0,0,0,0,2,0,0,0,0,0,0,0,0,0,0,2
src.openvz.org,0,1,0,0,0,0,0,0,0,0,0,0,0,0,0,0,0,0
sroesemann.blogspot.de,0,9,0,0,0,2,0,0,0,0,0,0,0,0,0,0,0,0
ssl.icu-project.org,0,1,4,0,0,0,1,0,0,0,0,0,0,0,0,0,0,5
stealthsploit.com,0,0,0,0,0,0,1,0,0,0,0,0,1,0,0,0,0,0
store.steampowered.com,0,0,0,0,0,0,1,0,0,0,0,0,0,0,0,0,0,1
storyboard.openstack.org,0,0,0,0,0,0,0,0,0,0,0,0,1,0,0,0,0,0
struts.apache.org,0,1,0,0,3,0,5,0,0,0,0,0,0,0,0,0,0,8
subversion.apache.org,0,0,0,0,0,0,1,0,0,0,0,0,0,0,0,0,0,1
success.trendmicro.com,0,0,1,0,17,0,81,0,0,0,0,0,0,0,0,0,0,81
sumofpwn.nl,0,6,0,0,0,0,4,0,0,0,0,1,8,0,0,0,0,0
support.apple.com,0,0,0,0,0,0,7,0,0,0,0,0,71,0,0,0,0,301
support.arcserve.com,0,0,0,0,0,0,8,0,0,0,0,0,0,0,0,0,0,8
support.attachmate.com,0,0,0,0,0,0,1,0,0,0,0,0,0,0,0,0,0,1
support.blackberry.com,0,0,0,0,0,0,2,0,0,0,0,0,3,0,0,0,0,2
support.ca.com,0,0,0,0,1,0,13,0,0,0,0,0,0,0,0,0,0,13
support.chamilo.org,0,1,0,0,0,0,4,0,0,0,0,0,2,0,0,0,0,2
support.citrix.com,1,0,3,0,1,0,27,0,0,0,0,0,42,0,0,0,1,16
support.cybozu.com,0,0,0,0,0,0,9,0,0,0,0,0,0,0,0,0,0,10
support.eset.com,0,0,0,0,0,0,0,0,0,0,0,0,1,0,0,0,0,0
support.f5.com,0,0,0,0,0,0,0,0,0,0,0,0,23,0,0,0,0,0
support.forcepoint.com,0,0,0,0,1,0,1,0,0,0,0,0,0,0,0,0,0,1
support.hcltechsw.com,0,0,0,0,0,0,1,0,0,0,0,0,0,0,0,0,0,1
support.hp.com,0,0,0,0,0,0,1,0,0,0,0,0,0,0,0,0,0,1
support.hpe.com,0,0,0,0,0,0,4,0,0,0,0,0,65,0,0,0,0,2
support.kemptechnologies.com,0,0,0,0,0,0,1,0,0,0,0,0,0,0,0,0,0,1
support.lenovo.com,1,0,0,0,3,0,30,0,0,0,0,0,29,0,0,0,0,27
support.microsoft.com,0,0,0,0,1,0,5,0,0,0,0,0,1,0,0,0,0,4
support.ntp.org,0,0,2,0,1,0,19,0,0,0,2,0,0,0,0,0,0,33
support.oneidentity.com,0,0,0,0,0,0,1,0,0,0,0,0,0,0,0,0,0,1
support.oracle.com,0,0,0,0,0,0,0,0,0,0,0,0,1,0,0,0,0,0
support.pentaho.com,0,0,0,0,0,0,1,0,0,0,0,0,0,0,0,0,0,1
support.sas.com,0,0,0,0,0,0,2,0,0,0,0,0,0,0,0,0,0,2
support.software.dell.com,0,0,0,0,0,0,1,0,0,0,0,0,0,0,0,0,0,1
support.sonatype.com,0,0,0,0,0,0,1,0,0,0,0,0,0,0,0,0,0,1
support.symantec.com,0,0,0,0,0,0,1,0,0,0,0,0,0,0,0,0,0,1
support.zabbix.com,0,2,0,0,0,0,2,0,0,0,0,0,0,0,0,0,0,2
support.zoho.com,0,0,0,0,0,0,3,0,0,0,0,0,0,0,0,0,0,3
supportannouncement.us.dlink.com,0,0,0,0,0,0,3,0,0,0,0,0,0,0,0,0,0,3
suricata-ids.org,0,0,0,0,0,0,1,0,0,0,0,0,0,0,0,0,0,3
svn.apache.org,0,0,6,1,0,0,8,0,0,0,0,0,5,0,0,0,0,8
svn.savannah.gnu.org,0,0,0,0,0,0,1,0,0,0,0,0,1,0,0,0,0,0
svnweb.freebsd.org,0,0,0,0,0,0,0,0,0,0,0,0,1,0,0,0,0,0
sw.aveva.com,0,0,0,0,0,0,1,1,0,0,0,0,1,0,0,0,0,1
sweet32.info,0,0,0,0,0,0,0,0,0,0,0,1,1,0,0,0,0,0
swiftstack.com,0,0,0,0,0,0,0,0,0,0,0,0,0,0,0,0,0,0
symfony.com,0,0,1,0,0,0,7,0,0,0,0,0,1,0,0,0,0,7
sympa-community.github.io,0,0,0,0,0,0,1,0,0,0,0,0,0,0,0,0,0,1
sympa.uninett.no,0,0,0,0,0,1,0,0,0,0,0,0,0,0,0,0,0,0
sysdig.com,0,1,0,0,0,0,0,0,0,0,0,0,1,0,0,0,0,0
sysdream.com,0,5,0,0,0,0,0,0,0,0,0,1,6,0,0,0,0,0
syzkaller.appspot.com,0,1,0,1,0,0,0,0,0,0,0,0,3,0,0,0,0,0
talosintelligence.com,0,11,0,0,0,0,0,0,0,0,0,0,22,0,0,0,0,0
technet.microsoft.com,0,0,0,0,0,0,4,0,0,0,0,0,1,0,0,0,0,4
teeworlds.com,0,0,0,0,0,0,0,0,0,0,0,0,0,0,0,0,0,1
telekomsecurity.github.io,0,3,0,0,0,0,0,0,0,0,0,0,3,0,0,0,0,0
theforeman.org,0,0,0,0,0,0,2,0,0,0,0,0,0,0,0,0,0,8
thekelleys.org.uk,0,0,0,0,0,0,6,0,0,0,7,0,1,0,0,0,0,13
thomas-ward.net,0,0,0,0,0,0,0,0,0,0,0,0,1,0,0,0,0,0
threatpost.com,0,0,0,0,0,0,0,0,0,0,0,0,1,0,0,0,0,0
thwack.solarwinds.com,0,0,0,0,1,0,4,0,0,0,0,0,0,0,0,0,0,4
tiki.org,0,0,0,0,0,0,2,0,0,0,2,0,0,0,0,0,0,2
tips.cs-cart.jp,0,0,0,0,0,0,2,0,0,0,0,0,0,0,0,0,0,2
tls.mbed.org,0,0,0,0,0,0,0,0,0,0,2,0,0,0,0,0,0,3
tmp.tjjr.fi,0,0,0,0,0,0,2,0,0,0,0,0,0,0,0,0,0,2
tomcat.apache.org,0,0,0,0,0,0,0,0,0,0,7,0,0,0,0,0,0,13
tomee-openejb.979440.n4.nabble.com,0,0,1,0,0,0,0,0,0,0,0,0,0,0,0,0,0,0
tomee.apache.org,0,0,0,0,0,0,1,0,0,0,0,0,0,0,0,0,0,1
tomrichards.net,0,1,0,0,1,0,0,0,0,0,0,0,0,0,0,0,0,1
tools.cisco.com,0,0,1,0,0,0,6,0,0,0,0,0,15,0,0,0,0,6
tools.ietf.org,0,1,0,0,0,0,0,0,0,0,0,1,2,0,0,0,0,0
trac-plugins.gajim.org,0,0,0,0,0,0,0,1,0,0,0,0,0,0,0,0,0,0
trac.ffmpeg.org,0,0,0,0,0,0,0,0,0,0,0,0,0,0,0,0,0,0
trac.imagemagick.org,3,0,0,0,0,0,0,0,0,0,0,0,0,0,0,0,0,0
trac.nginx.org,0,1,1,0,0,0,2,0,0,0,0,0,1,0,0,0,0,1
trac.osgeo.org,0,0,0,0,0,0,2,0,0,0,0,0,3,0,0,0,0,0
trac.pjsip.org,0,0,0,0,0,0,1,0,0,0,0,0,0,0,0,0,0,3
trac.roundcube.net,0,2,2,0,0,0,2,0,0,0,1,0,1,0,0,0,0,1
trac.torproject.org,0,0,6,0,2,0,4,0,0,0,0,0,1,0,0,0,0,8
trac.webkit.org,0,0,2,0,0,0,4,0,0,0,0,0,3,0,0,0,0,2
trac.xapian.org,0,0,0,0,0,0,1,0,0,0,0,0,0,0,0,0,0,1
tracker.ceph.com,0,2,4,0,0,0,2,0,0,0,0,0,0,0,0,0,0,6
tracker.debian.org,0,0,1,0,0,0,0,0,0,0,0,0,2,0,0,0,0,0
travis-ci.com,0,0,0,0,0,0,0,0,0,0,0,0,1,0,0,0,0,0
tuleap.net,0,0,2,0,0,0,6,0,0,0,1,0,0,0,0,0,0,8
twistedmatrix.com,0,0,0,1,0,0,1,0,0,0,0,0,0,0,0,0,0,2
twitter.com,1,5,0,0,0,0,2,0,0,0,0,1,25,0,0,0,0,2
type74.org,0,0,0,0,0,0,1,0,0,0,0,0,0,0,0,0,0,1
type74org.blog14.fc2.com,0,0,0,0,0,0,0,0,0,0,0,0,0,0,0,0,0,1
typo3.org,0,0,0,0,0,0,11,0,0,0,0,0,0,0,0,0,0,10
ubuntu.com,0,0,0,0,0,0,3,0,0,0,1,0,4,0,0,0,0,2
udiniya.wordpress.com,0,1,0,0,0,0,1,0,0,0,0,0,1,0,0,0,0,0
unbound.net,0,0,0,0,0,0,1,0,0,0,0,0,0,0,0,0,0,1
unicode-org.atlassian.net,0,0,0,0,0,0,0,0,0,0,0,0,0,0,0,0,0,1
unity3d.com,0,0,0,0,0,0,1,0,0,0,0,0,0,0,0,0,0,1
unix.stackexchange.com,0,0,0,0,0,0,0,0,0,0,0,0,1,0,0,0,0,0
us-cert.cisa.gov,0,0,0,0,0,0,0,0,0,0,0,0,5,0,0,5,0,0
us.codeaurora.org,0,0,0,8,0,0,8,0,0,0,0,0,8,0,0,0,0,0
us.dahuasecurity.com,0,0,0,0,0,0,2,0,0,0,0,0,0,0,0,0,0,2
user-images.githubusercontent.com,0,0,0,0,0,0,0,0,0,0,0,0,1,0,0,0,0,0
usn.ubuntu.com,0,0,0,0,2,0,8,0,0,0,0,0,1214,0,0,0,0,4
utcc.utoronto.ca,0,0,0,0,0,0,1,0,0,0,0,0,2,0,0,0,0,0
vaadin.com,0,0,0,0,0,0,0,0,0,0,0,0,0,0,0,0,0,1
varnish-cache.org,0,0,0,0,0,0,1,0,0,0,0,0,0,0,0,0,0,1
vcs.pcre.org,0,0,0,0,0,0,9,0,0,0,0,0,0,0,0,0,0,3
vel.joomla.org,0,0,0,0,0,0,0,0,0,0,0,0,3,0,0,0,0,0
virtuemart.net,0,0,0,0,0,0,1,0,0,0,0,0,0,0,0,0,0,1
vivaldi.com,0,0,0,0,0,0,1,0,0,0,0,0,0,0,0,0,0,1
volatileminds.net,0,0,0,0,0,0,0,0,0,0,0,0,0,0,0,0,0,0
vulndb.cyberriskanalytics.com,0,0,0,0,0,0,0,2,0,0,0,0,0,0,0,0,0,0
vulners.com,0,1,0,0,0,0,0,0,0,0,0,0,1,0,0,0,0,0
vulnhive.com,0,1,1,0,0,0,1,0,0,0,0,0,1,0,0,0,0,0
w1.fi,0,0,0,0,4,0,3,0,0,0,0,0,1,0,0,0,0,4
weakdh.org,0,0,0,0,0,0,0,0,0,0,0,0,2,0,0,0,0,0
web-in-security.blogspot.com,0,0,0,0,0,0,0,0,0,0,0,0,1,0,0,0,0,0
web.archive.org,0,1,1,0,1,0,0,0,0,0,0,0,2,0,0,0,0,0
weblog.rubyonrails.org,0,0,0,0,0,0,2,0,0,0,0,0,0,0,0,0,0,2
weechat.org,0,0,0,0,0,0,1,0,0,0,2,0,0,0,0,0,0,4
wiki.duraspace.org,0,0,0,0,0,0,0,0,0,0,0,0,0,0,0,0,0,1
wiki.jenkins-ci.org,0,0,0,0,0,0,5,0,0,0,0,0,0,0,0,0,0,5
wiki.mozilla.org,0,4,0,0,0,0,0,0,0,0,0,4,8,0,0,0,0,0
wiki.onosproject.org,0,0,0,0,0,0,1,0,0,0,0,0,1,0,0,0,0,1
wiki.opendaylight.org,0,0,0,0,0,0,4,0,0,0,0,0,3,0,0,0,0,2
wiki.openstack.org,0,0,0,0,1,0,0,0,0,0,0,0,2,0,0,0,0,1
wiki.phpbb.com,0,0,0,0,0,0,0,0,0,0,0,0,2,0,0,0,0,0
wiki.scn.sap.com,0,0,0,0,0,0,4,0,0,0,0,0,0,0,0,0,0,4
wiki.zimbra.com,0,0,0,0,0,0,13,0,0,0,7,0,0,0,0,0,0,15
winscp.net,0,0,0,0,0,0,1,0,0,0,1,0,0,0,0,0,0,2
wordpress.org,1,2,2,0,0,0,97,0,0,10,44,0,29,0,0,0,0,87
worthdoingbadly.com,0,1,0,0,0,0,0,0,0,0,0,0,1,0,0,0,0,0
wpscan.com,0,0,0,0,0,0,0,0,0,0,0,0,1,0,0,0,0,0
wpvulndb.com,0,5,2,0,0,0,19,0,0,0,0,0,49,0,0,0,9,4
ws.apache.org,0,0,0,0,0,0,1,0,0,0,0,0,0,0,0,0,0,1
wso2.com,0,0,0,0,0,0,2,0,0,0,0,0,1,0,0,0,0,2
www-01.ibm.com,16,0,0,0,10,16,363,3,0,0,0,0,70,0,0,0,2,410
www-304.ibm.com,0,0,0,0,0,0,1,0,0,0,0,0,12,0,0,0,0,1
www-947.ibm.com,0,0,0,0,0,0,0,0,0,0,0,0,2,0,0,0,0,0
www.7elements.co.uk,0,0,0,0,0,0,0,0,0,0,0,0,0,0,0,0,0,0
www.a10networks.com,0,0,0,0,1,0,0,0,0,0,0,0,1,0,0,0,0,0
www.agwa.name,0,2,0,0,0,0,0,0,0,0,0,2,2,0,0,0,0,0
www.alienvault.com,0,0,0,0,0,0,3,0,0,0,0,0,0,0,0,0,0,3
www.almail.com,0,0,0,0,0,0,3,0,0,0,0,0,0,0,0,0,0,3
www.ambionics.io,0,1,0,0,0,0,1,0,0,0,0,1,1,0,0,0,0,0
www.amx.com,0,0,0,0,0,0,2,0,0,0,0,0,0,0,0,0,0,0
www.antlabs.com,0,0,0,0,0,0,1,0,0,0,0,0,0,0,0,0,0,1
www.apache.org,0,0,0,0,0,0,0,0,0,0,0,0,0,0,0,0,0,2
www.arista.com,0,0,0,0,0,0,2,0,0,0,0,0,3,0,0,0,0,2
www.armis.com,0,0,0,0,0,0,0,0,0,0,0,0,1,0,0,0,0,0
www.artifex.com,0,0,0,0,0,0,5,0,0,0,0,0,0,0,0,0,0,5
www.arubanetworks.com,0,0,0,1,1,0,0,0,0,0,0,0,11,0,0,0,0,1
www.asus.com,0,0,0,0,0,0,4,0,0,0,0,0,0,0,0,0,0,4
www.au.com,0,0,0,0,0,0,1,0,0,0,0,0,0,0,0,0,0,1
www.awstats.org,0,0,0,0,0,0,0,0,0,0,0,0,0,0,0,0,0,1
www.barco.com,0,0,0,0,0,0,4,0,0,0,2,0,0,0,0,0,0,2
www.bedita.com,0,0,0,0,0,0,0,0,0,0,0,0,0,0,0,0,0,0
www.belkin.com,0,0,0,0,0,0,1,0,0,0,0,0,0,0,0,0,0,0
www.bishopfox.com,0,1,0,0,0,0,0,0,0,0,0,0,1,0,0,0,0,0
www.blackhat.com,0,2,0,0,0,0,0,0,0,0,0,6,7,0,0,0,0,0
www.boho.or.kr,0,0,0,0,0,0,1,0,0,0,0,0,1,0,0,0,0,0
www.bountysource.com,0,0,0,0,0,0,0,0,0,0,0,0,1,0,0,0,0,0
www.broadcom.com,0,0,0,0,0,0,0,0,0,0,0,0,0,0,0,0,0,0
www.brocade.com,0,0,0,0,0,0,0,0,0,0,0,0,1,0,0,0,0,0
www.c7zero.info,0,0,0,0,0,0,0,0,0,0,0,0,0,0,0,0,0,0
www.ca.com,0,0,0,0,0,0,3,2,0,0,0,0,0,0,0,0,0,3
www.cabextract.org.uk,0,0,0,0,0,0,0,0,0,1,0,0,0,0,0,0,0,2
www.cacti.net,0,0,1,0,0,0,3,0,0,0,3,0,0,0,0,0,0,6
www.cdxy.me,0,1,0,0,0,0,0,0,0,0,0,0,1,0,0,0,0,0
www.checkmarx.com,0,2,0,0,0,0,1,0,0,0,0,0,2,0,0,0,0,0
www.chiark.greenend.org.uk,0,0,0,0,0,0,4,0,0,0,0,0,0,0,0,0,0,3
www.cigital.com,0,0,0,0,0,0,0,0,0,0,0,0,1,0,0,0,0,0
www.circl.lu,0,0,0,0,0,0,0,0,0,0,0,0,3,0,0,0,0,0
www.citect.schneider-electric.com,0,0,4,0,4,0,4,0,0,0,0,0,0,0,0,0,0,4
www.claws-mail.org,0,0,0,0,0,0,1,0,0,0,0,0,0,0,0,0,0,1
www.cloudera.com,0,0,0,0,0,0,2,0,0,1,0,0,0,0,0,0,0,3
www.cloudfoundry.org,0,0,0,0,1,0,4,0,0,0,0,0,0,0,0,0,0,4
www.cnvd.org.cn,0,0,0,0,0,0,0,0,0,0,0,0,1,0,0,0,0,0
www.coalfire.com,0,0,0,0,1,0,0,0,0,0,0,0,1,0,0,0,0,0
www.codeaurora.org,1,0,1,0,0,1,188,0,0,0,0,0,188,0,0,0,1,2
www.compass-security.com,0,1,0,0,0,0,0,0,0,0,0,1,2,0,0,0,0,0
www.concrete5.org,0,0,0,0,0,0,2,0,0,0,0,0,0,0,0,0,0,2
www.conostix.com,0,0,0,0,0,0,0,0,0,0,0,0,0,0,0,0,0,0
www.contextis.com,0,1,0,0,0,0,3,0,0,0,0,1,5,0,0,0,0,0
www.contrastsecurity.com,0,1,0,0,0,0,0,0,0,0,0,0,0,0,0,0,0,0
www.coresecurity.com,0,22,0,0,0,0,0,0,0,0,0,17,25,0,0,0,0,0
www.cryptopp.com,0,0,0,0,0,0,0,0,0,0,1,0,0,0,0,0,0,1
www.cs.bu.edu,0,0,0,0,0,0,0,0,0,0,0,0,1,0,0,0,0,0
www.cs.themistruct.com,0,0,0,0,0,0,0,0,0,0,0,0,1,0,0,0,0,0
www.csnc.ch,0,0,0,0,0,0,0,0,0,0,0,0,0,0,0,0,0,0
www.curesec.com,0,0,0,0,0,0,1,0,0,0,0,0,1,0,0,0,1,0
www.cyrusimap.org,0,0,0,0,0,0,0,0,0,0,1,0,1,0,0,0,0,0
www.dahuasecurity.com,0,0,0,0,0,0,2,0,0,0,0,0,0,0,0,0,0,2
www.databaseforensics.com,0,0,0,0,0,0,0,0,0,0,0,0,0,0,0,0,0,1
www.databreaches.net,0,2,0,0,0,0,0,0,0,0,0,0,18,0,0,0,0,0
www.datacenterdynamics.com,0,0,0,0,0,0,0,0,0,0,0,0,1,0,0,0,0,0
www.datto.com,0,0,0,0,2,0,2,0,0,0,0,0,0,0,0,0,0,2
www.debian.org,0,0,14,3,1,0,16,0,0,0,0,1,1370,0,0,0,0,7
www.dell.com,0,0,0,0,0,0,5,0,0,0,0,0,0,0,0,0,0,5
www.dest-unreach.org,0,0,0,0,0,0,2,0,0,0,0,0,1,0,0,0,0,1
www.digitaldefense.com,0,0,0,0,0,0,1,0,0,0,0,0,5,0,0,0,0,0
www.digitalinterruption.com,0,1,0,0,0,0,0,0,0,0,0,0,1,0,0,0,0,0
www.djangoproject.com,0,2,0,0,0,0,14,0,0,0,0,0,0,0,0,0,0,14
www.dlink.com,0,0,0,0,0,0,2,0,0,0,0,0,0,0,0,0,0,2
www.dlink.com.sg,0,0,0,0,0,0,1,0,0,0,0,0,0,0,0,0,0,1
www.dnnsoftware.com,0,0,0,0,1,0,2,0,0,0,0,0,0,0,0,0,0,3
www.docdroid.net,0,0,0,0,0,0,0,0,0,0,0,1,0,0,0,0,0,0
www.dovecot.org,0,0,1,0,0,0,0,0,0,0,0,0,0,0,0,0,0,2
www.dragonbyte-tech.com,0,0,0,0,0,0,1,0,0,0,0,0,0,0,0,0,0,1
www.dropbox.com,0,0,0,0,0,0,0,1,0,0,0,0,0,0,0,0,0,0
www.drupal.org,0,1,0,0,0,0,386,0,0,0,2,0,6,0,0,0,0,204
www.dulwich.io,0,0,1,0,0,0,1,0,0,1,0,0,0,0,0,0,0,2
www.ec-cube.net,0,0,0,0,0,0,3,0,0,0,0,0,0,0,0,0,0,6
www.edimax.com,0,0,0,0,0,0,1,0,0,1,0,0,0,0,0,0,0,1
www.efrontlearning.net,0,0,0,0,0,0,1,0,0,0,0,0,0,0,0,0,0,0
www.elastic.co,0,0,0,0,0,0,2,0,0,0,0,0,0,0,0,0,0,4
www.elasticsearch.com,0,0,0,0,0,0,1,0,0,0,0,0,0,0,0,0,0,1
www.electronjs.org,0,0,0,0,1,0,1,0,0,0,0,0,0,0,0,0,0,1
www.elttam.com.au,0,1,0,0,0,0,1,0,0,0,0,0,1,0,0,0,0,0
www.enlightenment.org,0,0,0,0,1,0,0,0,0,0,0,0,0,0,0,0,0,1
www.epson.com,0,0,0,0,0,0,1,0,0,0,0,0,0,0,0,0,0,0
www.eweek.com,0,0,0,0,0,0,0,0,1,0,0,0,0,0,0,0,0,0
www.excellium-services.com,0,0,0,0,0,0,2,0,0,0,0,0,3,0,0,0,0,0
www.exploit-db.com,2,460,4,0,1,0,20,0,0,0,0,1,567,0,0,0,558,0
www.exponentcms.org,0,1,0,0,1,0,3,0,0,0,1,0,0,0,0,0,0,4
www.facebook.com,0,0,0,0,0,0,0,0,0,0,0,0,3,0,0,0,0,0
www.fangfacms.com,0,0,0,0,0,0,0,0,0,1,0,0,0,0,0,0,0,0
www.ffmpeg.org,0,0,0,0,0,0,0,0,0,0,0,0,0,0,0,0,0,1
www.fireeye.com,0,1,0,0,0,0,0,0,0,0,0,0,1,0,0,0,0,0
www.firewalld.org,0,0,0,0,0,0,1,0,0,0,0,0,0,0,0,0,0,1
www.flexera.com,0,0,0,0,0,0,0,0,0,0,0,0,1,0,0,0,0,0
www.floyd.ch,0,0,0,0,0,0,0,0,0,0,0,0,1,0,0,0,0,0
www.fomori.org,0,0,0,0,0,0,0,0,0,0,2,0,0,0,0,0,0,2
www.fortiguard.com,1,0,0,0,0,0,0,0,0,0,0,0,7,0,0,0,1,0
www.fortinet.com,0,0,0,0,0,0,1,0,0,0,0,0,1,0,0,0,0,0
www.fossil-scm.org,0,0,0,0,0,0,1,0,0,0,1,0,0,0,0,0,0,2
www.foxitsoftware.com,0,0,0,0,0,0,276,0,0,0,0,0,0,0,0,0,0,276
www.freebsd.org,0,0,0,0,1,0,3,0,0,0,0,0,4,0,0,0,0,5
www.freebuf.com,0,0,0,0,0,0,0,0,0,0,0,0,0,0,0,0,0,0
www.freshports.org,0,0,0,0,0,0,1,0,0,0,0,0,1,0,0,0,0,0
www.from0to1.me,0,0,0,0,0,0,0,0,0,0,0,0,1,0,0,0,0,0
www.fujitsu.com,0,0,0,0,0,0,0,0,0,0,0,0,2,0,0,0,0,0
www.futomi.com,0,0,0,0,0,0,0,0,0,0,0,0,0,0,0,0,0,1
www.futureweb.at,0,2,0,0,0,0,0,0,0,0,0,0,2,0,0,0,0,0
www.geekboy.ninja,0,1,0,0,0,0,0,0,0,0,0,0,1,0,0,0,0,0
www.genivia.com,0,0,0,0,0,0,1,0,0,0,1,0,0,0,0,0,0,2
www.getsymphony.com,0,0,0,0,0,0,1,0,0,0,0,0,0,0,0,0,0,1
www.gfi.com,0,0,0,0,0,0,1,0,0,0,0,0,0,0,0,0,0,1
www.ghostscript.com,0,0,2,0,0,0,2,0,0,0,6,0,2,0,0,0,0,6
www.gnu.org,0,0,0,0,0,0,0,0,0,0,1,0,0,0,0,0,0,1
www.gnutls.org,0,0,0,0,0,0,1,0,0,0,0,0,0,0,0,0,0,2
www.gossamer-threads.com,0,0,0,1,1,0,0,0,0,0,0,0,1,0,0,0,0,0
www.graphicsmagick.org,0,0,0,0,0,0,0,0,0,0,2,0,0,0,0,0,0,2
www.graylog.org,0,0,0,0,0,0,1,0,0,0,3,0,0,0,0,0,0,1
www.h5l.org,0,0,0,0,0,0,0,0,0,0,0,0,1,0,0,0,0,1
www.halfdog.net,0,2,0,0,0,0,0,0,0,0,0,0,1,0,0,0,0,0
www.hammock.jp,0,0,0,0,0,0,2,0,0,0,0,0,0,0,0,0,0,2
www.haproxy.org,0,0,0,0,0,0,1,0,0,0,0,0,0,0,0,0,0,1
www.harmfultrust.com,0,1,0,0,0,0,0,0,0,0,0,0,1,0,0,0,0,0
www.hikvision.com,0,0,0,0,0,0,5,0,0,0,0,0,0,0,0,0,0,5
www.hms-networks.com,0,0,0,0,0,0,1,0,0,0,0,0,0,0,0,0,0,1
www.htbridge.com,1,10,0,0,0,0,2,0,0,0,0,1,4,0,0,0,0,0
www.huawei.com,0,0,0,0,0,0,1,0,0,0,0,0,2,0,0,0,0,1
www.ibm.com,0,0,3,0,3,0,809,0,0,0,0,0,3,0,0,0,1,813
www.ibtimes.co.uk,0,0,0,0,0,0,0,0,0,0,0,0,0,0,0,0,0,0
www.icon-co.jp,0,0,0,0,0,0,1,0,0,0,0,0,0,0,0,0,0,1
www.ietf.org,0,0,0,1,0,0,0,0,0,0,0,0,1,0,0,0,0,0
www.ign.com,0,1,0,0,0,0,0,0,0,0,0,0,1,0,0,0,0,0
www.ijg.org,0,0,0,0,0,0,0,0,0,0,0,0,0,0,0,0,0,0
www.ilias.de,0,0,2,0,0,0,0,0,0,0,9,0,0,0,0,0,0,7
www.illumos.org,0,1,0,0,0,0,1,0,0,0,0,0,0,0,0,0,0,2
www.imagemagick.org,0,6,5,0,0,0,10,0,0,0,3,0,3,0,0,0,0,22
www.imperva.com,0,0,0,0,0,0,0,0,0,0,0,0,0,0,0,0,0,0
www.impulseadventure.com,0,0,0,0,0,0,0,0,0,0,1,0,0,0,0,0,0,0
www.infineon.com,0,0,0,0,1,0,0,0,0,0,0,0,0,0,0,0,0,1
www.info-sec.ca,0,0,0,0,0,0,0,0,0,0,0,0,1,0,0,0,0,0
www.insinuator.net,0,0,0,0,0,0,0,0,0,0,0,0,0,0,0,0,0,0
www.intel.com,0,0,0,0,0,0,35,0,0,0,0,0,1,0,0,0,0,41
www.internetsociety.org,0,0,0,0,0,0,0,0,0,0,0,2,0,0,0,0,0,0
www.iodata.jp,0,0,0,0,0,0,3,0,0,0,0,0,0,0,0,0,0,3
www.ipfire.org,0,0,0,0,0,0,1,0,0,0,0,0,0,0,0,0,0,1
www.ispconfig.org,0,0,1,0,0,0,1,0,0,0,0,0,0,0,0,0,0,1
www.itas.vn,0,2,0,0,0,0,0,0,0,0,0,0,0,0,0,0,0,0
www.ivywe.co.jp,0,0,0,0,0,0,0,0,0,0,0,0,0,0,0,0,0,1
www.jasadvisors.com,0,0,0,0,0,0,0,0,0,0,0,0,1,0,0,0,0,0
www.jdownloads.com,0,0,0,0,0,0,1,0,0,0,0,0,0,0,0,0,0,1
www.jfrog.com,0,0,1,0,0,0,1,0,0,0,1,0,0,0,0,0,0,2
www.jianshu.com,0,2,0,0,0,0,1,0,0,0,0,0,2,0,0,0,0,0
www.joomla.org,0,0,0,0,0,0,2,0,0,0,0,0,0,0,0,0,0,2
www.jpki.go.jp,0,0,0,0,0,0,1,0,0,0,0,0,0,0,0,0,0,1
www.justsystems.com,0,0,0,0,0,0,1,0,0,0,0,0,0,0,0,0,0,1
www.kb.cert.org,0,0,3,0,3,0,10,0,0,0,0,0,62,0,0,63,1,0
www.kde.org,0,1,0,0,1,0,3,0,0,0,0,0,1,0,0,0,0,4
www.kent-web.com,0,0,0,0,0,0,1,0,0,0,0,0,0,0,0,0,0,1
www.kernel.org,0,2,10,5,0,0,10,0,0,0,108,0,7,0,0,0,0,79
www.kioware.com,0,0,0,0,0,0,1,0,0,0,0,0,0,0,0,0,0,1
www.kobe-beauty.co.jp,0,0,0,0,0,0,0,0,0,0,0,0,0,0,0,0,0,1
www.korelogic.com,0,0,0,0,0,0,0,0,0,0,0,0,1,0,0,0,0,0
www.kunena.org,0,0,0,0,0,0,0,0,0,0,2,0,0,0,0,0,0,2
www.kvakil.me,0,0,0,0,0,0,0,0,0,0,0,0,1,0,0,0,0,0
www.landaire.net,0,0,0,0,0,0,0,0,0,0,0,0,0,0,0,0,0,0
www.libreoffice.org,0,0,0,0,0,0,0,0,0,0,0,0,0,0,0,0,0,3
www.libssh.org,0,0,0,0,0,0,0,0,0,0,0,0,0,0,0,0,0,1
www.libssh2.org,0,0,0,0,0,0,1,0,0,0,0,0,0,0,0,0,0,1
www.linkedin.com,0,0,0,0,0,0,0,0,0,0,0,0,1,0,0,0,0,0
www.litecart.net,0,0,0,0,0,0,0,0,0,0,0,0,0,0,0,0,0,1
www.magicwinmail.com,0,0,0,0,0,0,0,0,0,0,1,0,0,0,0,0,0,1
www.mail-archive.com,0,1,2,19,0,0,7,0,0,0,0,0,22,0,0,0,0,0
www.manageengine.com,0,0,0,0,0,0,3,0,0,0,0,0,0,0,0,0,0,3
www.mandriva.com,7,0,0,0,0,0,0,0,0,0,0,0,1,0,0,0,0,0
www.mantisbt.org,0,5,2,0,0,0,3,0,0,0,0,0,0,0,0,0,0,4
www.mapserver.org,0,0,0,0,0,0,0,0,0,0,4,0,0,0,0,0,0,0
www.math1as.com,0,2,0,0,0,0,0,0,0,0,0,0,2,0,0,0,0,0
www.matrixssl.org,0,0,0,0,0,0,3,0,0,0,0,0,0,0,0,0,0,3
www.mbsd.jp,0,1,0,0,0,0,0,0,0,0,0,0,1,0,0,0,0,0
www.mdsec.co.uk,0,1,0,0,0,0,0,0,0,0,0,0,1,0,0,0,0,0
www.mega-nerd.com,0,0,0,0,0,0,0,0,0,2,4,0,0,0,0,0,0,0
www.mehmetince.net,0,0,0,0,0,0,0,0,0,0,0,1,1,0,0,0,0,0
www.mercurial-scm.org,0,0,0,1,0,0,5,0,0,0,4,0,2,0,0,0,0,10
www.mike-gualtieri.com,0,2,0,0,0,0,0,0,0,0,0,0,2,0,0,0,0,0
www.misp.software,0,0,0,0,0,0,0,0,0,0,2,0,0,0,0,0,0,2
www.mitel.com,0,0,0,0,0,0,0,0,0,0,0,0,3,0,0,0,0,0
www.mogwaisecurity.de,0,1,0,0,0,0,0,0,0,0,0,0,0,0,0,0,0,0
www.moj.go.jp,0,0,0,0,0,0,1,0,0,0,0,0,0,0,0,0,0,1
www.mojoportal.com,0,0,0,0,0,0,0,0,0,0,1,0,0,0,0,0,0,0
www.moxa.com,0,0,0,0,0,0,4,0,0,0,0,0,0,0,0,0,0,0
www.mozilla.org,0,2,0,0,0,0,6,0,0,0,0,0,6,0,0,0,0,240
www.mpg123.de,0,0,0,0,0,0,1,0,0,1,0,0,0,0,0,0,0,2
www.mutt.org,0,0,0,0,0,0,0,0,0,0,12,0,0,0,0,0,0,12
www.nagios.org,0,0,0,0,0,0,0,0,0,0,0,0,0,0,0,0,0,1
www.nccgroup.trust,0,2,0,0,0,0,0,0,1,0,0,1,6,0,0,0,0,0
www.nemux.org,0,0,0,0,0,0,1,0,0,0,0,0,1,0,0,0,0,0
www.nenkin.go.jp,0,0,0,0,0,0,4,0,0,0,0,0,0,0,0,0,0,4
www.nes.fr,0,1,0,0,0,0,1,0,0,0,0,0,1,0,0,0,0,0
www.netbiter.com,0,0,0,0,0,0,1,0,0,1,0,0,1,0,0,0,0,1
www.netgate.com,0,0,0,0,0,0,0,0,0,0,0,0,1,0,0,0,0,0
www.netiq.com,0,0,0,0,0,0,2,0,0,0,0,0,0,0,0,0,0,2
www.netsparker.com,0,5,0,0,0,0,0,0,0,0,0,0,2,0,0,0,0,0
www.nettitude.co.uk,0,0,0,0,0,0,0,0,0,0,0,0,0,0,0,0,0,0
www.ni.com,0,0,0,0,1,0,0,0,0,0,0,0,0,0,0,0,0,1
www.nishishi.com,0,0,0,0,0,0,1,0,0,0,0,0,0,0,0,0,0,1
www.nlnetlabs.nl,0,0,0,0,0,0,1,0,0,0,0,0,0,0,0,0,0,1
www.nomachine.com,0,0,0,0,2,0,1,0,0,0,0,0,3,0,0,0,0,2
www.novell.com,0,0,0,0,0,0,8,0,0,0,0,0,0,0,0,0,0,8
www.npmjs.com,0,0,0,0,0,0,0,0,0,1,0,0,4,0,0,0,0,0
www.nri-secure.com,0,0,0,0,0,0,0,0,0,0,0,0,1,0,0,0,0,0
www.nscripter.com,0,0,0,0,0,0,1,0,0,0,0,0,0,0,0,0,0,1
www.nsfocus.net,0,0,1,0,0,0,0,0,0,0,0,0,1,0,0,0,0,0
www.nttdocomo.co.jp,0,0,0,0,0,0,1,0,0,0,0,0,0,0,0,0,0,1
www.nuuo.com,0,0,0,0,0,0,0,0,0,0,1,0,0,0,0,0,0,1
www.ocert.org,0,0,0,0,1,0,4,0,0,0,0,0,5,0,0,0,2,0
www.onapsis.com,0,0,0,0,0,0,0,0,0,0,0,0,6,0,0,0,1,0
www.op-c.net,0,1,0,0,0,0,0,0,0,0,0,0,1,0,0,0,0,0
www.op-tee.org,0,0,0,0,0,0,0,0,0,0,0,0,0,0,0,0,0,1
www.open-emr.org,0,0,1,0,0,0,19,0,0,0,4,0,1,0,0,0,0,20
www.openafs.org,0,0,0,0,0,0,0,0,0,0,0,0,0,0,0,0,0,1
www.openbugbounty.org,0,0,0,0,0,0,0,0,0,0,0,0,1,0,0,0,0,0
www.openindiana.org,0,0,0,0,0,0,0,0,0,0,0,0,2,0,0,0,0,0
www.openldap.org,0,1,0,0,0,0,1,0,0,0,0,0,0,0,0,0,0,1
www.openmicroscopy.org,0,0,0,0,0,0,3,0,0,0,0,0,0,0,0,0,0,6
www.openntpd.org,0,0,0,0,0,0,0,0,0,0,0,0,0,0,0,0,0,1
www.openoffice.org,0,0,0,0,0,0,1,0,0,0,0,0,0,0,0,0,0,1
www.openproject.org,0,0,0,0,0,0,0,0,0,0,0,0,0,0,0,0,0,2
www.openssh.com,0,0,0,0,0,0,1,0,0,0,3,0,0,0,0,0,0,3
www.openssl.org,0,0,2,0,1,0,3,0,1,0,0,0,1,0,0,0,0,27
www.openwall.com,0,89,15,1609,17,0,752,0,0,0,28,8,1523,0,0,0,36,0
www.oracle.com,0,0,2,0,0,0,2555,0,0,0,1,0,523,0,0,0,0,2378
www.orpheus-lyre.info,0,0,0,0,0,0,0,0,0,0,0,0,1,0,0,0,0,0
www.osstech.co.jp,0,0,0,0,0,0,1,0,0,0,0,0,0,0,0,0,0,1
www.osticket.com,0,0,0,0,0,0,1,0,0,0,0,0,0,0,0,0,0,1
www.otrs.com,0,0,2,0,0,0,3,0,0,0,1,0,0,0,0,0,0,5
www.ovirt.org,0,0,0,0,0,0,1,0,0,0,0,0,0,0,0,0,0,1
www.oxy-gen.mobi,0,1,0,0,0,0,1,0,0,0,0,0,1,0,0,0,0,0
www.paidmembershipspro.com,0,0,0,0,0,0,0,0,0,0,1,0,1,0,0,0,0,0
www.passbolt.com,0,0,0,0,0,0,1,0,0,0,1,0,0,0,0,0,0,2
www.pdfa.org,0,0,0,0,0,0,0,0,0,0,0,0,1,0,0,0,0,0
www.percona.com,0,0,0,0,0,0,0,0,0,0,2,0,2,0,0,0,0,5
www.php.net,0,0,0,0,0,0,1,0,0,0,40,0,0,0,0,0,0,6
www.phpbb.com,0,0,0,0,0,0,1,0,0,0,0,0,0,0,0,0,0,2
www.phpmyadmin.net,0,0,0,0,0,0,90,0,0,0,0,0,0,0,0,0,0,89
www.phpmyfaq.de,0,0,0,0,0,0,0,0,0,0,0,0,0,0,0,0,0,1
www.pidgin.im,0,0,0,0,0,0,16,0,0,0,0,0,0,0,0,0,0,16
www.plupload.com,0,0,0,0,0,0,0,0,0,0,0,0,0,0,0,0,0,1
www.postgresql.org,0,0,0,0,0,0,7,0,0,0,13,0,2,0,0,0,1,19
www.prevanders.net,0,0,0,0,0,0,0,0,0,0,0,0,19,0,0,0,17,0
www.privoxy.org,0,0,0,0,0,0,2,0,0,0,0,0,0,0,0,0,0,2
www.prnewswire.com,0,0,0,0,0,0,0,0,0,0,0,1,0,0,0,0,0,0
www.pro-linux.de,0,0,0,0,0,0,0,0,0,0,0,0,1,0,0,0,0,0
www.promotic.eu,0,0,0,0,0,0,1,0,0,0,0,0,0,0,0,0,0,1
www.puresec.io,0,0,0,0,2,0,0,0,0,0,0,2,2,0,0,0,0,0
www.purplemet.com,0,0,0,0,0,0,0,0,0,0,0,0,0,0,0,0,0,0
www.pwebmanager.org,0,0,0,0,0,0,1,0,0,0,0,0,0,0,0,0,0,1
www.qbittorrent.org,0,0,0,0,0,0,2,0,0,0,2,0,0,0,0,0,0,0
www.qnap.com,0,0,0,0,0,0,3,0,0,0,0,0,0,0,0,0,0,3
www.qualcomm.com,0,0,0,0,0,0,2,0,0,0,0,0,0,0,0,0,0,3
www.qualys.com,0,7,0,0,0,0,1,0,0,0,0,4,12,0,0,0,0,0
www.question2answer.org,0,0,0,0,0,0,0,0,0,0,0,0,0,0,0,0,0,1
www.rapid7.com,0,7,0,0,0,0,0,0,0,0,0,0,14,0,0,0,2,0
www.rastating.com,0,1,0,0,1,0,1,0,0,0,0,0,1,0,0,0,0,0
www.red4sec.com,0,2,0,0,0,0,0,0,0,0,0,0,4,0,0,0,0,0
www.reddit.com,0,5,0,0,0,0,0,0,0,0,0,0,4,0,0,0,0,0
www.redhat.com,0,0,0,1,0,0,2,0,0,0,0,0,3,0,0,0,0,1
www.redmine.org,0,0,1,0,0,0,20,12,0,0,1,0,0,0,0,0,0,27
www.redteam-pentesting.de,0,1,0,0,0,0,0,0,0,0,0,0,0,0,0,0,0,0
www.retrospect.com,0,0,0,0,0,0,1,0,0,0,0,0,0,0,0,0,0,1
www.revive-adserver.com,0,0,0,0,0,0,18,0,0,0,0,0,0,0,0,0,0,21
www.rsaconference.com,0,1,0,0,0,0,0,0,0,0,0,0,1,0,0,0,0,0
www.ruby-lang.org,0,0,0,0,2,0,30,0,0,0,15,0,0,0,0,0,0,38
www.samba.org,0,0,0,0,2,0,20,0,0,0,0,0,0,0,0,0,0,21
www.sba-research.org,0,0,0,0,0,0,0,0,0,0,1,0,1,0,0,0,0,0
www.schedmd.com,0,0,0,0,1,0,0,0,0,0,0,0,0,0,0,0,0,2
www.schneider-electric.com,0,0,0,0,4,0,24,0,0,0,0,0,1,0,0,0,0,23
www.scip.ch,0,1,0,0,0,0,0,0,0,0,0,0,1,0,0,0,0,0
www.search-lab.hu,0,0,0,0,0,0,1,0,0,0,0,0,1,0,0,0,0,0
www.sec-1.com,0,0,0,0,0,0,0,0,0,0,0,0,1,0,0,0,0,0
www.sec-consult.com,0,7,0,0,0,0,1,0,0,0,0,0,4,0,0,0,0,1
www.secforce.com,0,1,0,0,0,0,0,0,0,0,0,0,1,0,0,0,0,0
www.secfu.net,0,0,0,0,0,0,0,0,0,0,0,0,1,0,0,0,0,0
www.secorvo.de,0,1,0,0,1,0,0,0,0,0,0,1,1,0,0,0,0,0
www.secureauth.com,0,4,0,0,0,0,0,0,0,0,0,0,4,0,0,0,0,0
www.securepatterns.com,0,1,0,0,0,0,0,0,0,0,0,0,1,0,0,0,0,0
www.securifera.com,0,0,0,0,0,0,0,0,0,0,0,0,0,0,0,0,0,0
www.securify.nl,0,1,0,0,0,0,1,0,0,0,0,0,2,0,0,0,0,0
www.security-assessment.com,0,0,0,0,0,0,0,0,0,0,0,0,0,0,0,0,0,0
www.securityartwork.es,1,0,0,0,0,0,0,0,0,0,0,0,0,0,0,0,0,0
www.securityfocus.com,14,15,8,2,1,0,7,0,0,0,0,14,7284,0,0,3,7257,8
www.securitytracker.com,4,0,7,1,0,0,8,0,0,0,0,0,3787,0,0,0,3767,3
www.seekurity.com,0,2,2,0,0,0,2,0,0,0,0,0,2,0,0,0,0,0
www.shielder.it,0,0,0,0,0,0,0,0,0,0,0,0,0,0,0,0,0,0
www.siberas.de,0,0,0,0,0,0,0,0,0,0,0,0,1,0,0,0,0,0
www.sidertia.com,0,1,0,0,0,0,0,0,0,0,0,0,1,0,0,0,0,0
www.siemens.com,1,0,0,0,0,0,19,0,0,0,0,0,0,0,0,0,0,21
www.sigsac.org,0,0,0,0,0,0,0,0,0,0,0,0,1,0,0,0,0,0
www.sj-vs.net,0,0,0,0,1,0,0,0,0,0,0,0,1,0,0,0,0,0
www.slackware.com,0,1,0,2,0,0,0,0,0,0,0,0,9,0,0,0,0,0
www.slf4j.org,0,0,0,0,0,0,0,0,0,0,0,0,0,0,0,0,0,0
www.softbank.jp,0,0,0,0,0,0,2,0,0,0,0,0,0,0,0,0,0,2
www.solarwinds.com,0,0,0,0,0,0,0,0,0,0,0,0,1,0,0,0,0,0
www.soliton.co.jp,0,0,0,0,0,0,2,0,0,0,0,0,0,0,0,0,0,2
www.soluble.ai,0,1,0,0,0,0,0,0,0,0,0,0,1,0,0,0,0,0
www.sony.co.uk,0,0,0,0,0,0,4,0,0,0,0,0,0,0,0,0,0,4
www.sophos.com,0,0,0,0,0,0,0,0,0,0,0,0,0,0,0,0,0,2
www.sourcebrella.com,0,0,0,0,0,0,0,0,0,0,0,0,1,0,0,0,0,0
www.sourceclear.com,0,2,0,0,0,0,3,0,0,0,0,0,3,0,0,0,0,0
www.sourceware.org,0,0,0,0,0,0,0,0,0,0,1,0,1,0,0,0,0,1
www.spinics.net,0,1,8,6,0,0,19,0,0,0,0,0,18,0,0,0,0,0
www.splunk.com,0,0,0,0,0,0,1,0,0,0,0,0,16,0,0,0,0,1
www.sqlite.org,0,0,0,0,0,0,1,0,0,0,2,0,0,0,0,0,0,4
www.squid-cache.org,0,0,0,0,4,0,22,0,0,0,1,0,1,0,0,1,0,19
www.stack.nl,1,0,0,0,0,0,0,0,0,0,0,0,0,0,0,0,0,0
www.strongswan.org,0,0,0,0,4,0,5,0,0,0,0,2,0,0,0,0,0,7
www.stunnel.org,0,0,0,0,0,0,1,0,0,0,0,0,0,0,0,0,0,1
www.sudo.ws,0,0,3,0,0,0,3,0,0,0,0,0,3,0,0,0,0,0
www.suse.com,0,0,0,0,0,0,2,0,0,0,0,0,20,0,0,0,0,4
www.symantec.com,0,0,0,0,0,0,0,0,0,0,0,0,0,0,0,0,0,2
www.sympa.org,0,0,0,0,0,0,1,0,0,0,0,0,0,0,0,0,0,1
www.synacktiv.com,0,0,0,0,0,0,0,0,0,0,0,0,4,0,0,0,0,0
www.synacktiv.ninja,0,1,0,0,1,0,1,0,0,0,0,0,1,0,0,0,0,0
www.synology.com,0,0,0,0,1,0,0,0,0,0,0,0,15,0,0,0,0,0
www.syss.de,0,0,0,0,0,0,1,0,0,0,0,0,1,0,0,0,0,0
www.talosintel.com,0,5,0,0,0,0,0,0,0,0,0,0,4,0,0,0,0,0
www.talosintelligence.com,0,12,0,0,0,0,4,0,0,0,0,21,27,0,0,0,5,0
www.tarlogic.com,0,0,0,0,0,0,0,0,0,0,0,0,0,0,0,0,0,0
www.tcpdump.org,0,0,0,0,0,0,0,0,0,0,0,0,0,0,0,0,0,86
www.teeworlds.com,0,0,0,0,0,0,0,0,0,0,0,0,0,0,0,0,0,1
www.tenable.com,0,6,2,0,0,0,10,0,0,0,0,1,73,0,0,0,0,8
www.teskalabs.com,0,0,0,0,0,0,0,0,0,0,0,0,1,0,0,0,0,0
www.thewildbeast.co.uk,0,0,1,0,0,0,0,0,0,0,0,0,0,0,0,0,0,0
www.tibco.com,0,0,0,0,1,0,1,0,0,0,0,0,0,0,0,0,0,2
www.timmclean.net,0,1,0,0,0,0,0,0,0,0,0,0,1,0,0,0,0,0
www.tp-link.com,0,0,0,0,0,0,11,0,0,0,0,0,0,0,0,0,0,0
www.tracker-software.com,0,0,0,0,0,0,1,0,0,0,0,0,0,0,0,0,0,1
www.triplefault.io,0,0,0,0,0,0,0,0,0,0,0,0,1,0,0,0,0,0
www.tripwire.com,0,0,0,0,0,0,0,0,0,0,0,3,4,0,0,0,0,0
www.trustwave.com,0,1,0,0,0,0,0,0,0,0,0,0,3,0,0,0,0,0
www.tug.org,0,0,0,0,0,0,3,0,0,0,0,0,0,0,0,0,0,5
www.twistlock.com,0,0,0,0,0,0,0,0,0,0,0,0,1,0,0,0,0,0
www.ubuntu.com,3,0,4,1,1,0,19,0,0,0,0,0,440,0,0,0,0,13
www.uipath.com,0,0,0,0,0,0,1,0,0,0,1,0,0,0,0,0,0,1
www.us-cert.gov,0,0,0,0,0,0,0,0,0,0,0,0,3,0,0,3,0,0
www.usenix.org,0,0,0,0,0,0,0,0,0,0,0,2,1,0,0,0,0,0
www.vapid.dhs.org,0,5,0,0,0,0,0,0,0,0,0,0,1,0,0,0,1,0
www.vapidlabs.com,0,12,0,0,0,0,8,0,0,0,0,0,12,0,0,0,0,0
www.vbulletin.com,0,0,0,0,0,0,3,0,0,0,0,0,0,0,0,0,0,0
www.verisign.com,0,0,0,0,0,0,0,0,0,0,0,0,12,0,0,0,10,0
www.veritas.com,0,0,0,0,1,0,2,0,0,0,0,0,0,0,0,0,0,3
www.viestintavirasto.fi,0,0,2,0,0,0,2,0,0,0,0,0,2,0,0,0,0,0
www.virtualizor.com,0,0,0,0,0,0,1,0,0,0,0,0,0,0,0,0,0,1
www.vmware.com,0,0,1,0,1,0,71,0,0,0,0,0,9,0,0,0,0,67
www.vulnerability-lab.com,0,4,2,0,0,0,4,0,0,0,0,0,6,0,0,0,0,0
www.vulnerabilitycenter.com,0,0,0,0,0,0,0,0,0,0,0,0,1,0,0,0,0,0
www.webmin.com,0,0,0,0,0,0,0,0,0,0,4,0,0,0,0,0,0,7
www.websecgeeks.com,0,2,0,0,0,0,0,0,0,0,0,2,2,0,0,0,0,0
www.welcart.com,0,0,0,0,0,0,1,0,0,0,0,0,0,0,0,0,0,1
www.wftpserver.com,0,0,0,0,0,0,1,0,0,0,0,0,0,0,0,0,0,1
www.whitehats.nl,0,0,0,0,1,0,0,0,0,0,0,0,1,0,0,0,0,0
www.wired.com,0,0,0,0,0,0,0,0,0,0,0,0,0,0,0,0,0,0
www.wireshark.org,0,0,0,0,0,0,1,0,0,0,0,0,0,0,0,0,0,160
www.wizlynxgroup.com,0,0,2,0,0,0,0,0,0,0,0,0,2,0,0,0,0,0
www.wolfcms.org,0,0,0,0,0,0,0,0,0,0,2,0,2,0,0,0,0,0
www.wolfssl.com,0,0,0,0,0,0,0,0,0,0,0,0,0,0,0,0,0,1
www.wondercms.com,0,0,0,0,0,0,1,0,0,0,0,0,0,0,0,0,0,2
www.wordfence.com,0,0,0,0,0,0,0,0,0,0,0,0,1,0,0,0,0,0
www.wp-olivecart.com,0,0,0,0,0,0,3,0,0,0,0,0,0,0,0,0,0,3
www.x.org,0,0,0,0,0,0,1,0,0,0,0,0,0,0,0,0,0,3
www.x41-dsec.de,0,15,0,0,1,0,17,0,0,0,0,0,34,0,0,0,0,0
www.yiiframework.com,0,0,0,0,0,0,1,0,0,0,0,0,0,0,0,0,0,1
www.youtube.com,0,10,4,0,0,0,0,0,1,0,0,0,15,0,0,0,0,0
www.yubico.com,0,0,0,0,1,0,1,0,0,0,0,0,1,0,0,0,0,1
www.zabbix.com,0,0,0,0,0,0,0,0,0,0,0,0,0,0,0,0,0,3
www.zdnet.com,0,0,0,0,0,0,0,0,2,0,0,0,2,0,0,0,0,0
www.zen-cart.com,0,0,0,0,0,0,1,0,0,0,1,0,0,0,0,0,0,1
www.zerodayinitiative.com,0,0,0,0,0,0,3,0,0,0,0,1,277,0,0,0,268,0
www.zeroscience.mk,0,4,0,0,0,0,0,0,0,0,0,1,2,0,0,0,1,0
www.zsh.org,0,0,0,2,0,0,0,0,0,0,1,0,0,0,0,0,0,2
www.zyxel.com,0,0,0,0,0,0,2,0,0,0,0,0,0,0,0,0,0,2
www1.huawei.com,0,0,0,0,0,0,3,0,0,0,0,0,1,0,0,0,0,3
www7a.biglobe.ne.jp,0,0,0,0,0,0,1,0,0,0,0,0,0,0,0,0,0,1
wwws.nightwatchcybersecurity.com,0,1,0,0,1,0,1,0,0,0,0,1,4,0,0,0,0,0
x-c3ll.github.io,0,0,0,0,0,0,0,0,0,0,0,1,1,0,0,0,0,0
xenbits.xen.org,0,0,4,4,38,0,115,0,0,0,0,0,10,0,0,0,0,108
xiaodaozhi.com,0,0,0,0,0,0,0,0,0,0,0,0,0,0,0,0,0,0
xmlgraphics.apache.org,0,0,0,0,0,0,2,0,0,0,0,0,1,0,0,0,0,3
xmlsoft.org,0,0,0,0,0,0,0,0,0,0,11,0,1,0,0,0,0,12
xorl.wordpress.com,0,1,0,0,0,0,1,0,0,0,0,0,1,0,0,0,0,0
yan-1-20.github.io,2,0,0,0,0,0,0,0,0,0,0,0,2,0,0,0,0,0
zanzebek.com,0,1,0,0,0,0,0,0,0,0,0,0,0,0,0,0,0,0
zephyrprojectsec.atlassian.net,2,0,1,0,0,0,1,0,0,0,0,0,0,0,0,0,0,1
zerodayinitiative.com,0,0,0,0,0,0,0,0,0,0,0,0,223,0,0,0,223,1
zoczus.blogspot.com,0,1,0,0,0,0,0,0,0,0,0,0,0,0,0,0,0,0
zookeeper.apache.org,0,0,0,0,0,0,0,0,0,0,0,0,0,0,0,0,0,1
