CVE-ID,MITRE Assign Date,CVE Description,Label
cve-2016-7864,9/9/2016,"Adobe Flash Player versions 23.0.205 and earlier, 11.2.202.643 and earlier have an exploitable use-after-free vulnerability. Successful exploitation could lead to arbitrary code execution.",f
cve-2016-3222,3/15/2016,"Microsoft Edge allows remote attackers to execute arbitrary code or cause a denial of service (memory corruption) via a crafted web site, aka ""Microsoft Edge Memory Corruption Vulnerability.""",f
cve-2015-6127,8/14/2015,"Windows Media Center in Microsoft Windows Vista SP2, Windows 7 SP1, Windows 8, and Windows 8.1 allows remote attackers to read arbitrary files via a crafted .mcl file, aka ""Windows Media Center Information Disclosure Vulnerability.""",t
cve-2015-6142,8/14/2015,"Microsoft Internet Explorer 11 and Microsoft Edge allow remote attackers to execute arbitrary code or cause a denial of service (memory corruption) via a crafted web site, aka ""Microsoft Browser Memory Corruption Vulnerability,"" a different vulnerability than CVE-2015-6140, CVE-2015-6143, CVE-2015-6153, CVE-2015-6158, CVE-2015-6159, and CVE-2015-6160.",f
cve-2015-1737,2/17/2015,"Microsoft Internet Explorer 10 and 11 allows remote attackers to execute arbitrary code or cause a denial of service (memory corruption) via a crafted web site, aka ""Internet Explorer Memory Corruption Vulnerability,"" a different vulnerability than CVE-2015-1731, CVE-2015-1736, and CVE-2015-1755.",f
cve-2015-6124,8/14/2015,"Microsoft Word 2007 SP3, Office 2010 SP2, Word 2010 SP2, Word 2013 SP1, Word 2013 RT SP1, and Office Compatibility Pack SP3 allow remote attackers to execute arbitrary code via a crafted Office document, aka ""Microsoft Office Memory Corruption Vulnerability.""",f
cve-2015-0314,12/1/2014,"Adobe Flash Player before 13.0.269 and 14.x through 16.x before 16.0.305 on Windows and OS X and before 11.2.202.442 on Linux allows attackers to execute arbitrary code or cause a denial of service (memory corruption) via unspecified vectors, a different vulnerability than CVE-2015-0316, CVE-2015-0318, CVE-2015-0321, CVE-2015-0329, and CVE-2015-0330.",f
cve-2015-1660,2/17/2015,"Microsoft Internet Explorer 9 allows remote attackers to execute arbitrary code or cause a denial of service (memory corruption) via a crafted web site, aka ""Internet Explorer Memory Corruption Vulnerability.""",f
cve-2015-1681,2/17/2015,"Microsoft Windows Vista SP2, Windows Server 2008 SP2 and R2 SP1, Windows 7 SP1, Windows 8, Windows 8.1, Windows Server 2012 Gold and R2, and Windows RT Gold and 8.1 allow local users to cause a denial of service via a crafted .msc file, aka ""Microsoft Management Console File Format Denial of Service Vulnerability.""",f
cve-2015-1691,2/17/2015,"Microsoft Internet Explorer 8 and 9 allows remote attackers to execute arbitrary code or cause a denial of service (memory corruption) via a crafted web site, aka ""Internet Explorer Memory Corruption Vulnerability,"" a different vulnerability than CVE-2015-1712.",f
cve-2015-1710,2/17/2015,"Microsoft Internet Explorer 6 through 11 allows remote attackers to execute arbitrary code or cause a denial of service (memory corruption) via a crafted web site, aka ""Internet Explorer Memory Corruption Vulnerability,"" a different vulnerability than CVE-2015-1694.",f
cve-2015-1718,2/17/2015,"Microsoft Internet Explorer 11 allows remote attackers to execute arbitrary code or cause a denial of service (memory corruption) via a crafted web site, aka ""Internet Explorer Memory Corruption Vulnerability,"" a different vulnerability than CVE-2015-1658, CVE-2015-1706, CVE-2015-1711, and CVE-2015-1717.",f
cve-2015-6096,8/14/2015,"The XML DTD parser in Microsoft .NET Framework 2.0 SP2, 3.5, 3.5.1, 4, 4.5, 4.5.1, 4.5.2, and 4.6 allows remote attackers to read arbitrary files via an external entity declaration in conjunction with an entity reference, related to an XML External Entity (XXE) issue, aka "".NET Information Disclosure Vulnerability.""",f
cve-2016-3297,3/15/2016,"Microsoft Internet Explorer 9 through 11 and Microsoft Edge allow remote attackers to execute arbitrary code or cause a denial of service (memory corruption) via a crafted web site, aka ""Microsoft Browser Memory Corruption Vulnerability.""",f
cve-2016-7246,9/9/2016,"The kernel-mode drivers in Microsoft Windows Server 2008 R2 SP1, Windows 7 SP1, Windows 8.1, Windows Server 2012 Gold and R2, Windows RT 8.1, Windows 10 Gold, 1511, and 1607, and Windows Server 2016 allow local users to gain privileges via a crafted application, aka ""Win32k Elevation of Privilege Vulnerability.""",f
cve-2016-4280,4/27/2016,"Adobe Flash Player before 18.0.375 and 19.x through 23.x before 23.0.162 on Windows and OS X and before 11.2.202.635 on Linux allows attackers to execute arbitrary code or cause a denial of service (memory corruption) via unspecified vectors, a different vulnerability than CVE-2016-4274, CVE-2016-4275, CVE-2016-4276, CVE-2016-4281, CVE-2016-4282, CVE-2016-4283, CVE-2016-4284, CVE-2016-4285, CVE-2016-6922, and CVE-2016-6924.",f
cve-2015-1650,2/17/2015,"Use-after-free vulnerability in Microsoft Word 2007 SP3, Office 2010 SP2, Word 2010 SP2, Word 2013 SP1, Word 2013 RT SP1, Word Viewer, Office Compatibility Pack SP3, Word Automation Services on SharePoint Server 2010 SP2 and 2013 SP1, and Office Web Apps Server 2010 SP2 and 2013 SP1 allows remote attackers to execute arbitrary code via a crafted Office document, aka ""Microsoft Office Component Use After Free Vulnerability.""",f
cve-2016-3210,3/15/2016,"The Microsoft (1) JScript and (2) VBScript engines, as used in Internet Explorer 11, allow remote attackers to execute arbitrary code or cause a denial of service (memory corruption) via a crafted web site, aka ""Scripting Engine Memory Corruption Vulnerability.""",f
cve-2015-1689,2/17/2015,"Microsoft Internet Explorer 9 through 11 allows remote attackers to execute arbitrary code or cause a denial of service (memory corruption) via a crafted web site, aka ""Internet Explorer Memory Corruption Vulnerability,"" a different vulnerability than CVE-2015-1705.",f
cve-2016-4121,4/27/2016,"Use-after-free vulnerability in Adobe Flash Player before 18.0.352 and 19.x through 21.x before 21.0.242 on Windows and OS X and before 11.2.202.621 on Linux allows attackers to execute arbitrary code via unspecified vectors, a different vulnerability than CVE-2016-1097, CVE-2016-1106, CVE-2016-1107, CVE-2016-1108, CVE-2016-1109, CVE-2016-1110, CVE-2016-4108, and CVE-2016-4110.",f
cve-2016-4155,4/27/2016,"Unspecified vulnerability in Adobe Flash Player 21.0.242 and earlier, as used in the Adobe Flash libraries in Microsoft Internet Explorer 10 and 11 and Microsoft Edge, has unknown impact and attack vectors, a different vulnerability than other CVEs listed in MS16-083.",f
cve-2016-4251,4/27/2016,"Adobe Reader and Acrobat before 11.0.17, Acrobat and Acrobat Reader DC Classic before 15.006.30198, and Acrobat and Acrobat Reader DC Continuous before 15.017.20050 on Windows and OS X allow attackers to execute arbitrary code or cause a denial of service (memory corruption) via unspecified vectors, a different vulnerability than CVE-2016-4191, CVE-2016-4192, CVE-2016-4193, CVE-2016-4194, CVE-2016-4195, CVE-2016-4196, CVE-2016-4197, CVE-2016-4198, CVE-2016-4199, CVE-2016-4200, CVE-2016-4201, CVE-2016-4202, CVE-2016-4203, CVE-2016-4204, CVE-2016-4205, CVE-2016-4206, CVE-2016-4207, CVE-2016-4208, CVE-2016-4211, CVE-2016-4212, CVE-2016-4213, CVE-2016-4214, CVE-2016-4250, CVE-2016-4252, and CVE-2016-4254.",f
cve-2016-4252,4/27/2016,"Adobe Reader and Acrobat before 11.0.17, Acrobat and Acrobat Reader DC Classic before 15.006.30198, and Acrobat and Acrobat Reader DC Continuous before 15.017.20050 on Windows and OS X allow attackers to execute arbitrary code or cause a denial of service (memory corruption) via unspecified vectors, a different vulnerability than CVE-2016-4191, CVE-2016-4192, CVE-2016-4193, CVE-2016-4194, CVE-2016-4195, CVE-2016-4196, CVE-2016-4197, CVE-2016-4198, CVE-2016-4199, CVE-2016-4200, CVE-2016-4201, CVE-2016-4202, CVE-2016-4203, CVE-2016-4204, CVE-2016-4205, CVE-2016-4206, CVE-2016-4207, CVE-2016-4208, CVE-2016-4211, CVE-2016-4212, CVE-2016-4213, CVE-2016-4214, CVE-2016-4250, CVE-2016-4251, and CVE-2016-4254.",f
cve-2016-0174,12/4/2015,"The kernel-mode drivers in Microsoft Windows Vista SP2, Windows Server 2008 SP2 and R2 SP1, Windows 7 SP1, Windows 8.1, Windows Server 2012 Gold and R2, Windows RT 8.1, and Windows 10 Gold and 1511 allow local users to gain privileges via a crafted application, aka ""Win32k Elevation of Privilege Vulnerability,"" a different vulnerability than CVE-2016-0171, CVE-2016-0173, and CVE-2016-0196.",f
cve-2016-7255,9/9/2016,"The kernel-mode drivers in Microsoft Windows Vista SP2, Windows Server 2008 SP2 and R2 SP1, Windows 7 SP1, Windows 8.1, Windows Server 2012 Gold and R2, Windows RT 8.1, Windows 10 Gold, 1511, and 1607, and Windows Server 2016 allow local users to gain privileges via a crafted application, aka ""Win32k Elevation of Privilege Vulnerability.""",f
cve-2016-0015,12/4/2015,"DirectShow in Microsoft Windows Vista SP2, Windows Server 2008 SP2 and R2 SP1, Windows 7 SP1, Windows 8, Windows 8.1, Windows Server 2012 Gold and R2, and Windows 10 Gold and 1511 allows remote attackers to execute arbitrary code via a crafted file, aka ""DirectShow Heap Corruption Remote Code Execution Vulnerability.""",t
cve-2016-7242,9/9/2016,"The Chakra JavaScript scripting engine in Microsoft Edge allows remote attackers to execute arbitrary code or cause a denial of service (memory corruption) via a crafted web site, aka ""Scripting Engine Memory Corruption Vulnerability,"" a different vulnerability than CVE-2016-7200, CVE-2016-7201, CVE-2016-7202, CVE-2016-7203, CVE-2016-7208, CVE-2016-7240, and CVE-2016-7243.",f
cve-2015-2545,3/19/2015,"Microsoft Office 2007 SP3, 2010 SP2, 2013 SP1, and 2013 RT SP1 allows remote attackers to execute arbitrary code via a crafted EPS image, aka ""Microsoft Office Malformed EPS File Vulnerability.""",f
cve-2015-0326,12/1/2014,"Adobe Flash Player before 13.0.269 and 14.x through 16.x before 16.0.305 on Windows and OS X and before 11.2.202.442 on Linux allows attackers to cause a denial of service (NULL pointer dereference) or possibly have unspecified other impact via unknown vectors, a different vulnerability than CVE-2015-0325 and CVE-2015-0328.",f
cve-2015-1649,2/17/2015,"Use-after-free vulnerability in Microsoft Word 2007 SP3, Office 2010 SP2, Word 2010 SP2, Word Viewer, Office Compatibility Pack SP3, Word Automation Services on SharePoint Server 2010 SP2, and Office Web Apps Server 2010 SP2 allows remote attackers to execute arbitrary code via a crafted Office document, aka ""Microsoft Office Component Use After Free Vulnerability.""",f
cve-2015-1686,2/17/2015,"The Microsoft (1) VBScript 5.6 through 5.8 and (2) JScript 5.6 through 5.8 engines, as used in Internet Explorer 8 through 11 and other products, allow remote attackers to bypass the ASLR protection mechanism via a crafted web site, aka ""VBScript and JScript ASLR Bypass.""",f
cve-2015-1687,2/17/2015,"Microsoft Internet Explorer 6 through 9 allows remote attackers to execute arbitrary code or cause a denial of service (memory corruption) via a crafted web site, aka ""Internet Explorer Memory Corruption Vulnerability.""",f
cve-2015-1735,2/17/2015,"Microsoft Internet Explorer 6 through 11 allows remote attackers to execute arbitrary code or cause a denial of service (memory corruption) via a crafted web site, aka ""Internet Explorer Memory Corruption Vulnerability,"" a different vulnerability than CVE-2015-1740, CVE-2015-1744, CVE-2015-1745, and CVE-2015-1766.",f
cve-2015-1744,2/17/2015,"Microsoft Internet Explorer 6 through 11 allows remote attackers to execute arbitrary code or cause a denial of service (memory corruption) via a crafted web site, aka ""Internet Explorer Memory Corruption Vulnerability,"" a different vulnerability than CVE-2015-1735, CVE-2015-1740, CVE-2015-1745, and CVE-2015-1766.",f
cve-2015-6064,8/14/2015,"Microsoft Internet Explorer 10 and 11 and Microsoft Edge allow remote attackers to execute arbitrary code or cause a denial of service (memory corruption) via a crafted web site, aka ""Microsoft Browser Memory Corruption Vulnerability,"" a different vulnerability than CVE-2015-6084 and CVE-2015-6085.",f
cve-2015-3043,4/9/2015,"Adobe Flash Player before 13.0.281 and 14.x through 17.x before 17.0.169 on Windows and OS X and before 11.2.202.457 on Linux allows attackers to execute arbitrary code or cause a denial of service (memory corruption) via unspecified vectors, as exploited in the wild in April 2015, a different vulnerability than CVE-2015-0347, CVE-2015-0350, CVE-2015-0352, CVE-2015-0353, CVE-2015-0354, CVE-2015-0355, CVE-2015-0360, CVE-2015-3038, CVE-2015-3041, and CVE-2015-3042.",t
cve-2015-0338,12/1/2014,Integer overflow in Adobe Flash Player before 13.0.277 and 14.x through 17.x before 17.0.134 on Windows and OS X and before 11.2.202.451 on Linux allows attackers to execute arbitrary code via unspecified vectors.,f
cve-2015-2483,3/19/2015,"Microsoft Internet Explorer 10 and 11 allows remote attackers to obtain sensitive information from process memory via a crafted web site, aka ""Information Disclosure Vulnerability.""",f
cve-2016-2207,2/2/2016,"The AntiVirus Decomposer engine in Symantec Advanced Threat Protection (ATP); Symantec Data Center Security:Server (SDCS:S) 6.x through 6.6 MP1; Symantec Web Gateway; Symantec Endpoint Protection (SEP) before 12.1 RU6 MP5; Symantec Endpoint Protection (SEP) for Mac; Symantec Endpoint Protection (SEP) for Linux before 12.1 RU6 MP5; Symantec Protection Engine (SPE) before 7.0.5 HF01, 7.5.x before 7.5.3 HF03, 7.5.4 before HF01, and 7.8.0 before HF01; Symantec Protection for SharePoint Servers (SPSS) 6.0.3 through 6.0.5 before 6.0.5 HF 1.5 and 6.0.6 before HF 1.6; Symantec Mail Security for Microsoft Exchange (SMSMSE) before 7.0_3966002 HF1.1 and 7.5.x before 7.5_3966008 VHF1.2; Symantec Mail Security for Domino (SMSDOM) before 8.0.9 HF1.1 and 8.1.x before 8.1.3 HF1.2; CSAPI before 10.0.4 HF01; Symantec Message Gateway (SMG) before 10.6.1-4; Symantec Message Gateway for Service Providers (SMG-SP) 10.5 before patch 254 and 10.6 before patch 253; Norton AntiVirus, Norton Security, Norton Internet Security, and Norton 360 before NGC 22.7; Norton Security for Mac before 13.0.2; Norton Power Eraser (NPE) before 5.1; and Norton Bootable Removal Tool (NBRT) before 2016.1 allows remote attackers to execute arbitrary code or cause a denial of service (memory access violation) via a crafted RAR file that is mishandled during decompression.",t
cve-2016-3298,3/15/2016,"Microsoft Internet Explorer 9 through 11 and the Internet Messaging API in Windows Vista SP2, Windows Server 2008 SP2 and R2 SP1, and Windows 7 SP1 allow remote attackers to determine the existence of arbitrary files via a crafted web site, aka ""Internet Explorer Information Disclosure Vulnerability.""",f
cve-2016-3240,3/15/2016,"Microsoft Internet Explorer 9 through 11 allows remote attackers to execute arbitrary code or cause a denial of service (memory corruption) via a crafted web site, aka ""Internet Explorer Memory Corruption Vulnerability,"" a different vulnerability than CVE-2016-3241 and CVE-2016-3242.",f
cve-2016-4133,4/27/2016,"Unspecified vulnerability in Adobe Flash Player 21.0.242 and earlier, as used in the Adobe Flash libraries in Microsoft Internet Explorer 10 and 11 and Microsoft Edge, has unknown impact and attack vectors, a different vulnerability than other CVEs listed in MS16-083.",f
cve-2016-7862,9/9/2016,"Adobe Flash Player versions 23.0.205 and earlier, 11.2.202.643 and earlier have an exploitable use-after-free vulnerability. Successful exploitation could lead to arbitrary code execution.",f
cve-2016-0728,12/16/2015,"The join_session_keyring function in security/keys/process_keys.c in the Linux kernel before 4.4.1 mishandles object references in a certain error case, which allows local users to gain privileges or cause a denial of service (integer overflow and use-after-free) via crafted keyctl commands.",f
cve-2016-1017,12/22/2015,"Use-after-free vulnerability in the LoadVars.decode function in Adobe Flash Player before 18.0.343 and 19.x through 21.x before 21.0.213 on Windows and OS X and before 11.2.202.616 on Linux allows attackers to execute arbitrary code via unspecified vectors, a different vulnerability than CVE-2016-1011, CVE-2016-1013, CVE-2016-1016, and CVE-2016-1031.",f
cve-2015-1748,2/17/2015,"Microsoft Internet Explorer 7 through 11 allows remote attackers to gain privileges via a crafted web site, aka ""Internet Explorer Elevation of Privilege Vulnerability,"" a different vulnerability than CVE-2015-1743.",f
cve-2015-1752,2/17/2015,"Microsoft Internet Explorer 9 through 11 allows remote attackers to execute arbitrary code or cause a denial of service (memory corruption) via a crafted web site, aka ""Internet Explorer Memory Corruption Vulnerability,"" a different vulnerability than CVE-2015-1741.",f
cve-2015-0339,12/1/2014,"Adobe Flash Player before 13.0.277 and 14.x through 17.x before 17.0.134 on Windows and OS X and before 11.2.202.451 on Linux allows attackers to execute arbitrary code or cause a denial of service (memory corruption) via unspecified vectors, a different vulnerability than CVE-2015-0332, CVE-2015-0333, and CVE-2015-0335.",f
cve-2015-2499,3/19/2015,"Microsoft Internet Explorer 7 through 11 allows remote attackers to execute arbitrary code or cause a denial of service (memory corruption) via a crafted web site, aka ""Memory Corruption Vulnerability,"" a different vulnerability than CVE-2015-2486, CVE-2015-2487, CVE-2015-2490, CVE-2015-2492, CVE-2015-2494, and CVE-2015-2498.",f
cve-2015-7657,10/1/2015,"Use-after-free vulnerability in Adobe Flash Player before 18.0.261 and 19.x before 19.0.245 on Windows and OS X and before 11.2.202.548 on Linux, Adobe AIR before 19.0.241, Adobe AIR SDK before 19.0.241, and Adobe AIR SDK & Compiler before 19.0.241 allows attackers to execute arbitrary code via crafted actionCallMethod arguments, a different vulnerability than CVE-2015-7651, CVE-2015-7652, CVE-2015-7653, CVE-2015-7654, CVE-2015-7655, CVE-2015-7656, CVE-2015-7658, CVE-2015-7660, CVE-2015-7661, CVE-2015-7663, CVE-2015-8042, CVE-2015-8043, CVE-2015-8044, and CVE-2015-8046.",f
cve-2015-0312,12/1/2014,Double free vulnerability in Adobe Flash Player before 13.0.264 and 14.x through 16.x before 16.0.296 on Windows and OS X and before 11.2.202.440 on Linux allows attackers to execute arbitrary code via unspecified vectors.,f
cve-2015-5539,7/17/2015,"Use-after-free vulnerability in Adobe Flash Player before 18.0.232 on Windows and OS X and before 11.2.202.508 on Linux, Adobe AIR before 18.0.199, Adobe AIR SDK before 18.0.199, and Adobe AIR SDK & Compiler before 18.0.199 allows attackers to execute arbitrary code via unspecified vectors, a different vulnerability than CVE-2015-5127, CVE-2015-5130, CVE-2015-5134, CVE-2015-5540, CVE-2015-5550, CVE-2015-5551, CVE-2015-5556, CVE-2015-5557, CVE-2015-5559, CVE-2015-5561, CVE-2015-5563, CVE-2015-5564, and CVE-2015-5565.",t
cve-2015-6078,8/14/2015,"Microsoft Internet Explorer 9 through 11 and Microsoft Edge allow remote attackers to execute arbitrary code or cause a denial of service (memory corruption) via a crafted web site, aka ""Microsoft Browser Memory Corruption Vulnerability,"" a different vulnerability than CVE-2015-6065.",f
cve-2015-1685,2/17/2015,"Microsoft Internet Explorer 11 allows remote attackers to bypass the ASLR protection mechanism via a crafted web site, aka ""Internet Explorer ASLR Bypass.""",f
cve-2016-7860,9/9/2016,"Adobe Flash Player versions 23.0.205 and earlier, 11.2.202.643 and earlier have an exploitable type confusion vulnerability. Successful exploitation could lead to arbitrary code execution.",f
cve-2015-6075,8/14/2015,"Microsoft Internet Explorer 11 allows remote attackers to execute arbitrary code or cause a denial of service (memory corruption) via a crafted web site, aka ""Internet Explorer Memory Corruption Vulnerability,"" a different vulnerability than CVE-2015-6068, CVE-2015-6072, CVE-2015-6073, CVE-2015-6077, CVE-2015-6079, CVE-2015-6080, and CVE-2015-6082.",f
cve-2016-3199,3/15/2016,"The Chakra JavaScript engine in Microsoft Edge allows remote attackers to execute arbitrary code or cause a denial of service (memory corruption) via a crafted web site, aka ""Scripting Engine Memory Corruption Vulnerability,"" a different vulnerability than CVE-2016-3214.",f
cve-2016-3259,3/15/2016,"The Microsoft (1) JScript 9, (2) VBScript, and (3) Chakra JavaScript engines, as used in Microsoft Internet Explorer 9 through 11, Microsoft Edge, and other products, allow remote attackers to execute arbitrary code or cause a denial of service (memory corruption) via a crafted web site, aka ""Scripting Engine Memory Corruption Vulnerability,"" a different vulnerability than CVE-2016-3248.",f
cve-2016-3264,3/15/2016,"Microsoft Internet Explorer 9 through 11 and Microsoft Edge allow remote attackers to execute arbitrary code or cause a denial of service (memory corruption) via a crafted web site, aka ""Microsoft Browser Memory Corruption Vulnerability.""",f
cve-2016-3324,3/15/2016,"Microsoft Internet Explorer 9 through 11 allows remote attackers to execute arbitrary code or cause a denial of service (memory corruption) via a crafted web site, aka ""Internet Explorer Memory Corruption Vulnerability.""",t
cve-2016-0155,12/4/2015,"Microsoft Edge allows remote attackers to execute arbitrary code or cause a denial of service (memory corruption) via a crafted web site, aka ""Microsoft Edge Memory Corruption Vulnerability,"" a different vulnerability than CVE-2016-0156 and CVE-2016-0157.",f
cve-2016-0176,12/4/2015,"dxgkrnl.sys in the DirectX Graphics kernel subsystem in the kernel-mode drivers in Microsoft Windows 7 SP1, Windows Server 2008 R2 SP1, Windows 8.1, Windows Server 2012 Gold and R2, Windows RT 8.1, and Windows 10 Gold and 1511 allows local users to gain privileges via a crafted application, aka ""Microsoft DirectX Graphics Kernel Subsystem Elevation of Privilege Vulnerability.""",f
cve-2016-3277,3/15/2016,"Microsoft Internet Explorer 10 and 11 and Microsoft Edge allow remote attackers to obtain sensitive information via a crafted web site, aka ""Microsoft Browser Information Disclosure Vulnerability.""",f
cve-2015-2425,3/19/2015,"Microsoft Internet Explorer 11 allows remote attackers to execute arbitrary code or cause a denial of service (memory corruption) via a crafted web site, aka ""Internet Explorer Memory Corruption Vulnerability,"" a different vulnerability than CVE-2015-2383 and CVE-2015-2384.",f
cve-2016-4282,4/27/2016,"Adobe Flash Player before 18.0.375 and 19.x through 23.x before 23.0.162 on Windows and OS X and before 11.2.202.635 on Linux allows attackers to execute arbitrary code or cause a denial of service (memory corruption) via unspecified vectors, a different vulnerability than CVE-2016-4274, CVE-2016-4275, CVE-2016-4276, CVE-2016-4280, CVE-2016-4281, CVE-2016-4283, CVE-2016-4284, CVE-2016-4285, CVE-2016-6922, and CVE-2016-6924.",f
cve-2016-4171,4/27/2016,"Unspecified vulnerability in Adobe Flash Player 21.0.242 and earlier allows remote attackers to execute arbitrary code via unknown vectors, as exploited in the wild in June 2016.",f
cve-2016-0034,12/4/2015,"Microsoft Silverlight 5 before 5.1.41212.0 mishandles negative offsets during decoding, which allows remote attackers to execute arbitrary code or cause a denial of service (object-header corruption) via a crafted web site, aka ""Silverlight Runtime Remote Code Execution Vulnerability.""",f
cve-2016-7191,9/9/2016,"The Microsoft Azure Active Directory Passport (aka Passport-Azure-AD) library 1.x before 1.4.6 and 2.x before 2.0.1 for Node.js does not recognize the validateIssuer setting, which allows remote attackers to bypass authentication via a crafted token.",f
cve-2016-7198,9/9/2016,"Microsoft Internet Explorer 9 through 11 and Microsoft Edge allow remote attackers to execute arbitrary code or cause a denial of service (memory corruption) via a crafted web site, aka ""Microsoft Browser Memory Corruption Vulnerability,"" a different vulnerability than CVE-2016-7195.",f
cve-2015-1705,2/17/2015,"Microsoft Internet Explorer 9 through 11 allows remote attackers to execute arbitrary code or cause a denial of service (memory corruption) via a crafted web site, aka ""Internet Explorer Memory Corruption Vulnerability,"" a different vulnerability than CVE-2015-1689.",f
cve-2015-1711,2/17/2015,"Microsoft Internet Explorer 11 allows remote attackers to execute arbitrary code or cause a denial of service (memory corruption) via a crafted web site, aka ""Internet Explorer Memory Corruption Vulnerability,"" a different vulnerability than CVE-2015-1658, CVE-2015-1706, CVE-2015-1717, and CVE-2015-1718.",f
cve-2015-1732,2/17/2015,"Microsoft Internet Explorer 11 allows remote attackers to execute arbitrary code or cause a denial of service (memory corruption) via a crafted web site, aka ""Internet Explorer Memory Corruption Vulnerability,"" a different vulnerability than CVE-2015-1742, CVE-2015-1747, CVE-2015-1750, and CVE-2015-1753.",f
cve-2015-7629,10/1/2015,"Use-after-free vulnerability in Adobe Flash Player before 18.0.252 and 19.x before 19.0.207 on Windows and OS X and before 11.2.202.535 on Linux, Adobe AIR before 19.0.213, Adobe AIR SDK before 19.0.213, and Adobe AIR SDK & Compiler before 19.0.213 allows attackers to execute arbitrary code via a TextFormat object with a crafted tabStops property, a different vulnerability than CVE-2015-7631, CVE-2015-7643, and CVE-2015-7644.",f
cve-2015-7631,10/1/2015,"Use-after-free vulnerability in Adobe Flash Player before 18.0.252 and 19.x before 19.0.207 on Windows and OS X and before 11.2.202.535 on Linux, Adobe AIR before 19.0.213, Adobe AIR SDK before 19.0.213, and Adobe AIR SDK & Compiler before 19.0.213 allows attackers to execute arbitrary code via a TextLine object with a crafted validity property, a different vulnerability than CVE-2015-7629, CVE-2015-7643, and CVE-2015-7644.",f
cve-2015-7632,10/1/2015,"Buffer overflow in Adobe Flash Player before 18.0.252 and 19.x before 19.0.207 on Windows and OS X and before 11.2.202.535 on Linux, Adobe AIR before 19.0.213, Adobe AIR SDK before 19.0.213, and Adobe AIR SDK & Compiler before 19.0.213 allows attackers to execute arbitrary code via a Loader object with a crafted loaderBytes property.",f
cve-2015-7654,10/1/2015,"Use-after-free vulnerability in Adobe Flash Player before 18.0.261 and 19.x before 19.0.245 on Windows and OS X and before 11.2.202.548 on Linux, Adobe AIR before 19.0.241, Adobe AIR SDK before 19.0.241, and Adobe AIR SDK & Compiler before 19.0.241 allows attackers to execute arbitrary code via crafted attachSound arguments, a different vulnerability than CVE-2015-7651, CVE-2015-7652, CVE-2015-7653, CVE-2015-7655, CVE-2015-7656, CVE-2015-7657, CVE-2015-7658, CVE-2015-7660, CVE-2015-7661, CVE-2015-7663, CVE-2015-8042, CVE-2015-8043, CVE-2015-8044, and CVE-2015-8046.",f
cve-2015-5122,6/26/2015,"Use-after-free vulnerability in the DisplayObject class in the ActionScript 3 (AS3) implementation in Adobe Flash Player 13.x through 13.0.302 on Windows and OS X, 14.x through 18.0.203 on Windows and OS X, 11.x through 11.2.202.481 on Linux, and 12.x through 18.0.204 on Linux Chrome installations allows remote attackers to execute arbitrary code or cause a denial of service (memory corruption) via crafted Flash content that leverages improper handling of the opaqueBackground property, as exploited in the wild in July 2015.",t
cve-2015-1730,2/17/2015,"Microsoft Internet Explorer 9 allows remote attackers to execute arbitrary code or cause a denial of service (memory corruption) via a crafted web site, aka ""Internet Explorer Memory Corruption Vulnerability.""",t
cve-2015-0330,12/1/2014,"Adobe Flash Player before 13.0.269 and 14.x through 16.x before 16.0.305 on Windows and OS X and before 11.2.202.442 on Linux allows attackers to execute arbitrary code or cause a denial of service (memory corruption) via unspecified vectors, a different vulnerability than CVE-2015-0314, CVE-2015-0316, CVE-2015-0318, CVE-2015-0321, and CVE-2015-0329.",f
cve-2015-1755,2/17/2015,"Microsoft Internet Explorer 10 and 11 allows remote attackers to execute arbitrary code or cause a denial of service (memory corruption) via a crafted web site, aka ""Internet Explorer Memory Corruption Vulnerability,"" a different vulnerability than CVE-2015-1731, CVE-2015-1736, and CVE-2015-1737.",f
cve-2015-2501,3/19/2015,"Microsoft Internet Explorer 9 allows remote attackers to execute arbitrary code or cause a denial of service (memory corruption) via a crafted web site, aka ""Memory Corruption Vulnerability.""",f
cve-2016-0147,12/4/2015,"Microsoft XML Core Services 3.0 allows remote attackers to execute arbitrary code via a crafted web site, aka ""MSXML 3.0 Remote Code Execution Vulnerability.""",f
cve-2015-5876,8/6/2015,dyld in Dev Tools in Apple iOS before 9 allows attackers to execute arbitrary code in a privileged context or cause a denial of service (memory corruption) via a crafted app.,f
cve-2015-0328,12/1/2014,"Adobe Flash Player before 13.0.269 and 14.x through 16.x before 16.0.305 on Windows and OS X and before 11.2.202.442 on Linux allows attackers to cause a denial of service (NULL pointer dereference) or possibly have unspecified other impact via unknown vectors, a different vulnerability than CVE-2015-0325 and CVE-2015-0326.",f
cve-2015-7653,10/1/2015,"Use-after-free vulnerability in Adobe Flash Player before 18.0.261 and 19.x before 19.0.245 on Windows and OS X and before 11.2.202.548 on Linux, Adobe AIR before 19.0.241, Adobe AIR SDK before 19.0.241, and Adobe AIR SDK & Compiler before 19.0.241 allows attackers to execute arbitrary code via crafted globalToLocal arguments, a different vulnerability than CVE-2015-7651, CVE-2015-7652, CVE-2015-7654, CVE-2015-7655, CVE-2015-7656, CVE-2015-7657, CVE-2015-7658, CVE-2015-7660, CVE-2015-7661, CVE-2015-7663, CVE-2015-8042, CVE-2015-8043, CVE-2015-8044, and CVE-2015-8046.",f
cve-2015-2452,3/19/2015,"Microsoft Internet Explorer 7 through 11 allows remote attackers to execute arbitrary code or cause a denial of service (memory corruption) via a crafted web site, aka ""Memory Corruption Vulnerability,"" a different vulnerability than CVE-2015-2441.",f
cve-2016-0199,12/4/2015,"Microsoft Internet Explorer 9 through 11 allows remote attackers to execute arbitrary code or cause a denial of service (memory corruption) via a crafted web site, aka ""Internet Explorer Memory Corruption Vulnerability,"" a different vulnerability than CVE-2016-0200 and CVE-2016-3211.",f
cve-2016-0189,12/4/2015,"The Microsoft (1) JScript 5.8 and (2) VBScript 5.7 and 5.8 engines, as used in Internet Explorer 9 through 11 and other products, allow remote attackers to execute arbitrary code or cause a denial of service (memory corruption) via a crafted web site, aka ""Scripting Engine Memory Corruption Vulnerability,"" a different vulnerability than CVE-2016-0187.",f
cve-2016-4173,4/27/2016,"Use-after-free vulnerability in Adobe Flash Player before 18.0.366 and 19.x through 22.x before 22.0.209 on Windows and OS X and before 11.2.202.632 on Linux allows attackers to execute arbitrary code via unspecified vectors, a different vulnerability than CVE-2016-4174, CVE-2016-4222, CVE-2016-4226, CVE-2016-4227, CVE-2016-4228, CVE-2016-4229, CVE-2016-4230, CVE-2016-4231, and CVE-2016-4248.",f
cve-2015-1657,2/17/2015,"Microsoft Internet Explorer 9 through 11 allows remote attackers to execute arbitrary code or cause a denial of service (memory corruption) via a crafted web site, aka ""Internet Explorer Memory Corruption Vulnerability.""",f
cve-2015-0313,12/1/2014,"Use-after-free vulnerability in Adobe Flash Player before 13.0.269 and 14.x through 16.x before 16.0.305 on Windows and OS X and before 11.2.202.442 on Linux allows remote attackers to execute arbitrary code via unspecified vectors, as exploited in the wild in February 2015, a different vulnerability than CVE-2015-0315, CVE-2015-0320, and CVE-2015-0322.",t
cve-2016-7256,9/9/2016,"atmfd.dll in the Windows font library in Microsoft Windows Vista SP2, Windows Server 2008 SP2 and R2 SP1, Windows 7 SP1, Windows 8.1, Windows Server 2012 Gold and R2, Windows RT 8.1, Windows 10 Gold, 1511, and 1607, and Windows Server 2016 allows remote attackers to execute arbitrary code via a crafted web site, aka ""Open Type Font Remote Code Execution Vulnerability.""",f
cve-2015-0310,12/1/2014,"Adobe Flash Player before 13.0.262 and 14.x through 16.x before 16.0.287 on Windows and OS X and before 11.2.202.438 on Linux does not properly restrict discovery of memory addresses, which allows attackers to bypass the ASLR protection mechanism on Windows, and have an unspecified impact on other platforms, via unknown vectors, as exploited in the wild in January 2015.",f
cve-2016-4151,4/27/2016,"Unspecified vulnerability in Adobe Flash Player 21.0.242 and earlier, as used in the Adobe Flash libraries in Microsoft Internet Explorer 10 and 11 and Microsoft Edge, has unknown impact and attack vectors, a different vulnerability than other CVEs listed in MS16-083.",f
cve-2016-0053,12/4/2015,"Microsoft Word 2007 SP3, Office 2010 SP2, Word 2010 SP2, Word 2013 SP1, Word 2013 RT SP1, Word 2016, Office Compatibility Pack SP3, Word Viewer, Word Automation Services on SharePoint Server 2013 SP1, Office Web Apps Server 2013 SP1, and SharePoint Server 2013 SP1 allow remote attackers to execute arbitrary code via a crafted Office document, aka ""Microsoft Office Memory Corruption Vulnerability.""",f
cve-2016-0196,12/4/2015,"The kernel-mode drivers in Microsoft Windows Vista SP2, Windows Server 2008 SP2 and R2 SP1, Windows 7 SP1, Windows 8.1, Windows Server 2012 Gold and R2, Windows RT 8.1, and Windows 10 Gold and 1511 allow local users to gain privileges via a crafted application, aka ""Win32k Elevation of Privilege Vulnerability,"" a different vulnerability than CVE-2016-0171, CVE-2016-0173, and CVE-2016-0174.",f
cve-2015-2590,3/20/2015,"Unspecified vulnerability in Oracle Java SE 6u95, 7u80, and 8u45, and Java SE Embedded 7u75 and 8u33 allows remote attackers to affect confidentiality, integrity, and availability via unknown vectors related to Libraries, a different vulnerability than CVE-2015-4732.",f
cve-2016-1015,12/22/2015,"Adobe Flash Player before 18.0.343 and 19.x through 21.x before 21.0.213 on Windows and OS X and before 11.2.202.616 on Linux allows attackers to execute arbitrary code by overriding NetConnection object properties to leverage an unspecified ""type confusion,"" a different vulnerability than CVE-2016-1019.",f
cve-2016-3233,3/15/2016,"Microsoft Excel 2007 SP3, Excel 2010 SP2, and Office Compatibility Pack SP3 allow remote attackers to execute arbitrary code via a crafted Office document, aka ""Microsoft Office Memory Corruption Vulnerability.""",f
cve-2016-3293,3/15/2016,"Microsoft Internet Explorer 9 through 11 and Edge allow remote attackers to execute arbitrary code via a crafted web page, aka ""Microsoft Browser Memory Corruption Vulnerability.""",f
cve-2016-4192,4/27/2016,"Adobe Reader and Acrobat before 11.0.17, Acrobat and Acrobat Reader DC Classic before 15.006.30198, and Acrobat and Acrobat Reader DC Continuous before 15.017.20050 on Windows and OS X allow attackers to execute arbitrary code or cause a denial of service (memory corruption) via unspecified vectors, a different vulnerability than CVE-2016-4191, CVE-2016-4193, CVE-2016-4194, CVE-2016-4195, CVE-2016-4196, CVE-2016-4197, CVE-2016-4198, CVE-2016-4199, CVE-2016-4200, CVE-2016-4201, CVE-2016-4202, CVE-2016-4203, CVE-2016-4204, CVE-2016-4205, CVE-2016-4206, CVE-2016-4207, CVE-2016-4208, CVE-2016-4211, CVE-2016-4212, CVE-2016-4213, CVE-2016-4214, CVE-2016-4250, CVE-2016-4251, CVE-2016-4252, and CVE-2016-4254.",f
cve-2016-7892,9/9/2016,"Adobe Flash Player versions 23.0.207 and earlier, 11.2.202.644 and earlier have an exploitable use after free vulnerability in the TextField class. Successful exploitation could lead to arbitrary code execution.",f
cve-2015-0323,12/1/2014,"Heap-based buffer overflow in Adobe Flash Player before 13.0.269 and 14.x through 16.x before 16.0.305 on Windows and OS X and before 11.2.202.442 on Linux allows attackers to execute arbitrary code via unspecified vectors, a different vulnerability than CVE-2015-0327.",f
cve-2015-8418,12/2/2015,"Adobe Flash Player before 18.0.268 and 19.x and 20.x before 20.0.228 on Windows and OS X and before 11.2.202.554 on Linux, Adobe AIR before 20.0.204, Adobe AIR SDK before 20.0.204, and Adobe AIR SDK & Compiler before 20.0.204 allow attackers to execute arbitrary code or cause a denial of service (memory corruption) via unspecified vectors, a different vulnerability than CVE-2015-8045, CVE-2015-8047, CVE-2015-8060, CVE-2015-8408, CVE-2015-8416, CVE-2015-8417, CVE-2015-8419, CVE-2015-8443, CVE-2015-8444, CVE-2015-8451, and CVE-2015-8455.",f
cve-2015-5123,6/26/2015,"Use-after-free vulnerability in the BitmapData class in the ActionScript 3 (AS3) implementation in Adobe Flash Player 13.x through 13.0.302 on Windows and OS X, 14.x through 18.0.203 on Windows and OS X, 11.x through 11.2.202.481 on Linux, and 12.x through 18.0.204 on Linux Chrome installations allows remote attackers to execute arbitrary code or cause a denial of service (memory corruption) via crafted Flash content that overrides a valueOf function, as exploited in the wild in July 2015.",f
cve-2015-1708,2/17/2015,"Microsoft Internet Explorer 8 and 9 allows remote attackers to execute arbitrary code or cause a denial of service (memory corruption) via a crafted web site, aka ""Internet Explorer Memory Corruption Vulnerability.""",f
cve-2015-7633,10/1/2015,"Adobe Flash Player before 18.0.252 and 19.x before 19.0.207 on Windows and OS X and before 11.2.202.535 on Linux, Adobe AIR before 19.0.213, Adobe AIR SDK before 19.0.213, and Adobe AIR SDK & Compiler before 19.0.213 allow attackers to execute arbitrary code or cause a denial of service (memory corruption) via unspecified vectors, a different vulnerability than CVE-2015-7625, CVE-2015-7626, CVE-2015-7627, CVE-2015-7630, and CVE-2015-7634.",f
cve-2016-0193,12/4/2015,"The Chakra JavaScript engine in Microsoft Edge allows remote attackers to execute arbitrary code or cause a denial of service (memory corruption) via a crafted web site, aka ""Scripting Engine Memory Corruption Vulnerability,"" a different vulnerability than CVE-2016-0186 and CVE-2016-0191.",f
cve-2016-0127,12/4/2015,"Microsoft Word 2007 SP3, Office 2010 SP2, Word 2010 SP2, Word 2013 SP1, Word 2013 RT SP1, Office Compatibility Pack SP3, Word Viewer, Word Automation Services on SharePoint Server 2010 SP2, Word Automation Services on SharePoint Server 2013 SP1, Office Web Apps 2010 SP2, and Office Web Apps Server 2013 SP1 allow remote attackers to execute arbitrary code via a crafted Office document, aka ""Microsoft Office Memory Corruption Vulnerability.""",f
cve-2016-7865,9/9/2016,"Adobe Flash Player versions 23.0.205 and earlier, 11.2.202.643 and earlier have an exploitable type confusion vulnerability. Successful exploitation could lead to arbitrary code execution.",f
cve-2016-7855,9/9/2016,"Use-after-free vulnerability in Adobe Flash Player before 23.0.205 on Windows and OS X and before 11.2.202.643 on Linux allows remote attackers to execute arbitrary code via unspecified vectors, as exploited in the wild in October 2016.",f
cve-2015-1736,2/17/2015,"Microsoft Internet Explorer 10 and 11 allows remote attackers to execute arbitrary code or cause a denial of service (memory corruption) via a crafted web site, aka ""Internet Explorer Memory Corruption Vulnerability,"" a different vulnerability than CVE-2015-1731, CVE-2015-1737, and CVE-2015-1755.",f
cve-2015-5130,6/26/2015,"Use-after-free vulnerability in Adobe Flash Player before 18.0.232 on Windows and OS X and before 11.2.202.508 on Linux, Adobe AIR before 18.0.199, Adobe AIR SDK before 18.0.199, and Adobe AIR SDK & Compiler before 18.0.199 allows attackers to execute arbitrary code via unspecified vectors, a different vulnerability than CVE-2015-5127, CVE-2015-5134, CVE-2015-5539, CVE-2015-5540, CVE-2015-5550, CVE-2015-5551, CVE-2015-5556, CVE-2015-5557, CVE-2015-5559, CVE-2015-5561, CVE-2015-5563, CVE-2015-5564, and CVE-2015-5565.",t
cve-2015-1641,2/17/2015,"Microsoft Word 2007 SP3, Office 2010 SP2, Word 2010 SP2, Word 2013 SP1, Word 2013 RT SP1, Word for Mac 2011, Office Compatibility Pack SP3, Word Automation Services on SharePoint Server 2010 SP2 and 2013 SP1, and Office Web Apps Server 2010 SP2 and 2013 SP1 allow remote attackers to execute arbitrary code via a crafted RTF document, aka ""Microsoft Office Memory Corruption Vulnerability.""",f
cve-2016-7283,9/9/2016,"Microsoft Internet Explorer 9 through 11 allows remote attackers to execute arbitrary code or cause a denial of service (memory corruption) via a crafted web site, aka ""Internet Explorer Memory Corruption Vulnerability.""",f
cve-2015-6071,8/14/2015,"Microsoft Internet Explorer 7 through 11 allows remote attackers to execute arbitrary code or cause a denial of service (memory corruption) via a crafted web site, aka ""Internet Explorer Memory Corruption Vulnerability,"" a different vulnerability than CVE-2015-6066, CVE-2015-6070, CVE-2015-6074, CVE-2015-6076, and CVE-2015-6087.",f
cve-2016-3294,3/15/2016,"Microsoft Edge allows remote attackers to execute arbitrary code or cause a denial of service (memory corruption) via a crafted web site, aka ""Microsoft Edge Memory Corruption Vulnerability,"" a different vulnerability than CVE-2016-3330.",f
cve-2015-5119,6/26/2015,"Use-after-free vulnerability in the ByteArray class in the ActionScript 3 (AS3) implementation in Adobe Flash Player 13.x through 13.0.296 and 14.x through 18.0.194 on Windows and OS X and 11.x through 11.2.202.468 on Linux allows remote attackers to execute arbitrary code or cause a denial of service (memory corruption) via crafted Flash content that overrides a valueOf function, as exploited in the wild in July 2015.",t
cve-2016-3205,3/15/2016,"The Microsoft (1) JScript 5.8 and (2) VBScript 5.7 and 5.8 engines, as used in Internet Explorer 9 through 11 and other products, allow remote attackers to execute arbitrary code or cause a denial of service (memory corruption) via a crafted web site, aka ""Scripting Engine Memory Corruption Vulnerability,"" a different vulnerability than CVE-2016-3206 and CVE-2016-3207.",f
cve-2016-3382,3/15/2016,"The scripting engines in Microsoft Internet Explorer 9 through 11 and Microsoft Edge allow remote attackers to execute arbitrary code or cause a denial of service (memory corruption) via a crafted web site, as demonstrated by the Chakra JavaScript engine, aka ""Scripting Engine Memory Corruption Vulnerability.""",f
cve-2015-5134,6/26/2015,"Use-after-free vulnerability in Adobe Flash Player before 18.0.232 on Windows and OS X and before 11.2.202.508 on Linux, Adobe AIR before 18.0.199, Adobe AIR SDK before 18.0.199, and Adobe AIR SDK & Compiler before 18.0.199 allows attackers to execute arbitrary code via unspecified vectors, a different vulnerability than CVE-2015-5127, CVE-2015-5130, CVE-2015-5539, CVE-2015-5540, CVE-2015-5550, CVE-2015-5551, CVE-2015-5556, CVE-2015-5557, CVE-2015-5559, CVE-2015-5561, CVE-2015-5563, CVE-2015-5564, and CVE-2015-5565.",t
cve-2016-3295,3/15/2016,"Microsoft Internet Explorer 10 and 11 and Microsoft Edge allow remote attackers to execute arbitrary code or cause a denial of service (memory corruption) via a crafted web site, aka ""Microsoft Browser Memory Corruption Vulnerability.""",f
cve-2016-7200,9/9/2016,"The Chakra JavaScript scripting engine in Microsoft Edge allows remote attackers to execute arbitrary code or cause a denial of service (memory corruption) via a crafted web site, aka ""Scripting Engine Memory Corruption Vulnerability,"" a different vulnerability than CVE-2016-7201, CVE-2016-7202, CVE-2016-7203, CVE-2016-7208, CVE-2016-7240, CVE-2016-7242, and CVE-2016-7243.",t
cve-2016-3351,3/15/2016,"Microsoft Internet Explorer 9 through 11 and Microsoft Edge allow remote attackers to obtain sensitive information via a crafted web site, aka ""Microsoft Browser Information Disclosure Vulnerability.""",f
cve-2016-7202,9/9/2016,"The scripting engines in Microsoft Internet Explorer 9 through 11 and Microsoft Edge allow remote attackers to execute arbitrary code or cause a denial of service (memory corruption) via a crafted web site, aka ""Scripting Engine Memory Corruption Vulnerability,"" as demonstrated by the Chakra JavaScript engine, a different vulnerability than CVE-2016-7200, CVE-2016-7201, CVE-2016-7203, CVE-2016-7208, CVE-2016-7240, CVE-2016-7242, and CVE-2016-7243.",t
cve-2015-0311,12/1/2014,"Unspecified vulnerability in Adobe Flash Player through 13.0.262 and 14.x, 15.x, and 16.x through 16.0.287 on Windows and OS X and through 11.2.202.438 on Linux allows remote attackers to execute arbitrary code via unknown vectors, as exploited in the wild in January 2015.",t
cve-2015-7652,10/1/2015,"Use-after-free vulnerability in Adobe Flash Player before 18.0.261 and 19.x before 19.0.245 on Windows and OS X and before 11.2.202.548 on Linux, Adobe AIR before 19.0.241, Adobe AIR SDK before 19.0.241, and Adobe AIR SDK & Compiler before 19.0.241 allows attackers to execute arbitrary code via a crafted gridFitType property value, a different vulnerability than CVE-2015-7651, CVE-2015-7653, CVE-2015-7654, CVE-2015-7655, CVE-2015-7656, CVE-2015-7657, CVE-2015-7658, CVE-2015-7660, CVE-2015-7661, CVE-2015-7663, CVE-2015-8042, CVE-2015-8043, CVE-2015-8044, and CVE-2015-8046.",t
cve-2016-4228,4/27/2016,"Use-after-free vulnerability in Adobe Flash Player before 18.0.366 and 19.x through 22.x before 22.0.209 on Windows and OS X and before 11.2.202.632 on Linux allows attackers to execute arbitrary code via unspecified vectors, a different vulnerability than CVE-2016-4173, CVE-2016-4174, CVE-2016-4222, CVE-2016-4226, CVE-2016-4227, CVE-2016-4229, CVE-2016-4230, CVE-2016-4231, and CVE-2016-4248.",t
cve-2016-1019,12/22/2015,"Adobe Flash Player 21.0.197 and earlier allows remote attackers to cause a denial of service (application crash) or possibly execute arbitrary code via unspecified vectors, as exploited in the wild in April 2016.",f
cve-2016-3385,3/15/2016,"The scripting engine in Microsoft Internet Explorer 9 through 11 allows remote attackers to execute arbitrary code or cause a denial of service (memory corruption) via a crafted web site, aka ""Scripting Engine Memory Corruption Vulnerability.""",f
cve-2016-0113,12/4/2015,"Microsoft Internet Explorer 9 through 11 allows remote attackers to execute arbitrary code or cause a denial of service (memory corruption) via a crafted web site, aka ""Internet Explorer Memory Corruption Vulnerability,"" a different vulnerability than CVE-2016-0105, CVE-2016-0107, CVE-2016-0111, and CVE-2016-0112.",f
cve-2015-0097,11/18/2014,"Microsoft Excel 2007 SP3, PowerPoint 2007 SP3, Word 2007 SP3, Excel 2010 SP2, PowerPoint 2010 SP2, and Word 2010 SP2 allow remote attackers to execute arbitrary code via a crafted Office document, aka ""Microsoft Word Local Zone Remote Code Execution Vulnerability.""",f
cve-2015-3113,4/9/2015,"Heap-based buffer overflow in Adobe Flash Player before 13.0.296 and 14.x through 18.x before 18.0.194 on Windows and OS X and before 11.2.202.468 on Linux allows remote attackers to execute arbitrary code via unspecified vectors, as exploited in the wild in June 2015.",f
cve-2016-3375,3/15/2016,"The OLE Automation mechanism and VBScript scripting engine in Microsoft Internet Explorer 9 through 11, Windows Vista SP2, Windows Server 2008 SP2 and R2 SP1, Windows 7 SP1, Windows 8.1, Windows Server 2012 Gold and R2, Windows RT 8.1, and Windows 10 Gold, 1511, and 1607 allow remote attackers to execute arbitrary code or cause a denial of service (memory corruption) via a crafted web site, aka ""Scripting Engine Memory Corruption Vulnerability.""",f
cve-2016-3377,3/15/2016,"The Chakra JavaScript engine in Microsoft Edge allows remote attackers to execute arbitrary code or cause a denial of service (memory corruption) via a crafted web site, aka ""Scripting Engine Memory Corruption Vulnerability,"" a different vulnerability than CVE-2016-3350.",f
cve-2015-0336,12/1/2014,"Adobe Flash Player before 13.0.277 and 14.x through 17.x before 17.0.134 on Windows and OS X and before 11.2.202.451 on Linux allows attackers to execute arbitrary code by leveraging an unspecified ""type confusion,"" a different vulnerability than CVE-2015-0334.",t
cve-2015-1701,2/17/2015,"Win32k.sys in the kernel-mode drivers in Microsoft Windows Server 2003 SP2, Vista SP2, and Server 2008 SP2 allows local users to gain privileges via a crafted application, as exploited in the wild in April 2015, aka ""Win32k Elevation of Privilege Vulnerability.""",t
cve-2016-2210,2/2/2016,"Buffer overflow in Dec2LHA.dll in the AntiVirus Decomposer engine in Symantec Advanced Threat Protection (ATP); Symantec Data Center Security:Server (SDCS:S) 6.x through 6.6 MP1; Symantec Web Gateway; Symantec Endpoint Protection (SEP) before 12.1 RU6 MP5; Symantec Endpoint Protection (SEP) for Mac; Symantec Endpoint Protection (SEP) for Linux before 12.1 RU6 MP5; Symantec Protection Engine (SPE) before 7.0.5 HF01, 7.5.x before 7.5.3 HF03, 7.5.4 before HF01, and 7.8.0 before HF01; Symantec Protection for SharePoint Servers (SPSS) 6.0.3 through 6.0.5 before 6.0.5 HF 1.5 and 6.0.6 before HF 1.6; Symantec Mail Security for Microsoft Exchange (SMSMSE) before 7.0_3966002 HF1.1 and 7.5.x before 7.5_3966008 VHF1.2; Symantec Mail Security for Domino (SMSDOM) before 8.0.9 HF1.1 and 8.1.x before 8.1.3 HF1.2; CSAPI before 10.0.4 HF01; Symantec Message Gateway (SMG) before 10.6.1-4; Symantec Message Gateway for Service Providers (SMG-SP) 10.5 before patch 254 and 10.6 before patch 253; Norton AntiVirus, Norton Security, Norton Internet Security, and Norton 360 before NGC 22.7; Norton Security for Mac before 13.0.2; Norton Power Eraser (NPE) before 5.1; and Norton Bootable Removal Tool (NBRT) before 2016.1 allows remote attackers to execute arbitrary code via a crafted file.",t
cve-2016-4231,4/27/2016,"Use-after-free vulnerability in Adobe Flash Player before 18.0.366 and 19.x through 22.x before 22.0.209 on Windows and OS X and before 11.2.202.632 on Linux allows attackers to execute arbitrary code via unspecified vectors, a different vulnerability than CVE-2016-4173, CVE-2016-4174, CVE-2016-4222, CVE-2016-4226, CVE-2016-4227, CVE-2016-4228, CVE-2016-4229, CVE-2016-4230, and CVE-2016-4248.",t
cve-2016-4144,4/27/2016,"Unspecified vulnerability in Adobe Flash Player 21.0.242 and earlier, as used in the Adobe Flash libraries in Microsoft Internet Explorer 10 and 11 and Microsoft Edge, has unknown impact and attack vectors, a different vulnerability than other CVEs listed in MS16-083.",f
cve-2016-0200,12/4/2015,"Microsoft Internet Explorer 9 through 11 allows remote attackers to execute arbitrary code or cause a denial of service (memory corruption) via a crafted web site, aka ""Internet Explorer Memory Corruption Vulnerability,"" a different vulnerability than CVE-2016-0199 and CVE-2016-3211.",f
cve-2016-7859,9/9/2016,"Adobe Flash Player versions 23.0.205 and earlier, 11.2.202.643 and earlier have an exploitable use-after-free vulnerability. Successful exploitation could lead to arbitrary code execution.",f
cve-2015-7645,10/1/2015,"Adobe Flash Player 18.x through 18.0.252 and 19.x through 19.0.207 on Windows and OS X and 11.x through 11.2.202.535 on Linux allows remote attackers to execute arbitrary code via a crafted SWF file, as exploited in the wild in October 2015.",t
cve-2016-2209,2/2/2016,"Buffer overflow in Dec2SS.dll in the AntiVirus Decomposer engine in Symantec Advanced Threat Protection (ATP); Symantec Data Center Security:Server (SDCS:S) 6.x through 6.6 MP1; Symantec Web Gateway; Symantec Endpoint Protection (SEP) before 12.1 RU6 MP5; Symantec Endpoint Protection (SEP) for Mac; Symantec Endpoint Protection (SEP) for Linux before 12.1 RU6 MP5; Symantec Protection Engine (SPE) before 7.0.5 HF01, 7.5.x before 7.5.3 HF03, 7.5.4 before HF01, and 7.8.0 before HF01; Symantec Protection for SharePoint Servers (SPSS) 6.0.3 through 6.0.5 before 6.0.5 HF 1.5 and 6.0.6 before HF 1.6; Symantec Mail Security for Microsoft Exchange (SMSMSE) before 7.0_3966002 HF1.1 and 7.5.x before 7.5_3966008 VHF1.2; Symantec Mail Security for Domino (SMSDOM) before 8.0.9 HF1.1 and 8.1.x before 8.1.3 HF1.2; CSAPI before 10.0.4 HF01; Symantec Message Gateway (SMG) before 10.6.1-4; Symantec Message Gateway for Service Providers (SMG-SP) 10.5 before patch 254 and 10.6 before patch 253; Norton AntiVirus, Norton Security, Norton Internet Security, and Norton 360 before NGC 22.7; Norton Security for Mac before 13.0.2; Norton Power Eraser (NPE) before 5.1; and Norton Bootable Removal Tool (NBRT) before 2016.1 allows remote attackers to execute arbitrary code via a crafted file.",t
cve-2016-3645,3/23/2016,"Integer overflow in the TNEF unpacker in the AntiVirus Decomposer engine in Symantec Advanced Threat Protection (ATP); Symantec Data Center Security:Server (SDCS:S) 6.x through 6.6 MP1; Symantec Web Gateway; Symantec Endpoint Protection (SEP) before 12.1 RU6 MP5; Symantec Endpoint Protection (SEP) for Mac; Symantec Endpoint Protection (SEP) for Linux before 12.1 RU6 MP5; Symantec Protection Engine (SPE) before 7.0.5 HF01, 7.5.x before 7.5.3 HF03, 7.5.4 before HF01, and 7.8.0 before HF01; Symantec Protection for SharePoint Servers (SPSS) 6.0.3 through 6.0.5 before 6.0.5 HF 1.5 and 6.0.6 before HF 1.6; Symantec Mail Security for Microsoft Exchange (SMSMSE) before 7.0_3966002 HF1.1 and 7.5.x before 7.5_3966008 VHF1.2; Symantec Mail Security for Domino (SMSDOM) before 8.0.9 HF1.1 and 8.1.x before 8.1.3 HF1.2; CSAPI before 10.0.4 HF01; Symantec Message Gateway (SMG) before 10.6.1-4; Symantec Message Gateway for Service Providers (SMG-SP) 10.5 before patch 254 and 10.6 before patch 253; Norton AntiVirus, Norton Security, Norton Internet Security, and Norton 360 before NGC 22.7; Norton Security for Mac before 13.0.2; Norton Power Eraser (NPE) before 5.1; and Norton Bootable Removal Tool (NBRT) before 2016.1 allows remote attackers to have an unspecified impact via crafted TNEF data.",t
cve-2016-4226,4/27/2016,"Use-after-free vulnerability in Adobe Flash Player before 18.0.366 and 19.x through 22.x before 22.0.209 on Windows and OS X and before 11.2.202.632 on Linux allows attackers to execute arbitrary code via unspecified vectors, a different vulnerability than CVE-2016-4173, CVE-2016-4174, CVE-2016-4222, CVE-2016-4227, CVE-2016-4228, CVE-2016-4229, CVE-2016-4230, CVE-2016-4231, and CVE-2016-4248.",t
cve-2015-2426,3/19/2015,"Buffer underflow in atmfd.dll in the Windows Adobe Type Manager Library in Microsoft Windows Vista SP2, Windows Server 2008 SP2 and R2 SP1, Windows 7 SP1, Windows 8, Windows 8.1, Windows Server 2012 Gold and R2, and Windows RT Gold and 8.1 allows remote attackers to execute arbitrary code via a crafted OpenType font, aka ""OpenType Font Driver Vulnerability.""",t
cve-2016-3644,3/23/2016,"The AntiVirus Decomposer engine in Symantec Advanced Threat Protection (ATP); Symantec Data Center Security:Server (SDCS:S) 6.x through 6.6 MP1; Symantec Web Gateway; Symantec Endpoint Protection (SEP) before 12.1 RU6 MP5; Symantec Endpoint Protection (SEP) for Mac; Symantec Endpoint Protection (SEP) for Linux before 12.1 RU6 MP5; Symantec Protection Engine (SPE) before 7.0.5 HF01, 7.5.x before 7.5.3 HF03, 7.5.4 before HF01, and 7.8.0 before HF01; Symantec Protection for SharePoint Servers (SPSS) 6.0.3 through 6.0.5 before 6.0.5 HF 1.5 and 6.0.6 before HF 1.6; Symantec Mail Security for Microsoft Exchange (SMSMSE) before 7.0_3966002 HF1.1 and 7.5.x before 7.5_3966008 VHF1.2; Symantec Mail Security for Domino (SMSDOM) before 8.0.9 HF1.1 and 8.1.x before 8.1.3 HF1.2; CSAPI before 10.0.4 HF01; Symantec Message Gateway (SMG) before 10.6.1-4; Symantec Message Gateway for Service Providers (SMG-SP) 10.5 before patch 254 and 10.6 before patch 253; Norton AntiVirus, Norton Security, Norton Internet Security, and Norton 360 before NGC 22.7; Norton Security for Mac before 13.0.2; Norton Power Eraser (NPE) before 5.1; and Norton Bootable Removal Tool (NBRT) before 2016.1 allows remote attackers to execute arbitrary code or cause a denial of service (memory corruption) via modified MIME data in a message.",t
cve-2016-3646,3/23/2016,"The AntiVirus Decomposer engine in Symantec Advanced Threat Protection (ATP); Symantec Data Center Security:Server (SDCS:S) 6.x through 6.6 MP1; Symantec Web Gateway; Symantec Endpoint Protection (SEP) before 12.1 RU6 MP5; Symantec Endpoint Protection (SEP) for Mac; Symantec Endpoint Protection (SEP) for Linux before 12.1 RU6 MP5; Symantec Protection Engine (SPE) before 7.0.5 HF01, 7.5.x before 7.5.3 HF03, 7.5.4 before HF01, and 7.8.0 before HF01; Symantec Protection for SharePoint Servers (SPSS) 6.0.3 through 6.0.5 before 6.0.5 HF 1.5 and 6.0.6 before HF 1.6; Symantec Mail Security for Microsoft Exchange (SMSMSE) before 7.0_3966002 HF1.1 and 7.5.x before 7.5_3966008 VHF1.2; Symantec Mail Security for Domino (SMSDOM) before 8.0.9 HF1.1 and 8.1.x before 8.1.3 HF1.2; CSAPI before 10.0.4 HF01; Symantec Message Gateway (SMG) before 10.6.1-4; Symantec Message Gateway for Service Providers (SMG-SP) 10.5 before patch 254 and 10.6 before patch 253; Norton AntiVirus, Norton Security, Norton Internet Security, and Norton 360 before NGC 22.7; Norton Security for Mac before 13.0.2; Norton Power Eraser (NPE) before 5.1; and Norton Bootable Removal Tool (NBRT) before 2016.1 allows remote attackers to execute arbitrary code or cause a denial of service (memory access violation) via a crafted ZIP archive that is mishandled during decompression.",t
cve-2016-3247,3/15/2016,"Microsoft Internet Explorer 11 and Microsoft Edge allow remote attackers to execute arbitrary code or cause a denial of service (memory corruption) via a crafted web site, aka ""Microsoft Browser Memory Corruption Vulnerability.""",t
cve-2016-0164,12/4/2015,"Microsoft Internet Explorer 10 and 11 allows remote attackers to execute arbitrary code or cause a denial of service (memory corruption) via a crafted web site, aka ""Internet Explorer Memory Corruption Vulnerability.""",f
cve-2016-1757,1/13/2016,Race condition in the kernel in Apple iOS before 9.3 and OS X before 10.11.4 allows attackers to execute arbitrary code in a privileged context via a crafted app.,t
cve-2016-0063,12/4/2015,"Microsoft Internet Explorer 9 through 11 allows remote attackers to execute arbitrary code or cause a denial of service (memory corruption) via a crafted web site, aka ""Internet Explorer Memory Corruption Vulnerability,"" a different vulnerability than CVE-2016-0060, CVE-2016-0061, CVE-2016-0067, and CVE-2016-0072.",t
cve-2016-3244,3/15/2016,"Microsoft Edge allows remote attackers to bypass the ASLR protection mechanism via a crafted web site, aka ""Microsoft Edge Security Feature Bypass.""",f
cve-2016-7297,9/9/2016,"The scripting engines in Microsoft Edge allow remote attackers to execute arbitrary code or cause a denial of service (memory corruption) via a crafted web site, aka ""Scripting Engine Memory Corruption Vulnerability,"" a different vulnerability than CVE-2016-7286, CVE-2016-7288, and CVE-2016-7296.",f
cve-2016-0191,12/4/2015,"The Chakra JavaScript engine in Microsoft Edge allows remote attackers to execute arbitrary code or cause a denial of service (memory corruption) via a crafted web site, aka ""Scripting Engine Memory Corruption Vulnerability,"" a different vulnerability than CVE-2016-0186 and CVE-2016-0193.",f
cve-2016-4203,4/27/2016,"Adobe Reader and Acrobat before 11.0.17, Acrobat and Acrobat Reader DC Classic before 15.006.30198, and Acrobat and Acrobat Reader DC Continuous before 15.017.20050 on Windows and OS X allow attackers to execute arbitrary code or cause a denial of service (memory corruption) via unspecified vectors, a different vulnerability than CVE-2016-4191, CVE-2016-4192, CVE-2016-4193, CVE-2016-4194, CVE-2016-4195, CVE-2016-4196, CVE-2016-4197, CVE-2016-4198, CVE-2016-4199, CVE-2016-4200, CVE-2016-4201, CVE-2016-4202, CVE-2016-4204, CVE-2016-4205, CVE-2016-4206, CVE-2016-4207, CVE-2016-4208, CVE-2016-4211, CVE-2016-4212, CVE-2016-4213, CVE-2016-4214, CVE-2016-4250, CVE-2016-4251, CVE-2016-4252, and CVE-2016-4254.",t
cve-2016-7858,9/9/2016,"Adobe Flash Player versions 23.0.205 and earlier, 11.2.202.643 and earlier have an exploitable use-after-free vulnerability. Successful exploitation could lead to arbitrary code execution.",f
cve-2016-0124,12/4/2015,"Microsoft Edge allows remote attackers to execute arbitrary code or cause a denial of service (memory corruption) via a crafted web site, aka ""Microsoft Edge Memory Corruption Vulnerability,"" a different vulnerability than CVE-2016-0116, CVE-2016-0123, CVE-2016-0129, and CVE-2016-0130.",f
cve-2016-7201,9/9/2016,"The Chakra JavaScript scripting engine in Microsoft Edge allows remote attackers to execute arbitrary code or cause a denial of service (memory corruption) via a crafted web site, aka ""Scripting Engine Memory Corruption Vulnerability,"" a different vulnerability than CVE-2016-7200, CVE-2016-7202, CVE-2016-7203, CVE-2016-7208, CVE-2016-7240, CVE-2016-7242, and CVE-2016-7243.",t
cve-2016-0158,12/4/2015,"Microsoft Edge allows remote attackers to bypass the Same Origin Policy via unspecified vectors, aka ""Microsoft Edge Elevation of Privilege Vulnerability,"" a different vulnerability than CVE-2016-0161.",f
cve-2015-1747,2/17/2015,"Microsoft Internet Explorer 11 allows remote attackers to execute arbitrary code or cause a denial of service (memory corruption) via a crafted web site, aka ""Internet Explorer Memory Corruption Vulnerability,"" a different vulnerability than CVE-2015-1732, CVE-2015-1742, CVE-2015-1750, and CVE-2015-1753.",f
cve-2016-1016,12/22/2015,"Use-after-free vulnerability in the Transform object implementation in Adobe Flash Player before 18.0.343 and 19.x through 21.x before 21.0.213 on Windows and OS X and before 11.2.202.616 on Linux allows attackers to execute arbitrary code via a flash.geom.Matrix callback, a different vulnerability than CVE-2016-1011, CVE-2016-1013, CVE-2016-1017, and CVE-2016-1031.",f
cve-2016-1010,12/22/2015,"Integer overflow in Adobe Flash Player before 18.0.333 and 19.x through 21.x before 21.0.182 on Windows and OS X and before 11.2.202.577 on Linux, Adobe AIR before 21.0.176, Adobe AIR SDK before 21.0.176, and Adobe AIR SDK & Compiler before 21.0.176 allows attackers to execute arbitrary code via unspecified vectors, a different vulnerability than CVE-2016-0963 and CVE-2016-0993.",f
cve-2015-0325,12/1/2014,"Adobe Flash Player before 13.0.269 and 14.x through 16.x before 16.0.305 on Windows and OS X and before 11.2.202.442 on Linux allows attackers to cause a denial of service (NULL pointer dereference) or possibly have unspecified other impact via unknown vectors, a different vulnerability than CVE-2015-0326 and CVE-2015-0328.",f
cve-2015-1665,2/17/2015,"Microsoft Internet Explorer 11 allows remote attackers to execute arbitrary code or cause a denial of service (memory corruption) via a crafted web site, aka ""Internet Explorer Memory Corruption Vulnerability,"" a different vulnerability than CVE-2015-1659 and CVE-2015-1662.",f
cve-2015-1750,2/17/2015,"Microsoft Internet Explorer 11 allows remote attackers to execute arbitrary code or cause a denial of service (memory corruption) via a crafted web site, aka ""Internet Explorer Memory Corruption Vulnerability,"" a different vulnerability than CVE-2015-1732, CVE-2015-1742, CVE-2015-1747, and CVE-2015-1753.",f
cve-2015-2442,3/19/2015,"Microsoft Internet Explorer 8 through 11 and Edge allow remote attackers to execute arbitrary code or cause a denial of service (memory corruption) via a crafted web site, aka ""Memory Corruption Vulnerability,"" a different vulnerability than CVE-2015-2444.",f
cve-2015-2443,3/19/2015,"Microsoft Internet Explorer 10 and 11 allows remote attackers to execute arbitrary code or cause a denial of service (memory corruption) via a crafted web site, aka ""Memory Corruption Vulnerability.""",f
cve-2016-3304,3/15/2016,"The Windows font library in Microsoft Windows Vista SP2, Windows Server 2008 SP2 and R2 SP1, Windows 7 SP1, Office 2007 SP3, Office 2010 SP2, Word Viewer, Skype for Business 2016, Lync 2013 SP1, Lync 2010, Lync 2010 Attendee, and Live Meeting 2007 Console allows remote attackers to execute arbitrary code via a crafted embedded font, aka ""Windows Graphics Component RCE Vulnerability,"" a different vulnerability than CVE-2016-3303.",t
cve-2016-7203,9/9/2016,"The Chakra JavaScript scripting engine in Microsoft Edge allows remote attackers to execute arbitrary code or cause a denial of service (memory corruption) via a crafted web site, aka ""Scripting Engine Memory Corruption Vulnerability,"" a different vulnerability than CVE-2016-7200, CVE-2016-7201, CVE-2016-7202, CVE-2016-7208, CVE-2016-7240, CVE-2016-7242, and CVE-2016-7243.",t
cve-2016-3242,3/15/2016,"Microsoft Internet Explorer 9 through 11 allows remote attackers to execute arbitrary code or cause a denial of service (memory corruption) via a crafted web site, aka ""Internet Explorer Memory Corruption Vulnerability,"" a different vulnerability than CVE-2016-3240 and CVE-2016-3241.",f
cve-2016-0105,12/4/2015,"Microsoft Internet Explorer 9 through 11 and Microsoft Edge allow remote attackers to execute arbitrary code or cause a denial of service (memory corruption) via a crafted web site, aka ""Microsoft Browser Memory Corruption Vulnerability,"" a different vulnerability than CVE-2016-0107, CVE-2016-0111, CVE-2016-0112, and CVE-2016-0113.",f
cve-2016-0112,12/4/2015,"Microsoft Internet Explorer 9 through 11 allows remote attackers to execute arbitrary code or cause a denial of service (memory corruption) via a crafted web site, aka ""Internet Explorer Memory Corruption Vulnerability,"" a different vulnerability than CVE-2016-0105, CVE-2016-0107, CVE-2016-0111, and CVE-2016-0113.",f
cve-2016-0157,12/4/2015,"Microsoft Edge allows remote attackers to execute arbitrary code or cause a denial of service (memory corruption) via a crafted web site, aka ""Microsoft Edge Memory Corruption Vulnerability,"" a different vulnerability than CVE-2016-0155 and CVE-2016-0156.",f
cve-2015-1651,2/17/2015,"Use-after-free vulnerability in Microsoft Word 2007 SP3, Word Viewer, and Office Compatibility Pack SP3 allows remote attackers to execute arbitrary code via a crafted Office document, aka ""Microsoft Office Component Use After Free Vulnerability.""",f
cve-2016-2211,2/2/2016,"The AntiVirus Decomposer engine in Symantec Advanced Threat Protection (ATP); Symantec Data Center Security:Server (SDCS:S) 6.x through 6.6 MP1; Symantec Web Gateway; Symantec Endpoint Protection (SEP) before 12.1 RU6 MP5; Symantec Endpoint Protection (SEP) for Mac; Symantec Endpoint Protection (SEP) for Linux before 12.1 RU6 MP5; Symantec Protection Engine (SPE) before 7.0.5 HF01, 7.5.x before 7.5.3 HF03, 7.5.4 before HF01, and 7.8.0 before HF01; Symantec Protection for SharePoint Servers (SPSS) 6.0.3 through 6.0.5 before 6.0.5 HF 1.5 and 6.0.6 before HF 1.6; Symantec Mail Security for Microsoft Exchange (SMSMSE) before 7.0_3966002 HF1.1 and 7.5.x before 7.5_3966008 VHF1.2; Symantec Mail Security for Domino (SMSDOM) before 8.0.9 HF1.1 and 8.1.x before 8.1.3 HF1.2; CSAPI before 10.0.4 HF01; Symantec Message Gateway (SMG) before 10.6.1-4; Symantec Message Gateway for Service Providers (SMG-SP) 10.5 before patch 254 and 10.6 before patch 253; Norton AntiVirus, Norton Security, Norton Internet Security, and Norton 360 before NGC 22.7; Norton Security for Mac before 13.0.2; Norton Power Eraser (NPE) before 5.1; and Norton Bootable Removal Tool (NBRT) before 2016.1 allows remote attackers to execute arbitrary code or cause a denial of service (memory corruption) via a crafted CAB file that is mishandled during decompression.",f
cve-2016-3261,3/15/2016,"Microsoft Internet Explorer 11 allows remote attackers to obtain sensitive information via a crafted web site, aka ""Internet Explorer Information Disclosure Vulnerability.""",f
cve-2016-3383,3/15/2016,"Microsoft Internet Explorer 10 and 11 allows remote attackers to execute arbitrary code or cause a denial of service (memory corruption) via a crafted web site, aka ""Microsoft Browser Memory Corruption Vulnerability.""",f
cve-2016-4153,4/27/2016,"Unspecified vulnerability in Adobe Flash Player 21.0.242 and earlier, as used in the Adobe Flash libraries in Microsoft Internet Explorer 10 and 11 and Microsoft Edge, has unknown impact and attack vectors, a different vulnerability than other CVEs listed in MS16-083.",f
cve-2015-4451,6/8/2015,"Adobe Reader and Acrobat 10.x before 10.1.15 and 11.x before 11.0.12, Acrobat and Acrobat Reader DC Classic before 2015.006.30060, and Acrobat and Acrobat Reader DC Continuous before 2015.008.20082 on Windows and OS X allow attackers to bypass JavaScript API execution restrictions via unspecified vectors, a different vulnerability than CVE-2015-4435, CVE-2015-4438, CVE-2015-4441, CVE-2015-4445, CVE-2015-4447, CVE-2015-4452, CVE-2015-5085, and CVE-2015-5086.",f
cve-2016-7857,9/9/2016,"Adobe Flash Player versions 23.0.205 and earlier, 11.2.202.643 and earlier have an exploitable use-after-free vulnerability. Successful exploitation could lead to arbitrary code execution.",f
cve-2016-4117,4/27/2016,"Adobe Flash Player 21.0.226 and earlier allows remote attackers to execute arbitrary code via unspecified vectors, as exploited in the wild in May 2016.",f
cve-2015-8651,12/23/2015,"Integer overflow in Adobe Flash Player before 18.0.324 and 19.x and 20.x before 20.0.267 on Windows and OS X and before 11.2.202.559 on Linux, Adobe AIR before 20.0.233, Adobe AIR SDK before 20.0.233, and Adobe AIR SDK & Compiler before 20.0.233 allows attackers to execute arbitrary code via unspecified vectors.",f
cve-2016-7196,9/9/2016,"Microsoft Internet Explorer 10 and 11 and Microsoft Edge allow remote attackers to execute arbitrary code or cause a denial of service (memory corruption) via a crafted web site, aka ""Microsoft Browser Memory Corruption Vulnerability.""",f
cve-2016-3207,3/15/2016,"The Microsoft (1) JScript 5.8 and (2) VBScript 5.7 and 5.8 engines, as used in Internet Explorer 9 through 11 and other products, allow remote attackers to execute arbitrary code or cause a denial of service (memory corruption) via a crafted web site, aka ""Scripting Engine Memory Corruption Vulnerability,"" a different vulnerability than CVE-2016-3205 and CVE-2016-3206.",f
cve-2015-1635,2/17/2015,"HTTP.sys in Microsoft Windows 7 SP1, Windows Server 2008 R2 SP1, Windows 8, Windows 8.1, and Windows Server 2012 Gold and R2 allows remote attackers to execute arbitrary code via crafted HTTP requests, aka ""HTTP.sys Remote Code Execution Vulnerability.""",f
cve-2016-2208,2/2/2016,The kernel component in Symantec Anti-Virus Engine (AVE) 20151.1 before 20151.1.1.4 allows remote attackers to execute arbitrary code or cause a denial of service (memory access violation and system crash) via a malformed PE header file.,t
cve-2016-4188,4/27/2016,"Adobe Flash Player before 18.0.366 and 19.x through 22.x before 22.0.209 on Windows and OS X and before 11.2.202.632 on Linux allows attackers to execute arbitrary code or cause a denial of service (memory corruption) via unspecified vectors, a different vulnerability than CVE-2016-4172, CVE-2016-4175, CVE-2016-4179, CVE-2016-4180, CVE-2016-4181, CVE-2016-4182, CVE-2016-4183, CVE-2016-4184, CVE-2016-4185, CVE-2016-4186, CVE-2016-4187, CVE-2016-4189, CVE-2016-4190, CVE-2016-4217, CVE-2016-4218, CVE-2016-4219, CVE-2016-4220, CVE-2016-4221, CVE-2016-4233, CVE-2016-4234, CVE-2016-4235, CVE-2016-4236, CVE-2016-4237, CVE-2016-4238, CVE-2016-4239, CVE-2016-4240, CVE-2016-4241, CVE-2016-4242, CVE-2016-4243, CVE-2016-4244, CVE-2016-4245, and CVE-2016-4246.",f
cve-2016-0021,12/4/2015,"Microsoft InfoPath 2007 SP3, 2010 SP2, and 2013 SP1 allows remote attackers to execute arbitrary code via a crafted Office document, aka ""Microsoft Office Memory Corruption Vulnerability.""",f
cve-2016-0022,12/4/2015,"Microsoft Word 2007 SP3, Office 2010 SP2, Word 2010 SP2, Word 2013 SP1, Word 2013 RT SP1, Word 2016, Word for Mac 2011, Word 2016 for Mac, Office Compatibility Pack SP3, Word Viewer, Word Automation Services on SharePoint Server 2013 SP1, Office Web Apps Server 2013 SP1, and SharePoint Server 2013 SP1 allow remote attackers to execute arbitrary code via a crafted Office document, aka ""Microsoft Office Memory Corruption Vulnerability,"" a different vulnerability than CVE-2016-0052.",f
cve-2016-3206,3/15/2016,"The Microsoft (1) JScript 5.8 and (2) VBScript 5.7 and 5.8 engines, as used in Internet Explorer 9 through 11 and other products, allow remote attackers to execute arbitrary code or cause a denial of service (memory corruption) via a crafted web site, aka ""Scripting Engine Memory Corruption Vulnerability,"" a different vulnerability than CVE-2016-3205 and CVE-2016-3207.",f
cve-2016-4150,4/27/2016,"Unspecified vulnerability in Adobe Flash Player 21.0.242 and earlier, as used in the Adobe Flash libraries in Microsoft Internet Explorer 10 and 11 and Microsoft Edge, has unknown impact and attack vectors, a different vulnerability than other CVEs listed in MS16-083.",f
cve-2016-4152,4/27/2016,"Unspecified vulnerability in Adobe Flash Player 21.0.242 and earlier, as used in the Adobe Flash libraries in Microsoft Internet Explorer 10 and 11 and Microsoft Edge, has unknown impact and attack vectors, a different vulnerability than other CVEs listed in MS16-083.",f
cve-2016-4156,4/27/2016,"Unspecified vulnerability in Adobe Flash Player 21.0.242 and earlier, as used in the Adobe Flash libraries in Microsoft Internet Explorer 10 and 11 and Microsoft Edge, has unknown impact and attack vectors, a different vulnerability than other CVEs listed in MS16-083.",f
cve-2016-4154,4/27/2016,"Unspecified vulnerability in Adobe Flash Player 21.0.242 and earlier, as used in the Adobe Flash libraries in Microsoft Internet Explorer 10 and 11 and Microsoft Edge, has unknown impact and attack vectors, a different vulnerability than other CVEs listed in MS16-083.",f
cve-2016-7863,9/9/2016,"Adobe Flash Player versions 23.0.205 and earlier, 11.2.202.643 and earlier have an exploitable use-after-free vulnerability. Successful exploitation could lead to arbitrary code execution.",f
