CVE-ID,MITRE Assign Date,Patch Date,Exploit Date,ZDI Published Date,CVE Description,ZDI Description,Severity Score,In ZDI,Zero Day Exploit,CWE ID,Num of CPE,Num of Refs,Refs,CWE ID_2,CWE ID_4,CWE ID_10,CWE ID_11,CWE ID_12,CWE ID_16,CWE ID_17,CWE ID_19,CWE ID_21,CWE ID_23,CWE ID_24,CWE ID_26,CWE ID_28,CWE ID_30,CWE ID_38,CWE ID_41,CWE ID_42,CWE ID_45,CWE ID_46,CWE ID_48,CWE ID_49,CWE ID_51,CWE ID_53,CWE ID_67,CWE ID_69,CWE ID_74,CWE ID_75,CWE ID_79,CWE ID_84,CWE ID_85,CWE ID_86
cve-2015-0057,11/18/2014,5/14/2019 0:00,12/18/2015 0:00,,win32k.si kernel-mod driver microsoft window server 2003 sp2 window vista sp2 window server 2008 sp2 R2 sp1 window 7 sp1 window 8 window 8.1 window server 2012 gold R2 window RT gold 8.1 allow local user gain privileg via craft applic aka `` win32k elev privileg vulner '',,0.0,False,True,23,12,4,BID XF EXPLOIT-DB ,0.0,0.0,0.0,0.0,0.0,0.0,0.0,0.0,0.0,1.0,0.0,0.0,0.0,0.0,0.0,0.0,0.0,0.0,0.0,0.0,0.0,0.0,0.0,0.0,0.0,0.0,0.0,0.0,0.0,0.0,0.0
cve-2015-0081,11/18/2014,5/14/2019 0:00,3/11/2015 0:00,3/10/2015,window text servic wt microsoft window server 2003 sp2 window vista sp2 window server 2008 sp2 R2 sp1 window 7 sp1 window 8 window 8.1 window server 2012 gold R2 window RT gold 8.1 allow remot attack execut arbitrari code via craft 1 web site 2 file aka `` wt remot code execut vulner '',thi vulner allow remot attack execut arbitrari code vulner instal microsoft window user interact requir exploit vulner target must visit malici page open malici file.th vulner relat window text servic process certain object By open malform document attack forc mscft.dll access memori outsid bound array An attack leverag vulner execut code context current process,6.8,True,True,11,12,3,SECTRACK BID ,0.0,0.0,0.0,1.0,0.0,0.0,0.0,0.0,0.0,0.0,0.0,0.0,0.0,0.0,0.0,0.0,0.0,0.0,0.0,0.0,0.0,0.0,0.0,0.0,0.0,0.0,0.0,0.0,0.0,0.0,0.0
cve-2015-0318,12/1/2014,2/6/2015 0:00,11/25/2014 0:00,,adob flash player 13.0.269 14.x 16.x 16.0.305 window OS X 11.2.202.442 linux allow attack execut arbitrari code caus denial servic memori corrupt via unspecifi vector differ vulner cve-2015-0314 cve-2015-0316 cve-2015-0321 cve-2015-0329 cve-2015-0330,,0.0,False,True,86,19,14,,0.0,0.0,0.0,0.0,0.0,0.0,0.0,0.0,0.0,0.0,0.0,0.0,0.0,0.0,0.0,0.0,0.0,0.0,0.0,0.0,0.0,0.0,0.0,0.0,0.0,0.0,0.0,0.0,0.0,0.0,1.0
cve-2015-0359,12/1/2014,4/15/2015 0:00,4/14/2014 0:00,,doubl free vulner adob flash player 13.0.281 14.x 17.x 17.0.169 window OS X 11.2.202.457 linux allow attack execut arbitrari code via unspecifi vector differ vulner cve-2015-0346,,0.0,False,True,85,20,9,,0.0,0.0,0.0,0.0,0.0,0.0,0.0,0.0,0.0,0.0,0.0,0.0,0.0,0.0,0.0,0.0,0.0,0.0,0.0,0.0,0.0,0.0,0.0,0.0,0.0,0.0,0.0,0.0,0.0,1.0,0.0
cve-2015-1318,1/22/2015,4/20/2015 0:00,4/14/2015 0:00,,the crash report featur apport 2.13 2.17.x 2.17.1 allow local user gain privileg via craft usr/share/apport/apport file namespac contain,,0.0,False,True,23,18,6,,0.0,0.0,0.0,0.0,0.0,0.0,0.0,0.0,0.0,1.0,0.0,0.0,0.0,0.0,0.0,0.0,0.0,0.0,0.0,0.0,0.0,0.0,0.0,0.0,0.0,0.0,0.0,0.0,0.0,0.0,0.0
cve-2015-1427,1/31/2015,2/18/2015 0:00,2/11/2015 0:00,,the groovi script engin elasticsearch 1.3.8 1.4.x 1.4.3 allow remot attack bypass sandbox protect mechan execut arbitrari shell command via craft script,,0.0,False,True,26,5,8,CONFIRM ,0.0,0.0,0.0,0.0,0.0,0.0,0.0,0.0,0.0,0.0,0.0,1.0,0.0,0.0,0.0,0.0,0.0,0.0,0.0,0.0,0.0,0.0,0.0,0.0,0.0,0.0,0.0,0.0,0.0,0.0,0.0
cve-2015-1494,2/5/2015,2/18/2015 0:00,2/16/2015 0:00,,the fancybox wordpress plugin 3.0.3 wordpress properli restrict access allow remot attack conduct cross-sit script xss attack via mfbfw paramet updat action wp-admin/admin-post.php demonstr mfbfw pad paramet exploit wild februari 2015,,0.0,False,True,75,1,8,MISC BID ,0.0,0.0,0.0,0.0,0.0,0.0,0.0,0.0,0.0,0.0,0.0,0.0,0.0,0.0,0.0,0.0,0.0,0.0,0.0,0.0,0.0,0.0,0.0,0.0,0.0,0.0,1.0,0.0,0.0,0.0,0.0
cve-2015-1676,2/17/2015,5/13/2019 0:00,5/18/2015 0:00,5/12/2015,the kernel-mod driver microsoft window server 2003 sp2 window vista sp2 window server 2008 sp2 R2 sp1 window 7 sp1 window 8 window 8.1 window server 2012 gold R2 window RT gold 8.1 allow local user bypass aslr protect mechan via craft function call aka `` microsoft window kernel memori disclosur vulner '' differ vulner cve-2015-1677 cve-2015-1678 cve-2015-1679 cve-2015-1680,thi vulner allow local attack leak sensit inform vulner instal microsoft window user interact requir exploit vulner target must visit malici page open malici file.th specif flaw exist within handl ntusergettitlebarinfo function the issu lie failur sanit buffer return content result leak kernel address An attack leverag togeth anoth vulner achiev code execut system,4.9,True,True,17,12,3,SECTRACK BID ,0.0,0.0,0.0,0.0,0.0,0.0,1.0,0.0,0.0,0.0,0.0,0.0,0.0,0.0,0.0,0.0,0.0,0.0,0.0,0.0,0.0,0.0,0.0,0.0,0.0,0.0,0.0,0.0,0.0,0.0,0.0
cve-2015-1721,2/17/2015,5/14/2019 0:00,9/22/2015 0:00,,the kernel-mod driver microsoft window server 2003 sp2 R2 sp2 window vista sp2 window server 2008 sp2 R2 sp1 window 7 sp1 window 8 window 8.1 window server 2012 gold R2 window RT gold 8.1 allow local user gain privileg caus denial servic null pointer derefer system crash via craft applic aka `` win32k null pointer derefer vulner '',,0.0,False,True,53,13,3,EXPLOIT-DB SECTRACK ,0.0,0.0,0.0,0.0,0.0,0.0,0.0,0.0,0.0,0.0,0.0,0.0,0.0,0.0,0.0,0.0,0.0,0.0,0.0,0.0,0.0,0.0,1.0,0.0,0.0,0.0,0.0,0.0,0.0,0.0,0.0
cve-2015-1722,2/17/2015,5/13/2019 0:00,9/22/2015 0:00,,use-after-fre vulner kernel-mod driver microsoft window server 2003 sp2 R2 sp2 window vista sp2 window server 2008 sp2 R2 sp1 window 7 sp1 window 8 window 8.1 window server 2012 gold R2 window RT gold 8.1 allow local user gain privileg via craft applic aka `` microsoft window kernel bitmap handl use after free vulner '',,0.0,False,True,49,13,4,SECTRACK ,0.0,0.0,0.0,0.0,0.0,0.0,0.0,0.0,0.0,0.0,0.0,0.0,0.0,0.0,0.0,0.0,0.0,0.0,0.0,0.0,1.0,0.0,0.0,0.0,0.0,0.0,0.0,0.0,0.0,0.0,0.0
cve-2015-1723,2/17/2015,5/14/2019 0:00,9/22/2015 0:00,,use-after-fre vulner kernel-mod driver microsoft window server 2003 sp2 R2 sp2 window vista sp2 window server 2008 sp2 R2 sp1 window 7 sp1 window 8 window 8.1 window server 2012 gold R2 window RT gold 8.1 allow local user gain privileg via craft applic aka `` microsoft window station use after free vulner '',,0.0,False,True,49,13,3,EXPLOIT-DB SECTRACK ,0.0,0.0,0.0,0.0,0.0,0.0,0.0,0.0,0.0,0.0,0.0,0.0,0.0,0.0,0.0,0.0,0.0,0.0,0.0,0.0,1.0,0.0,0.0,0.0,0.0,0.0,0.0,0.0,0.0,0.0,0.0
cve-2015-1724,2/17/2015,5/14/2019 0:00,9/22/2015 0:00,,use-after-fre vulner kernel-mod driver microsoft window server 2003 sp2 R2 sp2 window vista sp2 window server 2008 sp2 R2 sp1 window 7 sp1 window 8 window 8.1 window server 2012 gold R2 window RT gold 8.1 allow local user gain privileg via craft applic aka `` microsoft window kernel object use after free vulner '',,0.0,False,True,49,13,3,EXPLOIT-DB SECTRACK ,0.0,0.0,0.0,0.0,0.0,0.0,0.0,0.0,0.0,0.0,0.0,0.0,0.0,0.0,0.0,0.0,0.0,0.0,0.0,0.0,1.0,0.0,0.0,0.0,0.0,0.0,0.0,0.0,0.0,0.0,0.0
cve-2015-1725,2/17/2015,5/15/2019 0:00,9/22/2015 0:00,,buffer overflow kernel-mod driver microsoft window server 2003 sp2 R2 sp2 window vista sp2 window server 2008 sp2 R2 sp1 window 7 sp1 window 8 window 8.1 window server 2012 gold R2 window RT gold 8.1 allow local user gain privileg via craft applic aka `` win32k buffer overflow vulner '',,0.0,False,True,2,13,4,EXPLOIT-DB EXPLOIT-DB SECTRACK ,1.0,0.0,0.0,0.0,0.0,0.0,0.0,0.0,0.0,0.0,0.0,0.0,0.0,0.0,0.0,0.0,0.0,0.0,0.0,0.0,0.0,0.0,0.0,0.0,0.0,0.0,0.0,0.0,0.0,0.0,0.0
cve-2015-1726,2/17/2015,5/15/2019 0:00,9/22/2015 0:00,,use-after-fre vulner kernel-mod driver microsoft window server 2003 sp2 R2 sp2 window vista sp2 window server 2008 sp2 R2 sp1 window 7 sp1 window 8 window 8.1 window server 2012 gold R2 window RT gold 8.1 allow local user gain privileg via craft applic aka `` microsoft window kernel brush object use after free vulner '',,0.0,False,True,49,13,3,EXPLOIT-DB SECTRACK ,0.0,0.0,0.0,0.0,0.0,0.0,0.0,0.0,0.0,0.0,0.0,0.0,0.0,0.0,0.0,0.0,0.0,0.0,0.0,0.0,1.0,0.0,0.0,0.0,0.0,0.0,0.0,0.0,0.0,0.0,0.0
cve-2015-1727,2/17/2015,5/14/2019 0:00,9/22/2015 0:00,,buffer overflow kernel-mod driver microsoft window server 2003 sp2 R2 sp2 window vista sp2 window server 2008 sp2 R2 sp1 window 7 sp1 window 8 window 8.1 window server 2012 gold R2 window RT gold 8.1 allow local user gain privileg via craft applic aka `` win32k pool buffer overflow vulner '',,0.0,False,True,2,13,3,EXPLOIT-DB SECTRACK ,1.0,0.0,0.0,0.0,0.0,0.0,0.0,0.0,0.0,0.0,0.0,0.0,0.0,0.0,0.0,0.0,0.0,0.0,0.0,0.0,0.0,0.0,0.0,0.0,0.0,0.0,0.0,0.0,0.0,0.0,0.0
cve-2015-2342,3/18/2015,10/13/2015 0:00,2/17/2015 0:00,10/2/2015,the jmx rmi servic vmware vcenter server 5.0 u3e 5.1 u3b 5.5 u3 6.0 u1 restrict registr mbean allow remot attack execut arbitrari code via rmi protocol,thi vulner allow remot attack execut arbitrari code vulner instal vmware vcenter server authent requir exploit vulnerability.th specif flaw exist configur jmx remot interfac thi interfac allow remot attack regist attacker-control mbean thi vulner leverag attack gain remot code execut context system,10.0,True,True,85,4,6,,0.0,0.0,0.0,0.0,0.0,0.0,0.0,0.0,0.0,0.0,0.0,0.0,0.0,0.0,0.0,0.0,0.0,0.0,0.0,0.0,0.0,0.0,0.0,0.0,0.0,0.0,0.0,0.0,0.0,1.0,0.0
cve-2015-2432,3/19/2015,5/15/2019 0:00,8/21/2015 0:00,,atmfd.dll window adob type manag librari microsoft window vista sp2 window server 2008 sp2 R2 sp1 window 7 sp1 window 8 window 8.1 window server 2012 gold R2 window RT gold 8.1 allow remot attack execut arbitrari code via craft opentyp font aka `` opentyp font pars vulner '',,0.0,False,True,11,11,3,EXPLOIT-DB SECTRACK ,0.0,0.0,0.0,1.0,0.0,0.0,0.0,0.0,0.0,0.0,0.0,0.0,0.0,0.0,0.0,0.0,0.0,0.0,0.0,0.0,0.0,0.0,0.0,0.0,0.0,0.0,0.0,0.0,0.0,0.0,0.0
cve-2015-2455,3/19/2015,5/15/2019 0:00,8/21/2015 0:00,8/11/2015,microsoft window vista sp2 window server 2008 sp2 R2 sp1 window 7 sp1 window 8 window 8.1 window server 2012 gold R2 window RT gold 8.1 window 10 offic 2007 sp3 2010 sp2 live meet 2007 consol lync 2010 lync 2010 attende lync 2013 sp1 lync basic 2013 sp1 silverlight 5.1.40728 .net framework 3.0 sp2 3.5 3.5.1 4 4.5 4.5.1 4.5.2 4.6 allow remot attack execut arbitrari code via craft truetyp font aka `` truetyp font pars vulner '' differ vulner cve-2015-2456,thi vulner allow remot attack execut arbitrari code vulner instal microsoft window user interact requir exploit vulner target must visit malici page open malici file.th specif flaw exist within process iup instruct opcod 0x31 truetyp font A craft font caus point patch modifi arbitrari address window kernel thi leverag attack run arbitrari code context system,10.0,True,True,16,37,4,BID SECTRACK ,0.0,0.0,0.0,0.0,0.0,1.0,0.0,0.0,0.0,0.0,0.0,0.0,0.0,0.0,0.0,0.0,0.0,0.0,0.0,0.0,0.0,0.0,0.0,0.0,0.0,0.0,0.0,0.0,0.0,0.0,0.0
cve-2015-2456,3/19/2015,5/15/2019 0:00,8/21/2015 0:00,,microsoft window vista sp2 window server 2008 sp2 R2 sp1 window 7 sp1 window 8 window 8.1 window server 2012 gold R2 window RT gold 8.1 window 10 offic 2007 sp3 2010 sp2 live meet 2007 consol lync 2010 lync 2010 attende lync 2013 sp1 lync basic 2013 sp1 silverlight 5.1.40728 .net framework 3.0 sp2 3.5 3.5.1 4 4.5 4.5.1 4.5.2 4.6 allow remot attack execut arbitrari code via craft truetyp font aka `` truetyp font pars vulner '' differ vulner cve-2015-2455,,0.0,False,True,16,37,4,BID SECTRACK ,0.0,0.0,0.0,0.0,0.0,1.0,0.0,0.0,0.0,0.0,0.0,0.0,0.0,0.0,0.0,0.0,0.0,0.0,0.0,0.0,0.0,0.0,0.0,0.0,0.0,0.0,0.0,0.0,0.0,0.0,0.0
cve-2015-2458,3/19/2015,5/14/2019 0:00,8/21/2015 0:00,,atmfd.dll window adob type manag librari microsoft window vista sp2 window server 2008 sp2 R2 sp1 window 7 sp1 window 8 window 8.1 window server 2012 gold R2 window RT gold 8.1 window 10 allow remot attack execut arbitrari code via craft opentyp font aka `` opentyp font pars vulner '' differ vulner cve-2015-2459 cve-2015-2461,,0.0,False,True,16,12,3,SECTRACK ,0.0,0.0,0.0,0.0,0.0,1.0,0.0,0.0,0.0,0.0,0.0,0.0,0.0,0.0,0.0,0.0,0.0,0.0,0.0,0.0,0.0,0.0,0.0,0.0,0.0,0.0,0.0,0.0,0.0,0.0,0.0
cve-2015-2459,3/19/2015,5/17/2019 0:00,8/21/2015 0:00,,atmfd.dll window adob type manag librari microsoft window vista sp2 window server 2008 sp2 R2 sp1 window 7 sp1 window 8 window 8.1 window server 2012 gold R2 window RT gold 8.1 window 10 allow remot attack execut arbitrari code via craft opentyp font aka `` opentyp font pars vulner '' differ vulner cve-2015-2458 cve-2015-2461,,0.0,False,True,16,12,3,SECTRACK ,0.0,0.0,0.0,0.0,0.0,1.0,0.0,0.0,0.0,0.0,0.0,0.0,0.0,0.0,0.0,0.0,0.0,0.0,0.0,0.0,0.0,0.0,0.0,0.0,0.0,0.0,0.0,0.0,0.0,0.0,0.0
cve-2015-2460,3/19/2015,5/17/2019 0:00,8/21/2015 0:00,,atmfd.dll window adob type manag librari microsoft window vista sp2 window server 2008 sp2 R2 sp1 window 7 sp1 window 8 window 8.1 window server 2012 gold R2 window RT gold 8.1 .net framework 3.0 sp2 3.5 3.5.1 4 4.5 4.5.1 4.5.2 4.6 allow remot attack execut arbitrari code via craft opentyp font aka `` opentyp font pars vulner '',,0.0,False,True,16,17,3,SECTRACK ,0.0,0.0,0.0,0.0,0.0,1.0,0.0,0.0,0.0,0.0,0.0,0.0,0.0,0.0,0.0,0.0,0.0,0.0,0.0,0.0,0.0,0.0,0.0,0.0,0.0,0.0,0.0,0.0,0.0,0.0,0.0
cve-2015-2461,3/19/2015,5/14/2019 0:00,8/21/2015 0:00,,atmfd.dll window adob type manag librari microsoft window vista sp2 window server 2008 sp2 R2 sp1 window 7 sp1 window 8 window 8.1 window server 2012 gold R2 window RT gold 8.1 window 10 allow remot attack execut arbitrari code via craft opentyp font aka `` opentyp font pars vulner '' differ vulner cve-2015-2458 cve-2015-2459,,0.0,False,True,16,12,4,BID EXPLOIT-DB SECTRACK ,0.0,0.0,0.0,0.0,0.0,1.0,0.0,0.0,0.0,0.0,0.0,0.0,0.0,0.0,0.0,0.0,0.0,0.0,0.0,0.0,0.0,0.0,0.0,0.0,0.0,0.0,0.0,0.0,0.0,0.0,0.0
cve-2015-2462,3/19/2015,5/15/2019 0:00,8/21/2015 0:00,,atmfd.dll window adob type manag librari microsoft window vista sp2 window server 2008 sp2 R2 sp1 window 7 sp1 window 8 window 8.1 window server 2012 gold R2 window RT gold 8.1 window 10 .net framework 3.0 sp2 3.5 3.5.1 4 4.5 4.5.1 4.5.2 4.6 allow remot attack execut arbitrari code via craft opentyp font aka `` opentyp font pars vulner '',,0.0,False,True,16,29,4,BID SECTRACK ,0.0,0.0,0.0,0.0,0.0,1.0,0.0,0.0,0.0,0.0,0.0,0.0,0.0,0.0,0.0,0.0,0.0,0.0,0.0,0.0,0.0,0.0,0.0,0.0,0.0,0.0,0.0,0.0,0.0,0.0,0.0
cve-2015-2463,3/19/2015,5/15/2019 0:00,8/21/2015 0:00,,microsoft window vista sp2 window server 2008 sp2 R2 sp1 window 7 sp1 window 8 window 8.1 window server 2012 gold R2 window RT gold 8.1 offic 2007 sp3 2010 sp2 live meet 2007 consol lync 2010 lync 2010 attende lync 2013 sp1 lync basic 2013 sp1 silverlight 5.1.40728 .net framework 3.0 sp2 3.5 3.5.1 4 4.5 4.5.1 4.5.2 4.6 allow remot attack execut arbitrari code via craft truetyp font aka `` truetyp font pars vulner '' differ vulner cve-2015-2464,,0.0,False,True,16,35,4,BID SECTRACK ,0.0,0.0,0.0,0.0,0.0,1.0,0.0,0.0,0.0,0.0,0.0,0.0,0.0,0.0,0.0,0.0,0.0,0.0,0.0,0.0,0.0,0.0,0.0,0.0,0.0,0.0,0.0,0.0,0.0,0.0,0.0
cve-2015-2464,3/19/2015,5/15/2019 0:00,8/21/2015 0:00,,microsoft window vista sp2 window server 2008 sp2 R2 sp1 window 7 sp1 window 8 window 8.1 window server 2012 gold R2 window RT gold 8.1 offic 2007 sp3 2010 sp2 live meet 2007 consol lync 2010 lync 2010 attende lync 2013 sp1 lync basic 2013 sp1 silverlight 5.1.40728 .net framework 3.0 sp2 3.5 3.5.1 4 4.5 4.5.1 4.5.2 4.6 allow remot attack execut arbitrari code via craft truetyp font aka `` truetyp font pars vulner '' differ vulner cve-2015-2463,,0.0,False,True,16,36,4,BID SECTRACK ,0.0,0.0,0.0,0.0,0.0,1.0,0.0,0.0,0.0,0.0,0.0,0.0,0.0,0.0,0.0,0.0,0.0,0.0,0.0,0.0,0.0,0.0,0.0,0.0,0.0,0.0,0.0,0.0,0.0,0.0,0.0
cve-2015-2507,3/19/2015,5/15/2019 0:00,9/22/2015 0:00,,the adob type manag librari microsoft window vista sp2 window server 2008 sp2 R2 sp1 window 7 sp1 window 8 window 8.1 window server 2012 gold R2 window RT gold 8.1 window 10 allow local user gain privileg via craft applic aka `` font driver elev privileg vulner '' differ vulner cve-2015-2512,,0.0,False,True,23,12,4,BID SECTRACK ,0.0,0.0,0.0,0.0,0.0,0.0,0.0,0.0,0.0,1.0,0.0,0.0,0.0,0.0,0.0,0.0,0.0,0.0,0.0,0.0,0.0,0.0,0.0,0.0,0.0,0.0,0.0,0.0,0.0,0.0,0.0
cve-2015-2509,3/19/2015,5/15/2019 0:00,9/8/2015 0:00,,window media center microsoft window vista sp2 window 7 sp1 window 8 window 8.1 allow user-assist remot attack execut arbitrari code via craft media center link mcl file aka `` window media center rce vulner '',,0.0,False,True,26,4,6,BID SECTRACK MISC EXPLOIT-DB ,0.0,0.0,0.0,0.0,0.0,0.0,0.0,0.0,0.0,0.0,0.0,1.0,0.0,0.0,0.0,0.0,0.0,0.0,0.0,0.0,0.0,0.0,0.0,0.0,0.0,0.0,0.0,0.0,0.0,0.0,0.0
cve-2015-2511,3/19/2015,5/14/2019 0:00,9/22/2015 0:00,,the kernel-mod driver microsoft window vista sp2 window server 2008 sp2 R2 sp1 window 7 sp1 window 8 window 8.1 window server 2012 gold R2 window RT gold 8.1 window 10 allow local user gain privileg via craft applic aka `` win32k memori corrupt elev privileg vulner '' differ vulner cve-2015-2517 cve-2015-2518 cve-2015-2546,,0.0,False,True,2,12,4,BID SECTRACK EXPLOIT-DB ,1.0,0.0,0.0,0.0,0.0,0.0,0.0,0.0,0.0,0.0,0.0,0.0,0.0,0.0,0.0,0.0,0.0,0.0,0.0,0.0,0.0,0.0,0.0,0.0,0.0,0.0,0.0,0.0,0.0,0.0,0.0
cve-2015-2512,3/19/2015,5/15/2019 0:00,9/22/2015 0:00,,the adob type manag librari microsoft window vista sp2 window server 2008 sp2 R2 sp1 window 7 sp1 window 8 window 8.1 window server 2012 gold R2 window RT gold 8.1 window 10 allow local user gain privileg via craft applic aka `` font driver elev privileg vulner '' differ vulner cve-2015-2507,,0.0,False,True,23,12,4,BID SECTRACK ,0.0,0.0,0.0,0.0,0.0,0.0,0.0,0.0,0.0,1.0,0.0,0.0,0.0,0.0,0.0,0.0,0.0,0.0,0.0,0.0,0.0,0.0,0.0,0.0,0.0,0.0,0.0,0.0,0.0,0.0,0.0
cve-2015-2517,3/19/2015,5/14/2019 0:00,9/22/2015 0:00,,the kernel-mod driver microsoft window vista sp2 window server 2008 sp2 R2 sp1 window 7 sp1 window 8 window 8.1 window server 2012 gold R2 window RT gold 8.1 window 10 allow local user gain privileg via craft applic aka `` win32k memori corrupt elev privileg vulner '' differ vulner cve-2015-2511 cve-2015-2518 cve-2015-2546,,0.0,False,True,23,12,4,BID SECTRACK EXPLOIT-DB ,0.0,0.0,0.0,0.0,0.0,0.0,0.0,0.0,0.0,1.0,0.0,0.0,0.0,0.0,0.0,0.0,0.0,0.0,0.0,0.0,0.0,0.0,0.0,0.0,0.0,0.0,0.0,0.0,0.0,0.0,0.0
cve-2015-2518,3/19/2015,5/14/2019 0:00,9/22/2015 0:00,,the kernel-mod driver microsoft window vista sp2 window server 2008 sp2 R2 sp1 window 7 sp1 window 8 window 8.1 window server 2012 gold R2 window RT gold 8.1 window 10 allow local user gain privileg via craft applic aka `` win32k memori corrupt elev privileg vulner '' differ vulner cve-2015-2511 cve-2015-2517 cve-2015-2546,,0.0,False,True,23,12,4,BID SECTRACK EXPLOIT-DB ,0.0,0.0,0.0,0.0,0.0,0.0,0.0,0.0,0.0,1.0,0.0,0.0,0.0,0.0,0.0,0.0,0.0,0.0,0.0,0.0,0.0,0.0,0.0,0.0,0.0,0.0,0.0,0.0,0.0,0.0,0.0
cve-2015-2524,3/19/2015,5/14/2019 0:00,9/15/2015 0:00,,microsoft window 8 window 8.1 window server 2012 gold R2 window RT gold 8.1 window 10 properli constrain imperson level allow local user gain privileg via craft applic aka `` window task manag elev privileg vulner '' differ vulner cve-2015-2528,,0.0,False,True,23,7,3,SECTRACK ,0.0,0.0,0.0,0.0,0.0,0.0,0.0,0.0,0.0,1.0,0.0,0.0,0.0,0.0,0.0,0.0,0.0,0.0,0.0,0.0,0.0,0.0,0.0,0.0,0.0,0.0,0.0,0.0,0.0,0.0,0.0
cve-2015-2525,3/19/2015,5/14/2019 0:00,9/15/2015 0:00,,task schedul microsoft window vista sp2 window server 2008 sp2 R2 sp1 window 7 sp1 window 8 window 8.1 window server 2012 gold R2 window RT gold 8.1 window 10 allow local user bypass intend filesystem restrict delet arbitrari file via unspecifi vector aka `` window task file delet elev privileg vulner '',,0.0,False,True,23,12,4,BID SECTRACK ,0.0,0.0,0.0,0.0,0.0,0.0,0.0,0.0,0.0,1.0,0.0,0.0,0.0,0.0,0.0,0.0,0.0,0.0,0.0,0.0,0.0,0.0,0.0,0.0,0.0,0.0,0.0,0.0,0.0,0.0,0.0
cve-2015-2527,3/19/2015,5/14/2019 0:00,9/15/2015 0:00,,the process-initi implement win32k.si kernel-mod driver microsoft window 8 window 8.1 window server 2012 gold R2 window RT gold 8.1 window 10 properli constrain imperson level allow local user gain privileg via craft applic aka `` win32k elev privileg vulner '',,0.0,False,True,23,7,4,BID SECTRACK ,0.0,0.0,0.0,0.0,0.0,0.0,0.0,0.0,0.0,1.0,0.0,0.0,0.0,0.0,0.0,0.0,0.0,0.0,0.0,0.0,0.0,0.0,0.0,0.0,0.0,0.0,0.0,0.0,0.0,0.0,0.0
cve-2015-2528,3/19/2015,5/14/2019 0:00,9/15/2015 0:00,,microsoft window 8 window 8.1 window server 2012 gold R2 window RT gold 8.1 window 10 properli constrain imperson level allow local user gain privileg via craft applic aka `` window task manag elev privileg vulner '' differ vulner cve-2015-2524,,0.0,False,True,23,12,4,SECTRACK EXPLOIT-DB ,0.0,0.0,0.0,0.0,0.0,0.0,0.0,0.0,0.0,1.0,0.0,0.0,0.0,0.0,0.0,0.0,0.0,0.0,0.0,0.0,0.0,0.0,0.0,0.0,0.0,0.0,0.0,0.0,0.0,0.0,0.0
cve-2015-2553,3/19/2015,5/15/2019 0:00,10/15/2015 0:00,,the kernel microsoft window vista sp2 window server 2008 sp2 R2 sp1 window 7 sp1 window 8 window 8.1 window server 2012 gold R2 window RT gold 8.1 window 10 mishandl junction mountpoint creation make easier local user gain privileg leverag certain sandbox access aka `` window mount point elev privileg vulner '',,0.0,False,True,23,12,4,MISC SECTRACK ,0.0,0.0,0.0,0.0,0.0,0.0,0.0,0.0,0.0,1.0,0.0,0.0,0.0,0.0,0.0,0.0,0.0,0.0,0.0,0.0,0.0,0.0,0.0,0.0,0.0,0.0,0.0,0.0,0.0,0.0,0.0
cve-2015-2554,3/19/2015,5/15/2019 0:00,10/30/2015 0:00,,the kernel microsoft window 8 window 8.1 window server 2012 gold R2 window RT gold 8.1 window 10 allow local user gain privileg via craft applic aka `` window object refer elev privileg vulner '',,0.0,False,True,23,12,4,BID SECTRACK ,0.0,0.0,0.0,0.0,0.0,0.0,0.0,0.0,0.0,1.0,0.0,0.0,0.0,0.0,0.0,0.0,0.0,0.0,0.0,0.0,0.0,0.0,0.0,0.0,0.0,0.0,0.0,0.0,0.0,0.0,0.0
cve-2015-2794,3/30/2015,2/9/2017 0:00,5/6/2016 0:00,,the instal wizard dotnetnuk dnn 7.4.1 allow remot attack reinstal applic gain superus access via direct request install/installwizard.aspx,,0.0,False,True,23,1,5,CONFIRM CONFIRM ,0.0,0.0,0.0,0.0,0.0,0.0,0.0,0.0,0.0,1.0,0.0,0.0,0.0,0.0,0.0,0.0,0.0,0.0,0.0,0.0,0.0,0.0,0.0,0.0,0.0,0.0,0.0,0.0,0.0,0.0,0.0
cve-2015-2824,4/1/2015,8/6/2015 0:00,4/2/2015 0:00,,multipl sql inject vulner simpl ad manag plugin 2.7.97 wordpress allow remot attack execut arbitrari sql command via 1 hit paramet sam_hit action sam-ajax.php 2 cstr paramet load_post action sam-ajax-admin.php 3 searchterm paramet load_combo_data action sam-ajax-admin.php 4 subscrib 5 contributor 6 author 7 editor 8 admin 9 sadmin paramet load_us action sam-ajax-admin.php,,0.0,False,True,79,2,10,,0.0,0.0,0.0,0.0,0.0,0.0,0.0,0.0,0.0,0.0,0.0,0.0,0.0,0.0,0.0,0.0,0.0,0.0,0.0,0.0,0.0,0.0,0.0,0.0,0.0,0.0,0.0,1.0,0.0,0.0,0.0
cve-2015-3090,4/9/2015,5/14/2015 0:00,5/12/2015 0:00,,adob flash player 13.0.289 14.x 17.x 17.0.188 window OS X 11.2.202.460 linux adob air 17.0.172 adob air sdk 17.0.172 adob air sdk compil 17.0.172 allow attack execut arbitrari code caus denial servic memori corrupt via unspecifi vector differ vulner cve-2015-3078 cve-2015-3089 cve-2015-3093,,0.0,False,True,2,24,8,,1.0,0.0,0.0,0.0,0.0,0.0,0.0,0.0,0.0,0.0,0.0,0.0,0.0,0.0,0.0,0.0,0.0,0.0,0.0,0.0,0.0,0.0,0.0,0.0,0.0,0.0,0.0,0.0,0.0,0.0,0.0
cve-2015-3105,4/9/2015,6/10/2015 0:00,5/12/2015 0:00,,adob flash player 13.0.292 14.x 18.x 18.0.160 window OS X 11.2.202.466 linux adob air 18.0.144 window 18.0.143 OS X android adob air sdk 18.0.144 window 18.0.143 OS X adob air sdk compil 18.0.144 window 18.0.143 OS X allow attack execut arbitrari code caus denial servic memori corrupt via unspecifi vector,,0.0,False,True,2,29,8,,1.0,0.0,0.0,0.0,0.0,0.0,0.0,0.0,0.0,0.0,0.0,0.0,0.0,0.0,0.0,0.0,0.0,0.0,0.0,0.0,0.0,0.0,0.0,0.0,0.0,0.0,0.0,0.0,0.0,0.0,0.0
cve-2015-3440,4/28/2015,8/3/2015 0:00,4/27/2015 0:00,,cross-sit script xss vulner wp-includes/wp-db.php wordpress 4.2.1 allow remot attack inject arbitrari web script html via long comment improperli store limit mysql text data type,,0.0,False,True,75,3,15,,0.0,0.0,0.0,0.0,0.0,0.0,0.0,0.0,0.0,0.0,0.0,0.0,0.0,0.0,0.0,0.0,0.0,0.0,0.0,0.0,0.0,0.0,0.0,0.0,0.0,0.0,1.0,0.0,0.0,0.0,0.0
cve-2015-4018,5/18/2015,5/22/2015 0:00,5/20/2015 0:00,,sql inject vulner feedwordpresssyndicationpage.class.php feedwordpress plugin 2015.0514 wordpress allow remot authent user execut arbitrari sql command via link_id paramet updat action syndication.php page wp-admin/admin.php,,0.0,False,True,79,1,4,,0.0,0.0,0.0,0.0,0.0,0.0,0.0,0.0,0.0,0.0,0.0,0.0,0.0,0.0,0.0,0.0,0.0,0.0,0.0,0.0,0.0,0.0,0.0,0.0,0.0,0.0,0.0,1.0,0.0,0.0,0.0
cve-2015-4062,5/22/2015,5/28/2015 0:00,5/26/2015 0:00,,sql inject vulner includes/nsp_search.php newstatpress plugin 0.9.9 wordpress allow remot authent user execut arbitrari sql command via where1 paramet nsp_search page wp-admin/admin.php,,0.0,False,True,79,1,4,,0.0,0.0,0.0,0.0,0.0,0.0,0.0,0.0,0.0,0.0,0.0,0.0,0.0,0.0,0.0,0.0,0.0,0.0,0.0,0.0,0.0,0.0,0.0,0.0,0.0,0.0,0.0,1.0,0.0,0.0,0.0
cve-2015-4064,5/22/2015,5/28/2015 0:00,5/26/2015 0:00,,sql inject vulner modules/module.ab-testing.php land page plugin 1.8.5 wordpress allow remot authent user execut arbitrari sql command via post paramet edit delete-vari action wp-admin/post.php,,0.0,False,True,79,1,4,,0.0,0.0,0.0,0.0,0.0,0.0,0.0,0.0,0.0,0.0,0.0,0.0,0.0,0.0,0.0,0.0,0.0,0.0,0.0,0.0,0.0,0.0,0.0,0.0,0.0,0.0,0.0,1.0,0.0,0.0,0.0
cve-2015-4066,5/22/2015,5/28/2015 0:00,5/26/2015 0:00,,multipl sql inject vulner admin/handlers.php gigpress plugin 2.3.9 wordpress allow remot authent user execut arbitrari sql command via 1 show_artist_id 2 show_venue_id paramet add action gigpress.php page wp-admin/admin.php,,0.0,False,True,79,1,4,,0.0,0.0,0.0,0.0,0.0,0.0,0.0,0.0,0.0,0.0,0.0,0.0,0.0,0.0,0.0,0.0,0.0,0.0,0.0,0.0,0.0,0.0,0.0,0.0,0.0,0.0,0.0,1.0,0.0,0.0,0.0
cve-2015-4133,5/28/2015,5/29/2015 0:00,4/21/2015 0:00,,unrestrict file upload vulner admin/scripts/fileuploader/php.php reflex galleri plugin 3.1.4 wordpress allow remot attack execut arbitrari php code upload file php extens access via direct request file uploads/ directori,,0.0,False,True,85,1,7,,0.0,0.0,0.0,0.0,0.0,0.0,0.0,0.0,0.0,0.0,0.0,0.0,0.0,0.0,0.0,0.0,0.0,0.0,0.0,0.0,0.0,0.0,0.0,0.0,0.0,0.0,0.0,0.0,0.0,1.0,0.0
cve-2015-5065,6/24/2015,6/24/2015 0:00,6/10/2015 0:00,,absolut path travers vulner proxy.php googl currenc lookup paypal currenc convert basic for woocommerc plugin 1.4 wordpress allow remot attack read arbitrari file via full pathnam requrl paramet,,0.0,False,True,19,1,5,CONFIRM BID ,0.0,0.0,0.0,0.0,0.0,0.0,0.0,1.0,0.0,0.0,0.0,0.0,0.0,0.0,0.0,0.0,0.0,0.0,0.0,0.0,0.0,0.0,0.0,0.0,0.0,0.0,0.0,0.0,0.0,0.0,0.0
cve-2015-5471,7/10/2015,1/20/2016 0:00,7/13/2015 0:00,,absolut path travers vulner include/user/download.php swim team plugin 1.44.10777 wordpress allow remot attack read arbitrari file via full pathnam file paramet,,0.0,False,True,19,1,6,,0.0,0.0,0.0,0.0,0.0,0.0,0.0,1.0,0.0,0.0,0.0,0.0,0.0,0.0,0.0,0.0,0.0,0.0,0.0,0.0,0.0,0.0,0.0,0.0,0.0,0.0,0.0,0.0,0.0,0.0,0.0
cve-2015-6100,8/14/2015,5/15/2019 0:00,11/23/2015 0:00,,the kernel microsoft window vista sp2 window server 2008 sp2 R2 sp1 window 7 sp1 window 8 window 8.1 window server 2012 gold R2 window RT gold 8.1 window 10 gold 1511 allow local user gain privileg via craft applic aka `` window kernel memori elev privileg vulner '' differ vulner cve-2015-6101,,0.0,False,True,23,13,4,SECTRACK ,0.0,0.0,0.0,0.0,0.0,0.0,0.0,0.0,0.0,1.0,0.0,0.0,0.0,0.0,0.0,0.0,0.0,0.0,0.0,0.0,0.0,0.0,0.0,0.0,0.0,0.0,0.0,0.0,0.0,0.0,0.0
cve-2015-6101,8/14/2015,5/15/2019 0:00,11/23/2015 0:00,,the kernel microsoft window vista sp2 window server 2008 sp2 R2 sp1 window 7 sp1 window 8 window 8.1 window server 2012 gold R2 window RT gold 8.1 window 10 gold 1511 allow local user gain privileg via craft applic aka `` window kernel memori elev privileg vulner '' differ vulner cve-2015-6100,,0.0,False,True,23,13,3,SECTRACK ,0.0,0.0,0.0,0.0,0.0,0.0,0.0,0.0,0.0,1.0,0.0,0.0,0.0,0.0,0.0,0.0,0.0,0.0,0.0,0.0,0.0,0.0,0.0,0.0,0.0,0.0,0.0,0.0,0.0,0.0,0.0
cve-2015-6102,8/14/2015,5/16/2019 0:00,11/23/2015 0:00,,the kernel microsoft window vista sp2 window server 2008 sp2 R2 sp1 window 7 sp1 window 8 window 8.1 window server 2012 gold R2 window RT gold 8.1 window 10 gold 1511 allow local user bypass kaslr protect mechan consequ discov driver base address via craft applic aka `` window kernel memori inform disclosur vulner '',,0.0,False,True,17,13,4,MISC SECTRACK EXPLOIT-DB ,0.0,0.0,0.0,0.0,0.0,0.0,1.0,0.0,0.0,0.0,0.0,0.0,0.0,0.0,0.0,0.0,0.0,0.0,0.0,0.0,0.0,0.0,0.0,0.0,0.0,0.0,0.0,0.0,0.0,0.0,0.0
cve-2015-6103,8/14/2015,5/17/2019 0:00,11/16/2015 0:00,,the adob type manag librari microsoft window vista sp2 window server 2008 sp2 R2 sp1 window 7 sp1 window 8 window 8.1 window server 2012 gold R2 window RT gold 8.1 window 10 gold 1511 allow remot attack execut arbitrari code via craft embed font aka `` window graphic memori remot code execut vulner '' differ vulner cve-2015-6104,,0.0,False,True,16,13,5,MISC SECTRACK ,0.0,0.0,0.0,0.0,0.0,1.0,0.0,0.0,0.0,0.0,0.0,0.0,0.0,0.0,0.0,0.0,0.0,0.0,0.0,0.0,0.0,0.0,0.0,0.0,0.0,0.0,0.0,0.0,0.0,0.0,0.0
cve-2015-6104,8/14/2015,5/17/2019 0:00,11/16/2015 0:00,,the adob type manag librari microsoft window vista sp2 window server 2008 sp2 R2 sp1 window 7 sp1 window 8 window 8.1 window server 2012 gold R2 window RT gold 8.1 window 10 gold 1511 allow remot attack execut arbitrari code via craft embed font aka `` window graphic memori remot code execut vulner '' differ vulner cve-2015-6103,,0.0,False,True,16,13,5,MISC SECTRACK ,0.0,0.0,0.0,0.0,0.0,1.0,0.0,0.0,0.0,0.0,0.0,0.0,0.0,0.0,0.0,0.0,0.0,0.0,0.0,0.0,0.0,0.0,0.0,0.0,0.0,0.0,0.0,0.0,0.0,0.0,0.0
cve-2015-6132,8/14/2015,5/15/2019 0:00,12/14/2015 0:00,,microsoft window vista sp2 window server 2008 sp2 R2 sp1 window 7 sp1 window 8 window 8.1 window server 2012 gold R2 window RT gold 8.1 window 10 gold 1511 mishandl librari load allow local user gain privileg via craft applic aka `` window librari load remot code execut vulner '',,0.0,False,True,23,13,3,SECTRACK ,0.0,0.0,0.0,0.0,0.0,0.0,0.0,0.0,0.0,1.0,0.0,0.0,0.0,0.0,0.0,0.0,0.0,0.0,0.0,0.0,0.0,0.0,0.0,0.0,0.0,0.0,0.0,0.0,0.0,0.0,0.0
cve-2015-6171,8/14/2015,5/15/2019 0:00,12/17/2015 0:00,,the kernel microsoft window vista sp2 window server 2008 sp2 R2 sp1 window 7 sp1 window 8 window 8.1 window server 2012 gold R2 window RT gold 8.1 window 10 gold 1511 allow local user gain privileg via craft applic aka `` window kernel memori elev privileg vulner '' differ vulner cve-2015-6173 cve-2015-6174,,0.0,False,True,23,13,2,SECTRACK ,0.0,0.0,0.0,0.0,0.0,0.0,0.0,0.0,0.0,1.0,0.0,0.0,0.0,0.0,0.0,0.0,0.0,0.0,0.0,0.0,0.0,0.0,0.0,0.0,0.0,0.0,0.0,0.0,0.0,0.0,0.0
cve-2015-6173,8/14/2015,5/15/2019 0:00,12/17/2015 0:00,,the kernel microsoft window vista sp2 window server 2008 sp2 R2 sp1 window 7 sp1 window 8 window 8.1 window server 2012 gold R2 window RT gold 8.1 window 10 gold 1511 allow local user gain privileg via craft applic aka `` window kernel memori elev privileg vulner '' differ vulner cve-2015-6171 cve-2015-6174,,0.0,False,True,23,13,2,SECTRACK ,0.0,0.0,0.0,0.0,0.0,0.0,0.0,0.0,0.0,1.0,0.0,0.0,0.0,0.0,0.0,0.0,0.0,0.0,0.0,0.0,0.0,0.0,0.0,0.0,0.0,0.0,0.0,0.0,0.0,0.0,0.0
cve-2015-6174,8/14/2015,5/15/2019 0:00,12/17/2015 0:00,,the kernel microsoft window vista sp2 window server 2008 sp2 R2 sp1 window 7 sp1 window 8 window 8.1 window server 2012 gold R2 window RT gold 8.1 window 10 gold 1511 allow local user gain privileg via craft applic aka `` window kernel memori elev privileg vulner '' differ vulner cve-2015-6171 cve-2015-6173,,0.0,False,True,23,13,2,SECTRACK ,0.0,0.0,0.0,0.0,0.0,0.0,0.0,0.0,0.0,1.0,0.0,0.0,0.0,0.0,0.0,0.0,0.0,0.0,0.0,0.0,0.0,0.0,0.0,0.0,0.0,0.0,0.0,0.0,0.0,0.0,0.0
cve-2015-6809,9/4/2015,9/4/2015 0:00,9/1/2015 0:00,,multipl cross-sit script xss vulner bedita 3.6.0 allow remot attack inject arbitrari web script html via 1 cfg projectnam paramet index.php/admin/saveconfig 2 data stats_provider_url paramet index.php/areas/savearea 3 data descript paramet index.php/areas/savesect,,0.0,False,True,75,1,3,,0.0,0.0,0.0,0.0,0.0,0.0,0.0,0.0,0.0,0.0,0.0,0.0,0.0,0.0,0.0,0.0,0.0,0.0,0.0,0.0,0.0,0.0,0.0,0.0,0.0,0.0,1.0,0.0,0.0,0.0,0.0
cve-2015-7309,9/22/2015,9/23/2015 0:00,9/15/2015 0:00,,the theme editor bolt 2.2.5 check file extens renam file allow remot authent user execut arbitrari code renam craft file directli access,,0.0,False,True,67,1,6,,0.0,0.0,0.0,0.0,0.0,0.0,0.0,0.0,0.0,0.0,0.0,0.0,0.0,0.0,0.0,0.0,0.0,0.0,0.0,0.0,0.0,0.0,0.0,1.0,0.0,0.0,0.0,0.0,0.0,0.0,0.0
cve-2015-7547,9/29/2015,4/25/2016 0:00,2/16/2016 0:00,,multipl stack-bas buffer overflow 1 send_dg 2 send_vc function libresolv librari gnu C librari aka glibc libc6 2.23 allow remot attack caus denial servic crash possibl execut arbitrari code via craft dn respons trigger call getaddrinfo function af_unspec af_inet6 address famili relat perform `` dual a/aaaa dn queri '' libnss_dns.so.2 nss modul,,0.0,False,True,2,68,73,UBUNTU CONFIRM CONFIRM MLIST CONFIRM CONFIRM CONFIRM CONFIRM CONFIRM REDHAT SUSE SUSE SUSE SUSE DEBIAN SUSE GENTOO CONFIRM CONFIRM CONFIRM SUSE SUSE CONFIRM CONFIRM CONFIRM CONFIRM CONFIRM ,1.0,0.0,0.0,0.0,0.0,0.0,0.0,0.0,0.0,0.0,0.0,0.0,0.0,0.0,0.0,0.0,0.0,0.0,0.0,0.0,0.0,0.0,0.0,0.0,0.0,0.0,0.0,0.0,0.0,0.0,0.0
cve-2015-7562,9/29/2015,4/20/2017 0:00,3/14/2016 0:00,,multipl cross-sit script xss vulner teampass 2.1.24 earlier allow remot attack inject arbitrari web script html via 1 label valu item 2 name role,,0.0,False,True,75,1,2,,0.0,0.0,0.0,0.0,0.0,0.0,0.0,0.0,0.0,0.0,0.0,0.0,0.0,0.0,0.0,0.0,0.0,0.0,0.0,0.0,0.0,0.0,0.0,0.0,0.0,0.0,1.0,0.0,0.0,0.0,0.0
cve-2015-8309,11/20/2015,3/29/2017 0:00,9/13/2016 0:00,,directori travers vulner cherri music 0.36.0 allow remot authent user read arbitrari file via `` valu '' paramet `` download '',,0.0,False,True,19,1,5,CONFIRM CONFIRM ,0.0,0.0,0.0,0.0,0.0,0.0,0.0,1.0,0.0,0.0,0.0,0.0,0.0,0.0,0.0,0.0,0.0,0.0,0.0,0.0,0.0,0.0,0.0,0.0,0.0,0.0,0.0,0.0,0.0,0.0,0.0
cve-2016-0006,12/4/2015,5/17/2019 0:00,1/25/2016 0:00,,the sandbox implement microsoft window vista sp2 window server 2008 sp2 R2 sp1 window 7 sp1 window 8 window 8.1 window server 2012 gold R2 window RT gold 8.1 window 10 gold 1511 mishandl repars point allow local user gain privileg via craft applic aka `` window mount point elev privileg vulner '' differ vulner cve-2016-0007,,0.0,False,True,23,13,4,BID SECTRACK ,0.0,0.0,0.0,0.0,0.0,0.0,0.0,0.0,0.0,1.0,0.0,0.0,0.0,0.0,0.0,0.0,0.0,0.0,0.0,0.0,0.0,0.0,0.0,0.0,0.0,0.0,0.0,0.0,0.0,0.0,0.0
cve-2016-0007,12/4/2015,5/17/2019 0:00,1/25/2016 0:00,,the sandbox implement microsoft window vista sp2 window server 2008 sp2 R2 sp1 window 7 sp1 window 8 window 8.1 window server 2012 gold R2 window RT gold 8.1 window 10 gold 1511 mishandl repars point allow local user gain privileg via craft applic aka `` window mount point elev privileg vulner '' differ vulner cve-2016-0006,,0.0,False,True,23,13,6,BID SECTRACK ,0.0,0.0,0.0,0.0,0.0,0.0,0.0,0.0,0.0,1.0,0.0,0.0,0.0,0.0,0.0,0.0,0.0,0.0,0.0,0.0,0.0,0.0,0.0,0.0,0.0,0.0,0.0,0.0,0.0,0.0,0.0
cve-2016-0016,12/4/2015,5/15/2019 0:00,1/13/2016 0:00,,microsoft window vista sp2 window server 2008 sp2 R2 sp1 window 7 sp1 window 8 window 8.1 window server 2012 gold R2 window RT gold 8.1 window 10 gold 1511 mishandl dll load allow local user gain privileg via craft applic aka `` dll load remot code execut vulner '',,0.0,False,True,51,13,4,SECTRACK ,0.0,0.0,0.0,0.0,0.0,0.0,0.0,0.0,0.0,0.0,0.0,0.0,0.0,0.0,0.0,0.0,0.0,0.0,0.0,0.0,0.0,1.0,0.0,0.0,0.0,0.0,0.0,0.0,0.0,0.0,0.0
cve-2016-0491,12/9/2015,6/7/2016 0:00,4/13/2016 0:00,1/25/2016,unspecifi vulner oracl applic test suit compon oracl enterpris manag grid control 12.4.0.2 12.5.0.2 allow remot attack affect integr avail via unknown vector relat load test web app note previou inform januari 2016 cpu oracl comment third-parti claim uploadfileact servlet allow remot authent user upload execut arbitrari file via asterisk charact filetyp paramet,thi vulner allow remot attack execut arbitrari code vulner instal oracl applic test suit authent requir bypassed.th specif vulner uploadfileact servlet By provid filetyp paramet `` '' attack abl upload file arbitrari locat system An attack could leverag execut arbitrari code context system,9.0,True,True,86,2,8,MISC BID MISC SECTRACK ,0.0,0.0,0.0,0.0,0.0,0.0,0.0,0.0,0.0,0.0,0.0,0.0,0.0,0.0,0.0,0.0,0.0,0.0,0.0,0.0,0.0,0.0,0.0,0.0,0.0,0.0,0.0,0.0,0.0,0.0,1.0
cve-2016-0846,12/16/2015,4/20/2016 0:00,4/11/2016 0:00,,libs/binder/imemory.cpp imemori nativ interfac android 4.x 4.4.4 5.0.x 5.0.2 5.1.x 5.1.1 6.x 2016-04-01 properli consid heap size allow attack gain privileg via craft applic demonstr obtain signatur signatureorsystem access aka intern bug 26877992,,0.0,False,True,23,22,3,,0.0,0.0,0.0,0.0,0.0,0.0,0.0,0.0,0.0,1.0,0.0,0.0,0.0,0.0,0.0,0.0,0.0,0.0,0.0,0.0,0.0,0.0,0.0,0.0,0.0,0.0,0.0,0.0,0.0,0.0,0.0
cve-2016-0951,12/22/2015,2/18/2016 0:00,2/9/2016 0:00,,adob photoshop CC 2014 15.2.4 photoshop CC 2015 16.1.2 bridg CC 6.2 allow attack execut arbitrari code caus denial servic memori corrupt via unspecifi vector differ vulner cve-2016-0952 cve-2016-0953,,0.0,False,True,2,4,3,,1.0,0.0,0.0,0.0,0.0,0.0,0.0,0.0,0.0,0.0,0.0,0.0,0.0,0.0,0.0,0.0,0.0,0.0,0.0,0.0,0.0,0.0,0.0,0.0,0.0,0.0,0.0,0.0,0.0,0.0,0.0
cve-2016-0952,12/22/2015,2/18/2016 0:00,2/9/2016 0:00,,adob photoshop CC 2014 15.2.4 photoshop CC 2015 16.1.2 bridg CC 6.2 allow attack execut arbitrari code caus denial servic memori corrupt via unspecifi vector differ vulner cve-2016-0951 cve-2016-0953,,0.0,False,True,2,4,3,,1.0,0.0,0.0,0.0,0.0,0.0,0.0,0.0,0.0,0.0,0.0,0.0,0.0,0.0,0.0,0.0,0.0,0.0,0.0,0.0,0.0,0.0,0.0,0.0,0.0,0.0,0.0,0.0,0.0,0.0,0.0
cve-2016-0953,12/22/2015,2/18/2016 0:00,2/9/2016 0:00,,adob photoshop CC 2014 15.2.4 photoshop CC 2015 16.1.2 bridg CC 6.2 allow attack execut arbitrari code caus denial servic memori corrupt via unspecifi vector differ vulner cve-2016-0951 cve-2016-0952,,0.0,False,True,2,4,3,,1.0,0.0,0.0,0.0,0.0,0.0,0.0,0.0,0.0,0.0,0.0,0.0,0.0,0.0,0.0,0.0,0.0,0.0,0.0,0.0,0.0,0.0,0.0,0.0,0.0,0.0,0.0,0.0,0.0,0.0,0.0
cve-2016-0954,12/22/2015,3/14/2016 0:00,3/9/2016 0:00,,adob digit edit 4.5.1 allow attack execut arbitrari code caus denial servic memori corrupt via unspecifi vector,,0.0,False,True,2,1,4,,1.0,0.0,0.0,0.0,0.0,0.0,0.0,0.0,0.0,0.0,0.0,0.0,0.0,0.0,0.0,0.0,0.0,0.0,0.0,0.0,0.0,0.0,0.0,0.0,0.0,0.0,0.0,0.0,0.0,0.0,0.0
cve-2016-0956,12/22/2015,2/18/2016 0:00,2/10/2016 0:00,,the servlet post compon 2.3.6 apach sling use adob experi manag 5.6.1 6.0 6.1 allow remot attack obtain sensit inform via unspecifi vector,,0.0,False,True,17,7,5,,0.0,0.0,0.0,0.0,0.0,0.0,1.0,0.0,0.0,0.0,0.0,0.0,0.0,0.0,0.0,0.0,0.0,0.0,0.0,0.0,0.0,0.0,0.0,0.0,0.0,0.0,0.0,0.0,0.0,0.0,0.0
cve-2016-0964,12/22/2015,2/17/2016 0:00,2/17/2016 0:00,,adob flash player 18.0.329 19.x 20.x 20.0.306 window OS X 11.2.202.569 linux adob air 20.0.260 adob air sdk 20.0.260 adob air sdk compil 20.0.260 allow attack execut arbitrari code caus denial servic memori corrupt via unspecifi vector differ vulner cve-2016-0965 cve-2016-0966 cve-2016-0967 cve-2016-0968 cve-2016-0969 cve-2016-0970 cve-2016-0972 cve-2016-0976 cve-2016-0977 cve-2016-0978 cve-2016-0979 cve-2016-0980 cve-2016-0981,,0.0,False,True,2,22,9,,1.0,0.0,0.0,0.0,0.0,0.0,0.0,0.0,0.0,0.0,0.0,0.0,0.0,0.0,0.0,0.0,0.0,0.0,0.0,0.0,0.0,0.0,0.0,0.0,0.0,0.0,0.0,0.0,0.0,0.0,0.0
cve-2016-0965,12/22/2015,2/17/2016 0:00,2/17/2016 0:00,,adob flash player 18.0.329 19.x 20.x 20.0.306 window OS X 11.2.202.569 linux adob air 20.0.260 adob air sdk 20.0.260 adob air sdk compil 20.0.260 allow attack execut arbitrari code caus denial servic memori corrupt via unspecifi vector differ vulner cve-2016-0964 cve-2016-0966 cve-2016-0967 cve-2016-0968 cve-2016-0969 cve-2016-0970 cve-2016-0972 cve-2016-0976 cve-2016-0977 cve-2016-0978 cve-2016-0979 cve-2016-0980 cve-2016-0981,,0.0,False,True,2,22,9,,1.0,0.0,0.0,0.0,0.0,0.0,0.0,0.0,0.0,0.0,0.0,0.0,0.0,0.0,0.0,0.0,0.0,0.0,0.0,0.0,0.0,0.0,0.0,0.0,0.0,0.0,0.0,0.0,0.0,0.0,0.0
cve-2016-0967,12/22/2015,2/17/2016 0:00,2/17/2016 0:00,,adob flash player 18.0.329 19.x 20.x 20.0.306 window OS X 11.2.202.569 linux adob air 20.0.260 adob air sdk 20.0.260 adob air sdk compil 20.0.260 allow attack execut arbitrari code caus denial servic memori corrupt via unspecifi vector differ vulner cve-2016-0964 cve-2016-0965 cve-2016-0966 cve-2016-0968 cve-2016-0969 cve-2016-0970 cve-2016-0972 cve-2016-0976 cve-2016-0977 cve-2016-0978 cve-2016-0979 cve-2016-0980 cve-2016-0981,,0.0,False,True,2,22,9,,1.0,0.0,0.0,0.0,0.0,0.0,0.0,0.0,0.0,0.0,0.0,0.0,0.0,0.0,0.0,0.0,0.0,0.0,0.0,0.0,0.0,0.0,0.0,0.0,0.0,0.0,0.0,0.0,0.0,0.0,0.0
cve-2016-0971,12/22/2015,2/17/2016 0:00,2/17/2016 0:00,,heap-bas buffer overflow adob flash player 18.0.329 19.x 20.x 20.0.306 window OS X 11.2.202.569 linux adob air 20.0.260 adob air sdk 20.0.260 adob air sdk compil 20.0.260 allow attack execut arbitrari code via unspecifi vector,,0.0,False,True,2,22,9,,1.0,0.0,0.0,0.0,0.0,0.0,0.0,0.0,0.0,0.0,0.0,0.0,0.0,0.0,0.0,0.0,0.0,0.0,0.0,0.0,0.0,0.0,0.0,0.0,0.0,0.0,0.0,0.0,0.0,0.0,0.0
cve-2016-0974,12/22/2015,2/17/2016 0:00,2/17/2016 0:00,,use-after-fre vulner adob flash player 18.0.329 19.x 20.x 20.0.306 window OS X 11.2.202.569 linux adob air 20.0.260 adob air sdk 20.0.260 adob air sdk compil 20.0.260 allow attack execut arbitrari code via unspecifi vector differ vulner cve-2016-0973 cve-2016-0975 cve-2016-0982 cve-2016-0983 cve-2016-0984,,0.0,False,True,85,22,9,,0.0,0.0,0.0,0.0,0.0,0.0,0.0,0.0,0.0,0.0,0.0,0.0,0.0,0.0,0.0,0.0,0.0,0.0,0.0,0.0,0.0,0.0,0.0,0.0,0.0,0.0,0.0,0.0,0.0,1.0,0.0
cve-2016-0984,12/22/2015,2/17/2016 0:00,2/17/2016 0:00,,use-after-fre vulner adob flash player 18.0.329 19.x 20.x 20.0.306 window OS X 11.2.202.569 linux adob air 20.0.260 adob air sdk 20.0.260 adob air sdk compil 20.0.260 allow attack execut arbitrari code via unspecifi vector differ vulner cve-2016-0973 cve-2016-0974 cve-2016-0975 cve-2016-0982 cve-2016-0983,,0.0,False,True,85,22,9,,0.0,0.0,0.0,0.0,0.0,0.0,0.0,0.0,0.0,0.0,0.0,0.0,0.0,0.0,0.0,0.0,0.0,0.0,0.0,0.0,0.0,0.0,0.0,0.0,0.0,0.0,0.0,0.0,0.0,1.0,0.0
cve-2016-10009,12/19/2016,1/5/2017 0:00,12/23/2016 0:00,,untrust search path vulner ssh-agent.c ssh-agent openssh 7.4 allow remot attack execut arbitrari local pkc 11 modul leverag control forward agent-socket,,0.0,False,True,51,1,15,,0.0,0.0,0.0,0.0,0.0,0.0,0.0,0.0,0.0,0.0,0.0,0.0,0.0,0.0,0.0,0.0,0.0,0.0,0.0,0.0,0.0,1.0,0.0,0.0,0.0,0.0,0.0,0.0,0.0,0.0,0.0
cve-2016-10010,12/19/2016,1/5/2017 0:00,12/23/2016 0:00,,sshd openssh 7.4 privileg separ use creat forward unix-domain socket root might allow local user gain privileg via unspecifi vector relat serverloop.c,,0.0,False,True,23,1,12,,0.0,0.0,0.0,0.0,0.0,0.0,0.0,0.0,0.0,1.0,0.0,0.0,0.0,0.0,0.0,0.0,0.0,0.0,0.0,0.0,0.0,0.0,0.0,0.0,0.0,0.0,0.0,0.0,0.0,0.0,0.0
cve-2016-10033,12/22/2016,1/3/2017 0:00,12/26/2016 0:00,,the mailsend function ismail transport phpmailer 5.2.18 might allow remot attack pass extra paramet mail command consequ execut arbitrari code via '' backslash doubl quot craft sender properti,,0.0,False,True,69,3,21,CONFIRM CONFIRM SECTRACK BUGTRAQ ,0.0,0.0,0.0,0.0,0.0,0.0,0.0,0.0,0.0,0.0,0.0,0.0,0.0,0.0,0.0,0.0,0.0,0.0,0.0,0.0,0.0,0.0,0.0,0.0,1.0,0.0,0.0,0.0,0.0,0.0,0.0
cve-2016-10174,1/29/2017,2/24/2017 0:00,12/20/2016 0:00,,the netgear wnr2000v5 router contain buffer overflow hidden_lang_avi paramet invok url /apply.cgi /lang_check.html thi buffer overflow exploit unauthent attack achiev remot code execut,,0.0,False,True,2,2,6,BID ,1.0,0.0,0.0,0.0,0.0,0.0,0.0,0.0,0.0,0.0,0.0,0.0,0.0,0.0,0.0,0.0,0.0,0.0,0.0,0.0,0.0,0.0,0.0,0.0,0.0,0.0,0.0,0.0,0.0,0.0,0.0
cve-2016-10175,1/29/2017,2/24/2017 0:00,12/20/2016 0:00,,the netgear wnr2000v5 router leak serial number perform request /brs_netgear_success.html uri thi serial number allow user obtain administr usernam password use combin cve-2016-10176 vulner allow reset answer password-recoveri question,,0.0,False,True,17,2,5,BID ,0.0,0.0,0.0,0.0,0.0,0.0,1.0,0.0,0.0,0.0,0.0,0.0,0.0,0.0,0.0,0.0,0.0,0.0,0.0,0.0,0.0,0.0,0.0,0.0,0.0,0.0,0.0,0.0,0.0,0.0,0.0
cve-2016-1077,12/22/2015,5/12/2016 0:00,5/10/2016 0:00,,adob reader acrobat 11.0.16 acrobat acrobat reader DC classic 15.006.30172 acrobat acrobat reader DC continu 15.016.20039 window OS X allow attack execut arbitrari code caus denial servic memori corrupt via unspecifi vector differ vulner cve-2016-1037 cve-2016-1063 cve-2016-1064 cve-2016-1071 cve-2016-1072 cve-2016-1073 cve-2016-1074 cve-2016-1076 cve-2016-1078 cve-2016-1080 cve-2016-1081 cve-2016-1082 cve-2016-1083 cve-2016-1084 cve-2016-1085 cve-2016-1086 cve-2016-1088 cve-2016-1093 cve-2016-1095 cve-2016-1116 cve-2016-1118 cve-2016-1119 cve-2016-1120 cve-2016-1123 cve-2016-1124 cve-2016-1125 cve-2016-1126 cve-2016-1127 cve-2016-1128 cve-2016-1129 cve-2016-1130 cve-2016-4088 cve-2016-4089 cve-2016-4090 cve-2016-4093 cve-2016-4094 cve-2016-4096 cve-2016-4097 cve-2016-4098 cve-2016-4099 cve-2016-4100 cve-2016-4101 cve-2016-4103 cve-2016-4104 cve-2016-4105,,0.0,False,True,2,8,5,,1.0,0.0,0.0,0.0,0.0,0.0,0.0,0.0,0.0,0.0,0.0,0.0,0.0,0.0,0.0,0.0,0.0,0.0,0.0,0.0,0.0,0.0,0.0,0.0,0.0,0.0,0.0,0.0,0.0,0.0,0.0
cve-2016-1607,1/12/2016,8/1/2016 0:00,7/25/2016 0:00,,multipl cross-sit request forgeri csrf vulner administr interfac novel filr 2.0 secur updat 2 allow remot attack hijack authent administr demonstr reconfigur time set via vaconfig/tim request,,0.0,False,True,38,2,5,BUGTRAQ ,0.0,0.0,0.0,0.0,0.0,0.0,0.0,0.0,0.0,0.0,0.0,0.0,0.0,0.0,1.0,0.0,0.0,0.0,0.0,0.0,0.0,0.0,0.0,0.0,0.0,0.0,0.0,0.0,0.0,0.0,0.0
cve-2016-1741,1/13/2016,3/25/2016 0:00,3/23/2016 0:00,,the nvidia driver graphic driver subsystem appl OS X 10.11.4 allow attack execut arbitrari code privileg context caus denial servic memori corrupt via craft app,,0.0,False,True,2,1,4,,1.0,0.0,0.0,0.0,0.0,0.0,0.0,0.0,0.0,0.0,0.0,0.0,0.0,0.0,0.0,0.0,0.0,0.0,0.0,0.0,0.0,0.0,0.0,0.0,0.0,0.0,0.0,0.0,0.0,0.0,0.0
cve-2016-1838,1/13/2016,3/25/2019 0:00,2/24/2016 0:00,,the xmlparserprintfilecontextintern function libxml2 2.9.4 use appl io 9.3.2 OS X 10.11.5 tvo 9.2.1 watcho 2.2.1 allow remot attack caus denial servic heap-bas buffer over-read via craft xml document,,0.0,False,True,4,30,24,CONFIRM APPLE CONFIRM CONFIRM CONFIRM APPLE APPLE APPLE DEBIAN UBUNTU REDHAT CONFIRM CONFIRM CONFIRM CONFIRM SECTRACK CONFIRM GENTOO BID REDHAT ,0.0,1.0,0.0,0.0,0.0,0.0,0.0,0.0,0.0,0.0,0.0,0.0,0.0,0.0,0.0,0.0,0.0,0.0,0.0,0.0,0.0,0.0,0.0,0.0,0.0,0.0,0.0,0.0,0.0,0.0,0.0
cve-2016-1839,1/13/2016,3/25/2019 0:00,2/24/2016 0:00,,the xmldictaddstr function libxml2 2.9.4 use appl io 9.3.2 OS X 10.11.5 tvo 9.2.1 watcho 2.2.1 allow remot attack caus denial servic heap-bas buffer over-read via craft xml document,,0.0,False,True,4,30,24,CONFIRM APPLE CONFIRM CONFIRM CONFIRM APPLE APPLE APPLE DEBIAN UBUNTU REDHAT CONFIRM CONFIRM CONFIRM CONFIRM SECTRACK CONFIRM GENTOO SECTRACK BID REDHAT ,0.0,1.0,0.0,0.0,0.0,0.0,0.0,0.0,0.0,0.0,0.0,0.0,0.0,0.0,0.0,0.0,0.0,0.0,0.0,0.0,0.0,0.0,0.0,0.0,0.0,0.0,0.0,0.0,0.0,0.0,0.0
cve-2016-2539,2/23/2016,2/15/2017 0:00,3/7/2016 0:00,,cross-sit request forgeri csrf vulner install_modules.php atutor 2.2.2 allow remot attack hijack authent user request upload arbitrari file execut arbitrari php code via vector involv craft zip file,,0.0,False,True,38,1,3,,0.0,0.0,0.0,0.0,0.0,0.0,0.0,0.0,0.0,0.0,0.0,0.0,0.0,0.0,1.0,0.0,0.0,0.0,0.0,0.0,0.0,0.0,0.0,0.0,0.0,0.0,0.0,0.0,0.0,0.0,0.0
cve-2016-2555,2/24/2016,4/19/2017 0:00,3/1/2016 0:00,,sql inject vulner include/lib/mysql_connect.inc.php atutor 2.2.1 allow remot attack execut arbitrari sql command via searchfriend function friends.inc.php,,0.0,False,True,79,1,5,MISC ,0.0,0.0,0.0,0.0,0.0,0.0,0.0,0.0,0.0,0.0,0.0,0.0,0.0,0.0,0.0,0.0,0.0,0.0,0.0,0.0,0.0,0.0,0.0,0.0,0.0,0.0,0.0,1.0,0.0,0.0,0.0
cve-2016-3081,3/10/2016,5/4/2016 0:00,4/27/2016 0:00,,apach strut 2.3.19 2.3.20.2 2.3.21 2.3.24.1 2.3.25 2.3.28 dynam method invoc enabl allow remot attack execut arbitrari code via method prefix relat chain express,,0.0,False,True,69,57,11,SECTRACK MISC BID CONFIRM ,0.0,0.0,0.0,0.0,0.0,0.0,0.0,0.0,0.0,0.0,0.0,0.0,0.0,0.0,0.0,0.0,0.0,0.0,0.0,0.0,0.0,0.0,0.0,0.0,1.0,0.0,0.0,0.0,0.0,0.0,0.0
cve-2016-3134,3/13/2016,5/5/2016 0:00,3/9/2016 0:00,,the netfilt subsystem linux kernel 4.5.2 valid certain offset field allow local user gain privileg caus denial servic heap memori corrupt via ipt_so_set_replac setsockopt call,,0.0,False,True,2,16,41,CONFIRM SUSE SUSE SUSE SUSE ,1.0,0.0,0.0,0.0,0.0,0.0,0.0,0.0,0.0,0.0,0.0,0.0,0.0,0.0,0.0,0.0,0.0,0.0,0.0,0.0,0.0,0.0,0.0,0.0,0.0,0.0,0.0,0.0,0.0,0.0,0.0
cve-2016-3237,3/15/2016,5/20/2019 0:00,9/22/2016 0:00,,kerbero microsoft window vista sp2 window server 2008 sp2 R2 sp1 window 7 sp1 window 8.1 window server 2012 gold R2 window RT 8.1 window 10 gold 1511 1607 allow man-in-the-middl attack bypass authent via vector relat fallback ntlm authent domain account password chang aka `` kerbero secur featur bypass vulner '',,0.0,False,True,23,12,4,BID SECTRACK ,0.0,0.0,0.0,0.0,0.0,0.0,0.0,0.0,0.0,1.0,0.0,0.0,0.0,0.0,0.0,0.0,0.0,0.0,0.0,0.0,0.0,0.0,0.0,0.0,0.0,0.0,0.0,0.0,0.0,0.0,0.0
cve-2016-3376,3/15/2016,8/5/2021 0:00,10/20/2016 0:00,9/16/2016,the kernel-mod driver microsoft window vista sp2 window server 2008 sp2 R2 sp1 window 7 sp1 window 8.1 window server 2012 gold R2 window RT 8.1 window 10 gold 1511 1607 allow local user gain privileg via craft applic aka `` win32k elev privileg vulner '' differ vulner cve-2016-3266 cve-2016-7185 cve-2016-7211,thi vulner allow remot attack disclos sensit inform vulner instal microsoft window user interact requir exploit vulner target must visit malici page open malici file.th specif flaw exist within msxml By perform action script attack caus pointer reus freed An attack leverag conjunct vulner execut code context current process,4.3,True,True,24,13,3,BID SECTRACK ,0.0,0.0,0.0,0.0,0.0,0.0,0.0,0.0,0.0,0.0,1.0,0.0,0.0,0.0,0.0,0.0,0.0,0.0,0.0,0.0,0.0,0.0,0.0,0.0,0.0,0.0,0.0,0.0,0.0,0.0,0.0
cve-2016-3714,3/30/2016,5/6/2016 0:00,5/3/2016 0:00,,the 1 ephemer 2 http 3 mvg 4 msl 5 text 6 show 7 win 8 plt coder imagemagick 6.9.3-10 7.x 7.0.1-1 allow remot attack execut arbitrari code via shell metacharact craft imag aka `` imagetragick '',,0.0,False,True,16,12,30,SECTRACK CONFIRM CERT-VN MISC CONFIRM CONFIRM UBUNTU REDHAT CONFIRM CONFIRM SUSE DEBIAN SUSE SUSE EXPLOIT-DB SUSE SUSE SUSE SLACKWARE MISC BID GENTOO EXPLOIT-DB DEBIAN BUGTRAQ MISC ,0.0,0.0,0.0,0.0,0.0,1.0,0.0,0.0,0.0,0.0,0.0,0.0,0.0,0.0,0.0,0.0,0.0,0.0,0.0,0.0,0.0,0.0,0.0,0.0,0.0,0.0,0.0,0.0,0.0,0.0,0.0
cve-2016-3861,3/30/2016,9/12/2016 0:00,9/8/2016 0:00,,libutil android 4.x 4.4.4 5.0.x 5.0.2 5.1.x 5.1.1 6.x 2016-09-01 7.0 2016-09-01 mishandl convers unicod charact encod differ encod width allow remot attack execut arbitrari code caus denial servic heap-bas buffer overflow via craft file aka intern bug 29250543,,0.0,False,True,23,23,8,CONFIRM ,0.0,0.0,0.0,0.0,0.0,0.0,0.0,0.0,0.0,1.0,0.0,0.0,0.0,0.0,0.0,0.0,0.0,0.0,0.0,0.0,0.0,0.0,0.0,0.0,0.0,0.0,0.0,0.0,0.0,0.0,0.0
cve-2016-4010,4/13/2016,1/25/2017 0:00,5/18/2016 0:00,,magento CE EE 2.0.6 allow remot attack conduct php object inject attack execut arbitrari php code via craft serial shop cart data,,0.0,False,True,67,2,5,MISC ,0.0,0.0,0.0,0.0,0.0,0.0,0.0,0.0,0.0,0.0,0.0,0.0,0.0,0.0,0.0,0.0,0.0,0.0,0.0,0.0,0.0,0.0,0.0,1.0,0.0,0.0,0.0,0.0,0.0,0.0,0.0
cve-2016-4135,4/27/2016,11/19/2021 0:00,7/11/2016 0:00,,unspecifi vulner adob flash player 21.0.242 earlier use adob flash librari microsoft internet explor 10 11 microsoft edg unknown impact attack vector differ vulner cve list ms16-083,,0.0,False,True,86,34,8,REDHAT CONFIRM SUSE SUSE SUSE SECTRACK EXPLOIT-DB ,0.0,0.0,0.0,0.0,0.0,0.0,0.0,0.0,0.0,0.0,0.0,0.0,0.0,0.0,0.0,0.0,0.0,0.0,0.0,0.0,0.0,0.0,0.0,0.0,0.0,0.0,0.0,0.0,0.0,0.0,1.0
cve-2016-4136,4/27/2016,11/19/2021 0:00,7/11/2016 0:00,,unspecifi vulner adob flash player 21.0.242 earlier use adob flash librari microsoft internet explor 10 11 microsoft edg unknown impact attack vector differ vulner cve list ms16-083,,0.0,False,True,86,34,8,REDHAT CONFIRM SUSE SUSE SUSE SECTRACK ,0.0,0.0,0.0,0.0,0.0,0.0,0.0,0.0,0.0,0.0,0.0,0.0,0.0,0.0,0.0,0.0,0.0,0.0,0.0,0.0,0.0,0.0,0.0,0.0,0.0,0.0,0.0,0.0,0.0,0.0,1.0
cve-2016-4137,4/27/2016,11/19/2021 0:00,7/11/2016 0:00,,unspecifi vulner adob flash player 21.0.242 earlier use adob flash librari microsoft internet explor 10 11 microsoft edg unknown impact attack vector differ vulner cve list ms16-083,,0.0,False,True,86,34,8,REDHAT CONFIRM SUSE SUSE SUSE SECTRACK ,0.0,0.0,0.0,0.0,0.0,0.0,0.0,0.0,0.0,0.0,0.0,0.0,0.0,0.0,0.0,0.0,0.0,0.0,0.0,0.0,0.0,0.0,0.0,0.0,0.0,0.0,0.0,0.0,0.0,0.0,1.0
cve-2016-4138,4/27/2016,11/19/2021 0:00,7/11/2016 0:00,,unspecifi vulner adob flash player 21.0.242 earlier use adob flash librari microsoft internet explor 10 11 microsoft edg unknown impact attack vector differ vulner cve list ms16-083,,0.0,False,True,86,34,8,REDHAT CONFIRM SUSE SUSE SUSE SECTRACK ,0.0,0.0,0.0,0.0,0.0,0.0,0.0,0.0,0.0,0.0,0.0,0.0,0.0,0.0,0.0,0.0,0.0,0.0,0.0,0.0,0.0,0.0,0.0,0.0,0.0,0.0,0.0,0.0,0.0,0.0,1.0
cve-2016-4175,4/27/2016,7/14/2016 0:00,7/13/2016 0:00,,adob flash player 18.0.366 19.x 22.x 22.0.209 window OS X 11.2.202.632 linux allow attack execut arbitrari code caus denial servic memori corrupt via unspecifi vector differ vulner cve-2016-4172 cve-2016-4179 cve-2016-4180 cve-2016-4181 cve-2016-4182 cve-2016-4183 cve-2016-4184 cve-2016-4185 cve-2016-4186 cve-2016-4187 cve-2016-4188 cve-2016-4189 cve-2016-4190 cve-2016-4217 cve-2016-4218 cve-2016-4219 cve-2016-4220 cve-2016-4221 cve-2016-4233 cve-2016-4234 cve-2016-4235 cve-2016-4236 cve-2016-4237 cve-2016-4238 cve-2016-4239 cve-2016-4240 cve-2016-4241 cve-2016-4242 cve-2016-4243 cve-2016-4244 cve-2016-4245 cve-2016-4246,,0.0,False,True,2,18,8,,1.0,0.0,0.0,0.0,0.0,0.0,0.0,0.0,0.0,0.0,0.0,0.0,0.0,0.0,0.0,0.0,0.0,0.0,0.0,0.0,0.0,0.0,0.0,0.0,0.0,0.0,0.0,0.0,0.0,0.0,0.0
cve-2016-4176,4/27/2016,7/14/2016 0:00,7/13/2016 0:00,,adob flash player 18.0.366 19.x 22.x 22.0.209 window OS X 11.2.202.632 linux allow attack execut arbitrari code caus denial servic stack memori corrupt via unspecifi vector differ vulner cve-2016-4177,,0.0,False,True,2,18,8,,1.0,0.0,0.0,0.0,0.0,0.0,0.0,0.0,0.0,0.0,0.0,0.0,0.0,0.0,0.0,0.0,0.0,0.0,0.0,0.0,0.0,0.0,0.0,0.0,0.0,0.0,0.0,0.0,0.0,0.0,0.0
cve-2016-4177,4/27/2016,7/14/2016 0:00,7/13/2016 0:00,,adob flash player 18.0.366 19.x 22.x 22.0.209 window OS X 11.2.202.632 linux allow attack execut arbitrari code caus denial servic stack memori corrupt via unspecifi vector differ vulner cve-2016-4176,,0.0,False,True,2,18,8,,1.0,0.0,0.0,0.0,0.0,0.0,0.0,0.0,0.0,0.0,0.0,0.0,0.0,0.0,0.0,0.0,0.0,0.0,0.0,0.0,0.0,0.0,0.0,0.0,0.0,0.0,0.0,0.0,0.0,0.0,0.0
cve-2016-4179,4/27/2016,7/14/2016 0:00,7/13/2016 0:00,,adob flash player 18.0.366 19.x 22.x 22.0.209 window OS X 11.2.202.632 linux allow attack execut arbitrari code caus denial servic memori corrupt via unspecifi vector differ vulner cve-2016-4172 cve-2016-4175 cve-2016-4180 cve-2016-4181 cve-2016-4182 cve-2016-4183 cve-2016-4184 cve-2016-4185 cve-2016-4186 cve-2016-4187 cve-2016-4188 cve-2016-4189 cve-2016-4190 cve-2016-4217 cve-2016-4218 cve-2016-4219 cve-2016-4220 cve-2016-4221 cve-2016-4233 cve-2016-4234 cve-2016-4235 cve-2016-4236 cve-2016-4237 cve-2016-4238 cve-2016-4239 cve-2016-4240 cve-2016-4241 cve-2016-4242 cve-2016-4243 cve-2016-4244 cve-2016-4245 cve-2016-4246,,0.0,False,True,2,18,8,,1.0,0.0,0.0,0.0,0.0,0.0,0.0,0.0,0.0,0.0,0.0,0.0,0.0,0.0,0.0,0.0,0.0,0.0,0.0,0.0,0.0,0.0,0.0,0.0,0.0,0.0,0.0,0.0,0.0,0.0,0.0
cve-2016-4201,4/27/2016,7/13/2016 0:00,7/13/2016 0:00,,adob reader acrobat 11.0.17 acrobat acrobat reader DC classic 15.006.30198 acrobat acrobat reader DC continu 15.017.20050 window OS X allow attack execut arbitrari code caus denial servic memori corrupt via unspecifi vector differ vulner cve-2016-4191 cve-2016-4192 cve-2016-4193 cve-2016-4194 cve-2016-4195 cve-2016-4196 cve-2016-4197 cve-2016-4198 cve-2016-4199 cve-2016-4200 cve-2016-4202 cve-2016-4203 cve-2016-4204 cve-2016-4205 cve-2016-4206 cve-2016-4207 cve-2016-4208 cve-2016-4211 cve-2016-4212 cve-2016-4213 cve-2016-4214 cve-2016-4250 cve-2016-4251 cve-2016-4252 cve-2016-4254,,0.0,False,True,2,8,4,,1.0,0.0,0.0,0.0,0.0,0.0,0.0,0.0,0.0,0.0,0.0,0.0,0.0,0.0,0.0,0.0,0.0,0.0,0.0,0.0,0.0,0.0,0.0,0.0,0.0,0.0,0.0,0.0,0.0,0.0,0.0
cve-2016-4204,4/27/2016,7/13/2016 0:00,7/13/2016 0:00,,adob reader acrobat 11.0.17 acrobat acrobat reader DC classic 15.006.30198 acrobat acrobat reader DC continu 15.017.20050 window OS X allow attack execut arbitrari code caus denial servic memori corrupt via unspecifi vector differ vulner cve-2016-4191 cve-2016-4192 cve-2016-4193 cve-2016-4194 cve-2016-4195 cve-2016-4196 cve-2016-4197 cve-2016-4198 cve-2016-4199 cve-2016-4200 cve-2016-4201 cve-2016-4202 cve-2016-4203 cve-2016-4205 cve-2016-4206 cve-2016-4207 cve-2016-4208 cve-2016-4211 cve-2016-4212 cve-2016-4213 cve-2016-4214 cve-2016-4250 cve-2016-4251 cve-2016-4252 cve-2016-4254,,0.0,False,True,2,8,4,,1.0,0.0,0.0,0.0,0.0,0.0,0.0,0.0,0.0,0.0,0.0,0.0,0.0,0.0,0.0,0.0,0.0,0.0,0.0,0.0,0.0,0.0,0.0,0.0,0.0,0.0,0.0,0.0,0.0,0.0,0.0
cve-2016-4205,4/27/2016,7/13/2016 0:00,7/13/2016 0:00,,adob reader acrobat 11.0.17 acrobat acrobat reader DC classic 15.006.30198 acrobat acrobat reader DC continu 15.017.20050 window OS X allow attack execut arbitrari code caus denial servic memori corrupt via unspecifi vector differ vulner cve-2016-4191 cve-2016-4192 cve-2016-4193 cve-2016-4194 cve-2016-4195 cve-2016-4196 cve-2016-4197 cve-2016-4198 cve-2016-4199 cve-2016-4200 cve-2016-4201 cve-2016-4202 cve-2016-4203 cve-2016-4204 cve-2016-4206 cve-2016-4207 cve-2016-4208 cve-2016-4211 cve-2016-4212 cve-2016-4213 cve-2016-4214 cve-2016-4250 cve-2016-4251 cve-2016-4252 cve-2016-4254,,0.0,False,True,2,8,4,,1.0,0.0,0.0,0.0,0.0,0.0,0.0,0.0,0.0,0.0,0.0,0.0,0.0,0.0,0.0,0.0,0.0,0.0,0.0,0.0,0.0,0.0,0.0,0.0,0.0,0.0,0.0,0.0,0.0,0.0,0.0
cve-2016-4206,4/27/2016,7/13/2016 0:00,7/13/2016 0:00,,adob reader acrobat 11.0.17 acrobat acrobat reader DC classic 15.006.30198 acrobat acrobat reader DC continu 15.017.20050 window OS X allow attack execut arbitrari code caus denial servic memori corrupt via unspecifi vector differ vulner cve-2016-4191 cve-2016-4192 cve-2016-4193 cve-2016-4194 cve-2016-4195 cve-2016-4196 cve-2016-4197 cve-2016-4198 cve-2016-4199 cve-2016-4200 cve-2016-4201 cve-2016-4202 cve-2016-4203 cve-2016-4204 cve-2016-4205 cve-2016-4207 cve-2016-4208 cve-2016-4211 cve-2016-4212 cve-2016-4213 cve-2016-4214 cve-2016-4250 cve-2016-4251 cve-2016-4252 cve-2016-4254,,0.0,False,True,2,8,4,,1.0,0.0,0.0,0.0,0.0,0.0,0.0,0.0,0.0,0.0,0.0,0.0,0.0,0.0,0.0,0.0,0.0,0.0,0.0,0.0,0.0,0.0,0.0,0.0,0.0,0.0,0.0,0.0,0.0,0.0,0.0
cve-2016-4207,4/27/2016,7/14/2016 0:00,7/13/2016 0:00,,adob reader acrobat 11.0.17 acrobat acrobat reader DC classic 15.006.30198 acrobat acrobat reader DC continu 15.017.20050 window OS X allow attack execut arbitrari code caus denial servic memori corrupt via unspecifi vector differ vulner cve-2016-4191 cve-2016-4192 cve-2016-4193 cve-2016-4194 cve-2016-4195 cve-2016-4196 cve-2016-4197 cve-2016-4198 cve-2016-4199 cve-2016-4200 cve-2016-4201 cve-2016-4202 cve-2016-4203 cve-2016-4204 cve-2016-4205 cve-2016-4206 cve-2016-4208 cve-2016-4211 cve-2016-4212 cve-2016-4213 cve-2016-4214 cve-2016-4250 cve-2016-4251 cve-2016-4252 cve-2016-4254,,0.0,False,True,2,8,4,,1.0,0.0,0.0,0.0,0.0,0.0,0.0,0.0,0.0,0.0,0.0,0.0,0.0,0.0,0.0,0.0,0.0,0.0,0.0,0.0,0.0,0.0,0.0,0.0,0.0,0.0,0.0,0.0,0.0,0.0,0.0
cve-2016-4208,4/27/2016,7/13/2016 0:00,7/13/2016 0:00,,adob reader acrobat 11.0.17 acrobat acrobat reader DC classic 15.006.30198 acrobat acrobat reader DC continu 15.017.20050 window OS X allow attack execut arbitrari code caus denial servic memori corrupt via unspecifi vector differ vulner cve-2016-4191 cve-2016-4192 cve-2016-4193 cve-2016-4194 cve-2016-4195 cve-2016-4196 cve-2016-4197 cve-2016-4198 cve-2016-4199 cve-2016-4200 cve-2016-4201 cve-2016-4202 cve-2016-4203 cve-2016-4204 cve-2016-4205 cve-2016-4206 cve-2016-4207 cve-2016-4211 cve-2016-4212 cve-2016-4213 cve-2016-4214 cve-2016-4250 cve-2016-4251 cve-2016-4252 cve-2016-4254,,0.0,False,True,2,8,4,,1.0,0.0,0.0,0.0,0.0,0.0,0.0,0.0,0.0,0.0,0.0,0.0,0.0,0.0,0.0,0.0,0.0,0.0,0.0,0.0,0.0,0.0,0.0,0.0,0.0,0.0,0.0,0.0,0.0,0.0,0.0
cve-2016-4273,4/27/2016,10/14/2016 0:00,10/12/2016 0:00,,adob flash player 18.0.382 19.x 23.x 23.0.185 window OS X 11.2.202.637 linux allow attack execut arbitrari code caus denial servic memori corrupt via unspecifi vector differ vulner cve-2016-6982 cve-2016-6983 cve-2016-6984 cve-2016-6985 cve-2016-6986 cve-2016-6989 cve-2016-6990,,0.0,False,True,2,21,6,BID GENTOO SECTRACK EXPLOIT-DB REDHAT ,1.0,0.0,0.0,0.0,0.0,0.0,0.0,0.0,0.0,0.0,0.0,0.0,0.0,0.0,0.0,0.0,0.0,0.0,0.0,0.0,0.0,0.0,0.0,0.0,0.0,0.0,0.0,0.0,0.0,0.0,0.0
cve-2016-4311,4/27/2016,2/22/2017 0:00,8/16/2016 0:00,,cross-sit request forgeri csrf vulner xacml flow featur wso2 ident server 5.1 allow remot attack hijack authent privileg user request process xacml request via entitlement/eval-policy-submit.jsp request,,0.0,False,True,38,1,6,BID ,0.0,0.0,0.0,0.0,0.0,0.0,0.0,0.0,0.0,0.0,0.0,0.0,0.0,0.0,1.0,0.0,0.0,0.0,0.0,0.0,0.0,0.0,0.0,0.0,0.0,0.0,0.0,0.0,0.0,0.0,0.0
cve-2016-4314,4/27/2016,2/17/2017 0:00,8/16/2016 0:00,,directori travers vulner logview admin servic wso2 carbon 4.4.5 allow remot authent administr read arbitrari file via .. dot dot logfil paramet downloadgz-ajaxprocessor.jsp,,0.0,False,True,19,1,6,BID ,0.0,0.0,0.0,0.0,0.0,0.0,0.0,1.0,0.0,0.0,0.0,0.0,0.0,0.0,0.0,0.0,0.0,0.0,0.0,0.0,0.0,0.0,0.0,0.0,0.0,0.0,0.0,0.0,0.0,0.0,0.0
cve-2016-4315,4/27/2016,2/17/2017 0:00,8/16/2016 0:00,,cross-sit request forgeri csrf vulner wso2 carbon 4.4.5 allow remot attack hijack authent privileg user request shutdown server via shutdown action server-admin/proxy_ajaxprocessor.jsp,,0.0,False,True,38,1,6,BID ,0.0,0.0,0.0,0.0,0.0,0.0,0.0,0.0,0.0,0.0,0.0,0.0,0.0,0.0,1.0,0.0,0.0,0.0,0.0,0.0,0.0,0.0,0.0,0.0,0.0,0.0,0.0,0.0,0.0,0.0,0.0
cve-2016-4971,5/24/2016,5/5/2021 0:00,7/6/2016 0:00,,gnu wget 1.18 allow remot server write arbitrari file redirect request http craft ftp resourc,,0.0,False,True,86,10,13,UBUNTU CONFIRM BID GENTOO SECTRACK CONFIRM ,0.0,0.0,0.0,0.0,0.0,0.0,0.0,0.0,0.0,0.0,0.0,0.0,0.0,0.0,0.0,0.0,0.0,0.0,0.0,0.0,0.0,0.0,0.0,0.0,0.0,0.0,0.0,0.0,0.0,0.0,1.0
cve-2016-4997,5/24/2016,7/5/2016 0:00,6/3/2016 0:00,,the compat ipt_so_set_replac ip6t_so_set_replac setsockopt implement netfilt subsystem linux kernel 4.6.3 allow local user gain privileg caus denial servic memori corrupt leverag in-contain root access provid craft offset valu trigger unintend decrement,,0.0,False,True,23,17,43,CONFIRM UBUNTU UBUNTU SUSE UBUNTU UBUNTU UBUNTU UBUNTU UBUNTU UBUNTU SUSE UBUNTU UBUNTU UBUNTU SUSE CONFIRM ,0.0,0.0,0.0,0.0,0.0,0.0,0.0,0.0,0.0,1.0,0.0,0.0,0.0,0.0,0.0,0.0,0.0,0.0,0.0,0.0,0.0,0.0,0.0,0.0,0.0,0.0,0.0,0.0,0.0,0.0,0.0
cve-2016-5195,5/31/2016,11/14/2016 0:00,10/19/2016 0:00,,race condit mm/gup.c linux kernel 2.x 4.x 4.8.3 allow local user gain privileg leverag incorrect handl copy-on-writ cow featur write read-onli memori map exploit wild octob 2016 aka `` dirti cow '',,0.0,False,True,41,18,119,CONFIRM MISC CONFIRM CONFIRM MISC CONFIRM MISC CONFIRM CONFIRM MLIST CONFIRM CERT-VN BID CONFIRM CONFIRM CONFIRM CONFIRM EXPLOIT-DB EXPLOIT-DB CONFIRM CONFIRM CONFIRM CONFIRM CONFIRM CONFIRM CONFIRM SECTRACK EXPLOIT-DB EXPLOIT-DB CONFIRM REDHAT REDHAT REDHAT REDHAT REDHAT REDHAT REDHAT REDHAT REDHAT REDHAT REDHAT REDHAT REDHAT REDHAT CONFIRM ,0.0,0.0,0.0,0.0,0.0,0.0,0.0,0.0,0.0,0.0,0.0,0.0,0.0,0.0,0.0,1.0,0.0,0.0,0.0,0.0,0.0,0.0,0.0,0.0,0.0,0.0,0.0,0.0,0.0,0.0,0.0
cve-2016-5348,6/9/2016,10/12/2016 0:00,10/11/2016 0:00,,the gp compon android 4.x 4.4.4 5.0.x 5.0.2 5.1.x 5.1.1 6.x 2016-10-01 7.0 2016-10-01 allow man-in-the-middl attack caus denial servic memori consumpt devic hang reboot via larg xtra.bin xtra2.bin file spoof qualcomm gpsonextra.net izatcloud.net host aka intern bug 29555864,,0.0,False,True,45,23,7,CONFIRM ,0.0,0.0,0.0,0.0,0.0,0.0,0.0,0.0,0.0,0.0,0.0,0.0,0.0,0.0,0.0,0.0,0.0,1.0,0.0,0.0,0.0,0.0,0.0,0.0,0.0,0.0,0.0,0.0,0.0,0.0,0.0
cve-2016-6079,6/29/2016,2/16/2017 0:00,11/4/2016 0:00,,ibm aix 5.3 6.1 7.1 7.2 contain unspecifi vulner would allow local authent user obtain root level privileg ibm apar iv88658 iv87981 iv88419 iv87640 iv88053,,0.0,False,True,23,43,4,,0.0,0.0,0.0,0.0,0.0,0.0,0.0,0.0,0.0,1.0,0.0,0.0,0.0,0.0,0.0,0.0,0.0,0.0,0.0,0.0,0.0,0.0,0.0,0.0,0.0,0.0,0.0,0.0,0.0,0.0,0.0
cve-2016-6186,7/8/2016,8/5/2016 0:00,7/20/2016 0:00,,cross-sit script xss vulner dismisschangerelatedobjectpopup function contrib/admin/static/admin/js/admin/relatedobjectlookups.j django 1.8.14 1.9.x 1.9.8 1.10.x 1.10rc1 allow remot attack inject arbitrari web script html via vector involv unsaf usag element.innerhtml,,0.0,False,True,75,13,17,MISC SECTRACK UBUNTU DEBIAN ,0.0,0.0,0.0,0.0,0.0,0.0,0.0,0.0,0.0,0.0,0.0,0.0,0.0,0.0,0.0,0.0,0.0,0.0,0.0,0.0,0.0,0.0,0.0,0.0,0.0,0.0,1.0,0.0,0.0,0.0,0.0
cve-2016-6277,7/22/2016,12/22/2016 0:00,12/6/2016 0:00,,netgear r6250 1.4.6.beta r6400 1.1.18.beta r6700 1.1.14.beta r6900 r7000 1.7.6.beta r7100lg 1.28.beta r7300dst 1.46.beta r7900 1.1.8.beta r8000 1.3.26.beta d6220 d6400 d7000 possibl router allow remot attack execut arbitrari command via shell metacharact path info cgi-bin/,,0.0,False,True,38,22,8,MISC CERT-VN ,0.0,0.0,0.0,0.0,0.0,0.0,0.0,0.0,0.0,0.0,0.0,0.0,0.0,0.0,1.0,0.0,0.0,0.0,0.0,0.0,0.0,0.0,0.0,0.0,0.0,0.0,0.0,0.0,0.0,0.0,0.0
cve-2016-6503,8/1/2016,8/10/2016 0:00,8/3/2016 0:00,,the corba idl dissector wireshark 2.x 2.0.5 64-bit window platform properli interact visual c++ compil option allow remot attack caus denial servic applic crash via craft packet,,0.0,False,True,16,5,7,CONFIRM ,0.0,0.0,0.0,0.0,0.0,1.0,0.0,0.0,0.0,0.0,0.0,0.0,0.0,0.0,0.0,0.0,0.0,0.0,0.0,0.0,0.0,0.0,0.0,0.0,0.0,0.0,0.0,0.0,0.0,0.0,0.0
cve-2016-6504,8/1/2016,8/10/2016 0:00,8/3/2016 0:00,,epan/dissectors/packet-ncp2222.inc nd dissector wireshark 1.12.x 1.12.13 properli maintain ptvc data structur allow remot attack caus denial servic null pointer derefer applic crash via craft packet,,0.0,False,True,53,13,8,CONFIRM ,0.0,0.0,0.0,0.0,0.0,0.0,0.0,0.0,0.0,0.0,0.0,0.0,0.0,0.0,0.0,0.0,0.0,0.0,0.0,0.0,0.0,0.0,1.0,0.0,0.0,0.0,0.0,0.0,0.0,0.0,0.0
cve-2016-6505,8/1/2016,8/11/2016 0:00,8/3/2016 0:00,,epan/dissectors/packet-packetbb.c packetbb dissector wireshark 1.12.x 1.12.13 2.x 2.0.5 allow remot attack caus denial servic divide-by-zero error applic crash via craft packet,,0.0,False,True,42,18,8,CONFIRM ,0.0,0.0,0.0,0.0,0.0,0.0,0.0,0.0,0.0,0.0,0.0,0.0,0.0,0.0,0.0,0.0,1.0,0.0,0.0,0.0,0.0,0.0,0.0,0.0,0.0,0.0,0.0,0.0,0.0,0.0,0.0
cve-2016-6512,8/1/2016,8/10/2016 0:00,8/3/2016 0:00,,epan/dissectors/packet-wap.c wireshark 2.x 2.0.5 omit overflow check tvb_get_guintvar function allow remot attack caus denial servic infinit loop via craft packet relat mmse wap wbxml wsp dissector,,0.0,False,True,16,5,7,CONFIRM ,0.0,0.0,0.0,0.0,0.0,1.0,0.0,0.0,0.0,0.0,0.0,0.0,0.0,0.0,0.0,0.0,0.0,0.0,0.0,0.0,0.0,0.0,0.0,0.0,0.0,0.0,0.0,0.0,0.0,0.0,0.0
cve-2016-6855,8/18/2016,9/8/2016 0:00,8/23/2016 0:00,,eye gnome aka eog 3.16.5 3.17.x 3.18.x 3.18.3 3.19.x 3.20.x 3.20.4 use glib 2.44.1 allow remot attack caus denial servic out-of-bound write crash via vector involv pass invalid utf-8 gmarkup,,0.0,False,True,74,29,13,SUSE BID UBUNTU FEDORA FEDORA ,0.0,0.0,0.0,0.0,0.0,0.0,0.0,0.0,0.0,0.0,0.0,0.0,0.0,0.0,0.0,0.0,0.0,0.0,0.0,0.0,0.0,0.0,0.0,0.0,0.0,1.0,0.0,0.0,0.0,0.0,0.0
cve-2016-7384,9/9/2016,11/9/2016 0:00,10/31/2016 0:00,,for nvidia quadro nv geforc product nvidia window gpu display driver r340 342.00 r375 375.63 contain vulner kernel mode layer nvlddmkm.si uncheck input/output length uvmlitecontrol devic IO control handl may lead denial servic potenti escal privileg,,0.0,False,True,23,3,4,BID CONFIRM ,0.0,0.0,0.0,0.0,0.0,0.0,0.0,0.0,0.0,1.0,0.0,0.0,0.0,0.0,0.0,0.0,0.0,0.0,0.0,0.0,0.0,0.0,0.0,0.0,0.0,0.0,0.0,0.0,0.0,0.0,0.0
cve-2016-7385,9/9/2016,11/9/2016 0:00,10/31/2016 0:00,,for nvidia quadro nv geforc product nvidia window gpu display driver r340 342.00 r375 375.63 contain vulner kernel mode layer nvlddmkm.si handler dxgddiescap ID 0x700010d valu pass user driver use without valid index intern array lead denial servic potenti escal privileg,,0.0,False,True,23,3,4,BID CONFIRM ,0.0,0.0,0.0,0.0,0.0,0.0,0.0,0.0,0.0,1.0,0.0,0.0,0.0,0.0,0.0,0.0,0.0,0.0,0.0,0.0,0.0,0.0,0.0,0.0,0.0,0.0,0.0,0.0,0.0,0.0,0.0
cve-2016-7386,9/9/2016,11/9/2016 0:00,10/31/2016 0:00,,for nvidia quadro nv geforc product nvidia window gpu display driver r340 342.00 r375 375.63 contain vulner kernel mode layer nvlddmkm.si handler dxgddiescap ID 0x70000d4 may lead leak kernel memori content user space uniniti buffer,,0.0,False,True,17,3,4,BID CONFIRM ,0.0,0.0,0.0,0.0,0.0,0.0,1.0,0.0,0.0,0.0,0.0,0.0,0.0,0.0,0.0,0.0,0.0,0.0,0.0,0.0,0.0,0.0,0.0,0.0,0.0,0.0,0.0,0.0,0.0,0.0,0.0
cve-2016-7387,9/9/2016,11/9/2016 0:00,10/31/2016 0:00,,for nvidia quadro nv geforc product nvidia window gpu display driver r340 342.00 r375 375.63 contain vulner kernel mode layer nvlddmkm.si handler dxgddiescap ID 0x600000d valu pass user driver use without valid index intern array lead denial servic potenti escal privileg,,0.0,False,True,23,3,4,BID CONFIRM ,0.0,0.0,0.0,0.0,0.0,0.0,0.0,0.0,0.0,1.0,0.0,0.0,0.0,0.0,0.0,0.0,0.0,0.0,0.0,0.0,0.0,0.0,0.0,0.0,0.0,0.0,0.0,0.0,0.0,0.0,0.0
cve-2016-7390,9/9/2016,11/9/2016 0:00,10/31/2016 0:00,,for nvidia quadro nv geforc product nvidia window gpu display driver r340 342.00 r375 375.63 contain vulner kernel mode layer nvlddmkm.si handler dxgddiescap ID 0x7000194 valu pass user driver use without valid index intern array lead denial servic potenti escal privileg,,0.0,False,True,23,3,4,BID CONFIRM EXPLOIT-DB ,0.0,0.0,0.0,0.0,0.0,0.0,0.0,0.0,0.0,1.0,0.0,0.0,0.0,0.0,0.0,0.0,0.0,0.0,0.0,0.0,0.0,0.0,0.0,0.0,0.0,0.0,0.0,0.0,0.0,0.0,0.0
cve-2016-7391,9/9/2016,11/9/2016 0:00,10/31/2016 0:00,,for nvidia quadro nv geforc product nvidia window gpu display driver r340 342.00 r375 375.63 contain vulner kernel mode layer nvlddmkm.si handler dxgddiescap ID 0x100010b miss array bound check allow user write kernel memori lead denial servic potenti escal privileg,,0.0,False,True,23,3,4,BID CONFIRM EXPLOIT-DB ,0.0,0.0,0.0,0.0,0.0,0.0,0.0,0.0,0.0,1.0,0.0,0.0,0.0,0.0,0.0,0.0,0.0,0.0,0.0,0.0,0.0,0.0,0.0,0.0,0.0,0.0,0.0,0.0,0.0,0.0,0.0
cve-2016-7866,9/9/2016,12/15/2016 0:00,12/14/2016 0:00,,adob anim version 15.2.1.95 earlier exploit memori corrupt vulner success exploit could lead arbitrari code execut,,0.0,False,True,2,1,7,,1.0,0.0,0.0,0.0,0.0,0.0,0.0,0.0,0.0,0.0,0.0,0.0,0.0,0.0,0.0,0.0,0.0,0.0,0.0,0.0,0.0,0.0,0.0,0.0,0.0,0.0,0.0,0.0,0.0,0.0,0.0
cve-2016-7980,9/9/2016,1/19/2017 0:00,10/20/2016 0:00,,cross-sit request forgeri csrf vulner ecrire/exec/valider_xml.php spip 3.1.2 earlier allow remot attack hijack authent administr request execut xml valid local file via craft valider_xml request note issu combin cve-2016-7998 execut arbitrari php code,,0.0,False,True,38,1,8,MLIST MLIST ,0.0,0.0,0.0,0.0,0.0,0.0,0.0,0.0,0.0,0.0,0.0,0.0,0.0,0.0,1.0,0.0,0.0,0.0,0.0,0.0,0.0,0.0,0.0,0.0,0.0,0.0,0.0,0.0,0.0,0.0,0.0
cve-2016-7982,9/9/2016,1/19/2017 0:00,10/20/2016 0:00,,directori travers vulner ecrire/exec/valider_xml.php spip 3.1.2 earlier allow remot attack enumer file system via var_url paramet valider_xml action,,0.0,False,True,19,1,6,MLIST MLIST BID ,0.0,0.0,0.0,0.0,0.0,0.0,0.0,1.0,0.0,0.0,0.0,0.0,0.0,0.0,0.0,0.0,0.0,0.0,0.0,0.0,0.0,0.0,0.0,0.0,0.0,0.0,0.0,0.0,0.0,0.0,0.0
cve-2016-7998,9/9/2016,1/19/2017 0:00,10/20/2016 0:00,,the spip templat composer/compil spip 3.1.2 earlier allow remot authent user execut arbitrari php code upload html file craft 1 includ 2 inclur tag access valider_xml action,,0.0,False,True,16,1,8,MLIST BID ,0.0,0.0,0.0,0.0,0.0,1.0,0.0,0.0,0.0,0.0,0.0,0.0,0.0,0.0,0.0,0.0,0.0,0.0,0.0,0.0,0.0,0.0,0.0,0.0,0.0,0.0,0.0,0.0,0.0,0.0,0.0
cve-2016-8805,10/18/2016,11/9/2016 0:00,10/31/2016 0:00,,for nvidia quadro nv geforc product nvidia window gpu display driver r340 342.00 r375 375.63 contain vulner kernel mode layer nvlddmkm.si handler dxgddiescap ID 0x7000014 valu pass user driver use without valid index intern array lead denial servic potenti escal privileg,,0.0,False,True,23,3,4,BID CONFIRM EXPLOIT-DB ,0.0,0.0,0.0,0.0,0.0,0.0,0.0,0.0,0.0,1.0,0.0,0.0,0.0,0.0,0.0,0.0,0.0,0.0,0.0,0.0,0.0,0.0,0.0,0.0,0.0,0.0,0.0,0.0,0.0,0.0,0.0
cve-2016-8806,10/18/2016,11/9/2016 0:00,10/31/2016 0:00,,for nvidia quadro nv geforc product nvidia window gpu display driver r340 342.00 r375 375.63 contain vulner kernel mode layer nvlddmkm.si handler dxgddiescap ID 0x5000027 pointer pass user driver use without valid lead denial servic potenti escal privileg,,0.0,False,True,23,3,4,BID CONFIRM EXPLOIT-DB ,0.0,0.0,0.0,0.0,0.0,0.0,0.0,0.0,0.0,1.0,0.0,0.0,0.0,0.0,0.0,0.0,0.0,0.0,0.0,0.0,0.0,0.0,0.0,0.0,0.0,0.0,0.0,0.0,0.0,0.0,0.0
cve-2016-8807,10/18/2016,11/9/2016 0:00,10/31/2016 0:00,,for nvidia quadro nv geforc product nvidia window gpu display driver r340 342.00 r375 375.63 contain vulner kernel mode layer nvlddmkm.si handler dxgddiescap ID 0x10000e9 valu pass user driver use without valid size input memcpi caus stack buffer overflow lead denial servic potenti escal privileg,,0.0,False,True,23,3,4,BID CONFIRM EXPLOIT-DB ,0.0,0.0,0.0,0.0,0.0,0.0,0.0,0.0,0.0,1.0,0.0,0.0,0.0,0.0,0.0,0.0,0.0,0.0,0.0,0.0,0.0,0.0,0.0,0.0,0.0,0.0,0.0,0.0,0.0,0.0,0.0
cve-2016-8808,10/18/2016,11/9/2016 0:00,10/31/2016 0:00,,for nvidia quadro nv geforc product nvidia window gpu display driver r340 342.00 r375 375.63 contain vulner kernel mode layer nvlddmkm.si handler dxgddiescap ID 0x70000d5 valu pass user driver use without valid index intern array lead denial servic potenti escal privileg,,0.0,False,True,23,3,4,BID CONFIRM EXPLOIT-DB ,0.0,0.0,0.0,0.0,0.0,0.0,0.0,0.0,0.0,1.0,0.0,0.0,0.0,0.0,0.0,0.0,0.0,0.0,0.0,0.0,0.0,0.0,0.0,0.0,0.0,0.0,0.0,0.0,0.0,0.0,0.0
cve-2016-8809,10/18/2016,11/9/2016 0:00,10/31/2016 0:00,,for nvidia quadro nv geforc product nvidia window gpu display driver r340 342.00 r375 375.63 contain vulner kernel mode layer nvlddmkm.si handler dxgddiescap ID 0x70001b2 size input buffer valid lead denial servic potenti escal privileg,,0.0,False,True,23,3,4,BID CONFIRM EXPLOIT-DB ,0.0,0.0,0.0,0.0,0.0,0.0,0.0,0.0,0.0,1.0,0.0,0.0,0.0,0.0,0.0,0.0,0.0,0.0,0.0,0.0,0.0,0.0,0.0,0.0,0.0,0.0,0.0,0.0,0.0,0.0,0.0
cve-2016-8810,10/18/2016,11/9/2016 0:00,10/31/2016 0:00,,for nvidia quadro nv geforc product nvidia window gpu display driver r340 342.00 r375 375.63 contain vulner kernel mode layer nvlddmkm.si handler dxgddiescap ID 0x100009a valu pass user driver use without valid index intern array lead denial servic potenti escal privileg,,0.0,False,True,23,3,4,BID CONFIRM EXPLOIT-DB ,0.0,0.0,0.0,0.0,0.0,0.0,0.0,0.0,0.0,1.0,0.0,0.0,0.0,0.0,0.0,0.0,0.0,0.0,0.0,0.0,0.0,0.0,0.0,0.0,0.0,0.0,0.0,0.0,0.0,0.0,0.0
cve-2016-8811,10/18/2016,11/9/2016 0:00,10/31/2016 0:00,,for nvidia quadro nv geforc product nvidia window gpu display driver r340 342.00 r375 375.63 contain vulner kernel mode layer nvlddmkm.si handler dxgddiescap ID 0x7000170 size input buffer valid lead denial servic potenti escal privileg,,0.0,False,True,23,3,4,BID CONFIRM EXPLOIT-DB ,0.0,0.0,0.0,0.0,0.0,0.0,0.0,0.0,0.0,1.0,0.0,0.0,0.0,0.0,0.0,0.0,0.0,0.0,0.0,0.0,0.0,0.0,0.0,0.0,0.0,0.0,0.0,0.0,0.0,0.0,0.0
cve-2016-8812,10/18/2016,11/9/2016 0:00,10/31/2016 0:00,,for nvidia quadro nv geforc product nvidia geforc experi r340 gfe 2.11.4.125 r375 gfe 3.1.52 contain vulner kernel mode layer nvstreamkms.si allow user caus stack buffer overflow special craft execut path lead denial servic escal privileg,,0.0,False,True,2,40,3,BID ,1.0,0.0,0.0,0.0,0.0,0.0,0.0,0.0,0.0,0.0,0.0,0.0,0.0,0.0,0.0,0.0,0.0,0.0,0.0,0.0,0.0,0.0,0.0,0.0,0.0,0.0,0.0,0.0,0.0,0.0,0.0
cve-2016-8869,10/21/2016,11/7/2016 0:00,10/25/2016 0:00,,the regist method usersmodelregistr class controllers/user.php user compon joomla 3.6.4 allow remot attack gain privileg leverag incorrect use unfilt data regist site,,0.0,False,True,16,1,8,MISC CONFIRM SECTRACK BID ,0.0,0.0,0.0,0.0,0.0,1.0,0.0,0.0,0.0,0.0,0.0,0.0,0.0,0.0,0.0,0.0,0.0,0.0,0.0,0.0,0.0,0.0,0.0,0.0,0.0,0.0,0.0,0.0,0.0,0.0,0.0
cve-2016-9566,11/22/2016,12/16/2016 0:00,12/15/2016 0:00,,base/logging.c nagio core 4.2.4 allow local user access account nagio group gain root privileg via symlink attack log file note leverag remot attack use cve-2016-9565,,0.0,False,True,23,1,18,CONFIRM BID FULLDISC ,0.0,0.0,0.0,0.0,0.0,0.0,0.0,0.0,0.0,1.0,0.0,0.0,0.0,0.0,0.0,0.0,0.0,0.0,0.0,0.0,0.0,0.0,0.0,0.0,0.0,0.0,0.0,0.0,0.0,0.0,0.0
